acc,disprot_id,organism,ncbi_taxon_id,group,protein_name,gene,length,seq_len_check,n_regions,n_disorder_res_D,n_disorder_res_D_or_S,D_exp,D_exp_ambiguous,disorder_content_source,af_very_low_content,af_available,has_ambiguous_S,uniparc,uniref50,released,source_file
P49913,DP00004,Homo sapiens,9606,Human,Cathelicidin antimicrobial peptide,CAMP,170,170,6,37,37,0.21764705882352942,0.21764705882352942,0.21764705882352942,0.023529411764705882,True,False,UPI0000000A67,UniRef50_P49913,2016_10,disprot_taxon_9606_homo_sapiens.json
P27695,DP00007,Homo sapiens,9606,Human,DNA-(apurinic or apyrimidinic site) lyase,APEX1,318,318,10,43,43,0.13522012578616352,0.13522012578616352,0.13522012578616352,0.1132075471698113,True,False,UPI0000125C38,UniRef50_P27695,2016_10,disprot_taxon_9606_homo_sapiens.json
P0DMM9,DP00011,Homo sapiens,9606,Human,Sulfotransferase 1A3,SULT1A3,295,295,7,60,60,0.2033898305084746,0.2033898305084746,0.2033898305084746,0.01694915254237288,True,False,UPI0000046BED,UniRef50_P0DMM9,2016_10,disprot_taxon_9606_homo_sapiens.json
P13569,DP00012,Homo sapiens,9606,Human,Cystic fibrosis transmembrane conductance regulator,CFTR,1480,1480,30,185,185,0.125,0.125,0.125,0.17432432432432432,True,False,UPI00001428B9,UniRef50_P13569,2016_10,disprot_taxon_9606_homo_sapiens.json
P0DN86,DP00013,Homo sapiens,9606,Human,Choriogonadotropin subunit beta 3,CGB3,165,165,6,34,34,0.20606060606060606,0.20606060606060606,0.20606060606060606,0.1393939393939394,True,False,UPI0000035497,UniRef50_P0DN86,2016_10,disprot_taxon_9606_homo_sapiens.json
P38936,DP00016,Homo sapiens,9606,Human,Cyclin-dependent kinase inhibitor 1,CDKN1A,164,164,42,164,164,1.0,1.0,1.0,0.2621951219512195,True,False,UPI00004E1857,UniRef50_P38936,2016_10,disprot_taxon_9606_homo_sapiens.json
P49918,DP00017,Homo sapiens,9606,Human,Cyclin-dependent kinase inhibitor 1C,CDKN1C,316,316,19,316,316,1.0,1.0,1.0,0.2689873417721519,True,False,UPI0000127442,UniRef50_P49918,2016_10,disprot_taxon_9606_homo_sapiens.json
P46527,DP00018,Homo sapiens,9606,Human,Cyclin-dependent kinase inhibitor 1B,CDKN1B,198,198,57,198,198,1.0,1.0,1.0,0.2222222222222222,True,False,UPI0000035C92,UniRef50_P46527,2016_10,disprot_taxon_9606_homo_sapiens.json
P14061,DP00023,Homo sapiens,9606,Human,Estradiol 17-beta-dehydrogenase 1,HSD17B1,328,328,8,43,43,0.13109756097560976,0.13109756097560976,0.13109756097560976,0.1189024390243902,True,False,UPI00001108EB,UniRef50_P14061,2016_10,disprot_taxon_9606_homo_sapiens.json
Q13541,DP00028,Homo sapiens,9606,Human,Eukaryotic translation initiation factor 4E-binding protein 1,EIF4EBP1,118,118,46,118,118,1.0,1.0,1.0,0.211864406779661,True,False,UPI000058E2E5,UniRef50_Q13541,2016_10,disprot_taxon_9606_homo_sapiens.json
P04150,DP00030,Homo sapiens,9606,Human,Glucocorticoid receptor,NR3C1,777,777,22,518,518,0.6666666666666666,0.6666666666666666,0.6666666666666666,0.5572715572715573,True,False,UPI000012B301,UniRef50_P04150,2016_10,disprot_taxon_9606_homo_sapiens.json
P10912,DP00033,Homo sapiens,9606,Human,Growth hormone receptor,GHR,638,638,11,351,351,0.5501567398119123,0.5501567398119123,0.5501567398119123,0.512539184952978,True,False,UPI000012B416,UniRef50_P10912,2016_10,disprot_taxon_9606_homo_sapiens.json
P17096,DP00040,Homo sapiens,9606,Human,High mobility group protein HMG-I/HMG-Y,HMGA1,107,107,42,107,107,1.0,1.0,1.0,0.009345794392523364,True,False,UPI000012CA33,UniRef50_P17096,2016_10,disprot_taxon_9606_homo_sapiens.json
P78356,DP00054,Homo sapiens,9606,Human,Phosphatidylinositol 5-phosphate 4-kinase type-2 beta,PIP4K2B,416,416,5,90,90,0.21634615384615385,0.21634615384615385,0.21634615384615385,0.1346153846153846,True,False,UPI0000032D92,UniRef50_P78356,2016_10,disprot_taxon_9606_homo_sapiens.json
P27694,DP00061,Homo sapiens,9606,Human,Replication protein A 70 kDa DNA-binding subunit,RPA1,616,616,8,76,76,0.12337662337662338,0.12337662337662338,0.12337662337662338,0.11525974025974026,True,False,UPI00001739BE,UniRef50_P27694,2016_10,disprot_taxon_9606_homo_sapiens.json
P19793,DP00062,Homo sapiens,9606,Human,Retinoic acid receptor RXR-alpha,RXRA,462,462,27,151,151,0.3268398268398268,0.3268398268398268,0.3268398268398268,0.3051948051948052,True,False,UPI0000042A9A,UniRef50_P19793,2016_10,disprot_taxon_9606_homo_sapiens.json
P63027,DP00069,Homo sapiens,9606,Human,Vesicle-associated membrane protein 2,VAMP2,116,116,7,28,28,0.2413793103448276,0.2413793103448276,0.2413793103448276,0.0344827586206896,True,False,UPI00001380F0,UniRef50_P63027,2016_10,disprot_taxon_9606_homo_sapiens.json
P37840,DP00070,Homo sapiens,9606,Human,Alpha-synuclein,SNCA,140,140,40,140,140,1.0,1.0,1.0,0.14285714285714285,True,False,UPI000003173B,UniRef50_P37840,2016_10,disprot_taxon_9606_homo_sapiens.json
Q8WZ42,DP00072,Homo sapiens,9606,Human,Titin,TTN,34350,34350,4,2152,2152,0.06264919941775837,0.06264919941775837,0.06264919941775837,,False,False,UPI00001100FC,UniRef50_Q8WZ42,2016_10,disprot_taxon_9606_homo_sapiens.json
P04818,DP00073,Homo sapiens,9606,Human,Thymidylate synthase,TYMS,313,313,15,49,49,0.15654952076677317,0.15654952076677317,0.15654952076677317,0.0127795527156549,True,False,UPI0000001225,UniRef50_P04818,2016_10,disprot_taxon_9606_homo_sapiens.json
P03372,DP00074,Homo sapiens,9606,Human,Estrogen receptor,ESR1,595,595,19,236,236,0.39663865546218485,0.39663865546218485,0.39663865546218485,0.4672268907563025,True,False,UPI0000040F02,UniRef50_P03372,2016_10,disprot_taxon_9606_homo_sapiens.json
P11387,DP00075,Homo sapiens,9606,Human,DNA topoisomerase 1,TOP1,765,765,22,306,306,0.4,0.4,0.4,0.2601307189542484,True,False,UPI00001421A9,UniRef50_P11387,2016_10,disprot_taxon_9606_homo_sapiens.json
P01100,DP00078,Homo sapiens,9606,Human,Proto-oncogene c-Fos,FOS,380,380,3,165,165,0.4342105263157895,0.4342105263157895,0.4342105263157895,0.5394736842105263,True,False,UPI000000D8F5,UniRef50_P01100,2016_10,disprot_taxon_9606_homo_sapiens.json
Q92731,DP00079,Homo sapiens,9606,Human,Estrogen receptor beta,ESR2,530,530,6,103,103,0.19433962264150945,0.19433962264150945,0.19433962264150945,0.4037735849056604,True,False,UPI000002EA37,UniRef50_Q62986-5,2016_10,disprot_taxon_9606_homo_sapiens.json
P61244,DP00084,Homo sapiens,9606,Human,Protein max,MAX,160,160,20,79,79,0.49375,0.49375,0.49375,0.0125,True,False,UPI0000000C63,UniRef50_P61244,2016_10,disprot_taxon_9606_homo_sapiens.json
Q04206,DP00085,Homo sapiens,9606,Human,Transcription factor p65,RELA,551,551,4,124,124,0.2250453720508167,0.2250453720508167,0.2250453720508167,0.33575317604355714,True,False,UPI0000136C5A,UniRef50_Q04206,2016_10,disprot_taxon_9606_homo_sapiens.json
P04637,DP00086,Homo sapiens,9606,Human,Cellular tumor antigen p53,TP53,393,393,93,148,148,0.37659033078880405,0.37659033078880405,0.37659033078880405,0.3104325699745547,True,False,UPI000014AEB2,UniRef50_P04637,2016_10,disprot_taxon_9606_homo_sapiens.json
Q14722,DP00090,Homo sapiens,9606,Human,Voltage-gated potassium channel subunit beta-1,KCNAB1,419,419,4,62,62,0.14797136038186157,0.14797136038186157,0.14797136038186157,0.12171837708830549,True,False,UPI000012E169,UniRef50_Q14722,2016_10,disprot_taxon_9606_homo_sapiens.json
Q08209,DP00092,Homo sapiens,9606,Human,Serine/threonine-protein phosphatase 2B catalytic subunit alpha isoform,PPP3CA,521,521,47,144,144,0.2763915547024952,0.2763915547024952,0.2763915547024952,0.0767754318618042,True,False,UPI0000110660,UniRef50_Q08209,2016_10,disprot_taxon_9606_homo_sapiens.json
P50440,DP00099,Homo sapiens,9606,Human,"Glycine amidinotransferase, mitochondrial",GATM,423,423,1,26,26,0.061465721040189124,0.061465721040189124,0.061465721040189124,0.13238770685579196,True,False,UPI0000111EFD,UniRef50_P50440,2016_10,disprot_taxon_9606_homo_sapiens.json
P10163,DP00119,Homo sapiens,9606,Human,Basic salivary proline-rich protein 4,PRB4,310,310,3,294,294,0.9483870967741935,0.9483870967741935,0.9483870967741935,0.4,True,False,UPI00015B3CEA,UniRef50_Q04118,2016_10,disprot_taxon_9606_homo_sapiens.json
P01730,DP00123,Homo sapiens,9606,Human,T-cell surface glycoprotein CD4,CD4,458,458,16,38,62,0.08296943231441048,0.13537117903930132,0.13537117903930132,0.0851528384279476,True,True,UPI0000001294,UniRef50_P01730,2016_10,disprot_taxon_9606_homo_sapiens.json
P22531,DP00130,Homo sapiens,9606,Human,Small proline-rich protein 2E,SPRR2E,72,72,13,44,44,0.6111111111111112,0.6111111111111112,0.6111111111111112,0.0,True,False,UPI0000135D76,UniRef50_P22531,2016_10,disprot_taxon_9606_homo_sapiens.json
Q06787,DP00134,Homo sapiens,9606,Human,Synaptic functional regulator FMR1,FMR1,632,632,22,331,331,0.5237341772151899,0.5237341772151899,0.5237341772151899,0.3987341772151899,True,False,UPI000012AACA,UniRef50_Q06787,2016_10,disprot_taxon_9606_homo_sapiens.json
P12272,DP00138,Homo sapiens,9606,Human,Parathyroid hormone-related protein,PTHLH,177,177,10,91,91,0.5141242937853108,0.5141242937853108,0.5141242937853108,0.1977401129943503,True,False,UPI0000047E25,UniRef50_P12272,2016_10,disprot_taxon_9606_homo_sapiens.json
O95405,DP00141,Homo sapiens,9606,Human,Zinc finger FYVE domain-containing protein 9,ZFYVE9,1425,1425,6,58,58,0.04070175438596491,0.04070175438596491,0.04070175438596491,0.5368421052631579,True,False,UPI0000167B33,UniRef50_O95405,2016_10,disprot_taxon_9606_homo_sapiens.json
Q13426,DP00152,Homo sapiens,9606,Human,DNA repair protein XRCC4,XRCC4,336,336,11,135,135,0.4017857142857143,0.4017857142857143,0.4017857142857143,0.31845238095238093,True,False,UPI0000072B0A,UniRef50_Q13426,2016_10,disprot_taxon_9606_homo_sapiens.json
P01112,DP00153,Homo sapiens,9606,Human,GTPase HRas,HRAS,189,189,21,20,20,0.10582010582010581,0.10582010582010581,0.10582010582010581,0.06349206349206349,True,False,UPI0000001251,UniRef50_P01112,2016_10,disprot_taxon_9606_homo_sapiens.json
P54725,DP00156,Homo sapiens,9606,Human,UV excision repair protein RAD23 homolog A,RAD23A,363,363,6,147,147,0.4049586776859504,0.4049586776859504,0.4049586776859504,0.3140495867768595,True,False,UPI000000D7F7,UniRef50_P54725,2016_10,disprot_taxon_9606_homo_sapiens.json
O75324,DP00162,Homo sapiens,9606,Human,Stannin,SNN,88,88,5,27,27,0.3068181818181818,0.3068181818181818,0.3068181818181818,0.2159090909090909,True,False,UPI0000001656,UniRef50_O75324,2016_10,disprot_taxon_9606_homo_sapiens.json
P19429,DP00166,Homo sapiens,9606,Human,"Troponin I, cardiac muscle",TNNI3,210,210,11,96,96,0.45714285714285713,0.45714285714285713,0.45714285714285713,0.02857142857142857,True,False,UPI00001373A1,UniRef50_P19429,2016_10,disprot_taxon_9606_homo_sapiens.json
Q9NVS9,DP00168,Homo sapiens,9606,Human,Pyridoxine-5'-phosphate oxidase,PNPO,261,261,3,48,48,0.1839080459770115,0.1839080459770115,0.1839080459770115,0.09961685823754789,True,False,UPI000004A13F,UniRef50_Q9NVS9,2016_10,disprot_taxon_9606_homo_sapiens.json
P04049,DP00171,Homo sapiens,9606,Human,RAF proto-oncogene serine/threonine-protein kinase,RAF1,648,648,10,20,20,0.030864197530864196,0.030864197530864196,0.030864197530864196,0.3503086419753086,True,False,UPI0000049CFC,UniRef50_P04049,2016_10,disprot_taxon_9606_homo_sapiens.json
O00273,DP00173,Homo sapiens,9606,Human,DNA fragmentation factor subunit alpha,DFFA,331,331,8,100,100,0.3021148036253776,0.3021148036253776,0.3021148036253776,0.1782477341389728,True,False,UPI00001291FA,UniRef50_O00273,2016_10,disprot_taxon_9606_homo_sapiens.json
Q9NQB0,DP00175,Homo sapiens,9606,Human,Transcription factor 7-like 2,TCF7L2,619,619,29,130,130,0.210016155088853,0.210016155088853,0.210016155088853,0.6203554119547657,True,False,UPI0000161083,UniRef50_Q9NQB0,2016_10,disprot_taxon_9606_homo_sapiens.json
Q9Y5B0,DP00177,Homo sapiens,9606,Human,RNA polymerase II subunit A C-terminal domain phosphatase,CTDP1,961,961,10,83,83,0.08636836628511967,0.08636836628511967,0.08636836628511967,0.4599375650364204,True,False,UPI0000071F1B,UniRef50_Q9Y5B0,2016_10,disprot_taxon_9606_homo_sapiens.json
P11473,DP00184,Homo sapiens,9606,Human,Vitamin D3 receptor,VDR,427,427,7,51,51,0.11943793911007025,0.11943793911007025,0.11943793911007025,0.1686182669789227,True,False,UPI000003C12F,UniRef50_P11473,2016_10,disprot_taxon_9606_homo_sapiens.json
P20810,DP00196,Homo sapiens,9606,Human,Calpastatin,CAST,708,708,11,141,141,0.19915254237288135,0.19915254237288135,0.19915254237288135,0.4435028248587571,True,False,UPI000016A731,UniRef50_P20810,2016_10,disprot_taxon_9606_homo_sapiens.json
P20963,DP00200,Homo sapiens,9606,Human,T-cell surface glycoprotein CD3 zeta chain,CD247,164,164,9,116,116,0.7073170731707317,0.7073170731707317,0.7073170731707317,0.21341463414634146,True,False,UPI0000158590,UniRef50_P20963,2016_10,disprot_taxon_9606_homo_sapiens.json
P10451,DP00214,Homo sapiens,9606,Human,Osteopontin,SPP1,314,314,20,314,314,1.0,1.0,1.0,0.3821656050955414,True,False,UPI0000000E0B,UniRef50_P10451,2016_10,disprot_taxon_9606_homo_sapiens.json
O60927,DP00219,Homo sapiens,9606,Human,E3 ubiquitin-protein ligase PPP1R11,PPP1R11,126,126,6,126,126,1.0,1.0,1.0,0.10317460317460317,True,False,UPI000000D734,UniRef50_O60927,2016_10,disprot_taxon_9606_homo_sapiens.json
P14635,DP00223,Homo sapiens,9606,Human,G2/mitotic-specific cyclin-B1,CCNB1,433,433,6,78,78,0.18013856812933027,0.18013856812933027,0.18013856812933027,0.302540415704388,True,False,UPI00001275A9,UniRef50_P14635,2016_10,disprot_taxon_9606_homo_sapiens.json
P05455,DP00229,Homo sapiens,9606,Human,Lupus La protein,SSB,408,408,7,83,83,0.2034313725490196,0.2034313725490196,0.2034313725490196,0.18382352941176472,True,False,UPI0000072D81,UniRef50_P05455,2016_10,disprot_taxon_9606_homo_sapiens.json
Q14449,DP00230,Homo sapiens,9606,Human,Growth factor receptor-bound protein 14,GRB14,540,540,4,75,75,0.1388888888888889,0.1388888888888889,0.1388888888888889,0.26296296296296295,True,False,UPI000012BA85,UniRef50_Q14449,2016_10,disprot_taxon_9606_homo_sapiens.json
P14859,DP00231,Homo sapiens,9606,Human,"POU domain, class 2, transcription factor 1",POU2F1,743,743,8,225,225,0.3028263795423957,0.3028263795423957,0.3028263795423957,0.7375504710632571,True,False,UPI0000163B4E,UniRef50_P14859,2016_10,disprot_taxon_9606_homo_sapiens.json
P02686,DP00236,Homo sapiens,9606,Human,Myelin basic protein,MBP,304,304,10,171,171,0.5625,0.5625,0.5625,0.3815789473684211,True,False,UPI0000113626,UniRef50_P02686,2016_10,disprot_taxon_9606_homo_sapiens.json
P38398,DP00238,Homo sapiens,9606,Human,Breast cancer type 1 susceptibility protein,BRCA1,1863,1863,29,1550,1550,0.8319914117015567,0.8319914117015567,0.8319914117015567,0.8030059044551798,True,False,UPI0000126AC8,UniRef50_P38398,2016_10,disprot_taxon_9606_homo_sapiens.json
P35611,DP00240,Homo sapiens,9606,Human,Alpha-adducin,ADD1,737,737,5,308,308,0.417910447761194,0.417910447761194,0.417910447761194,0.4287652645861601,True,False,UPI0000161BC8,UniRef50_P35611,2016_10,disprot_taxon_9606_homo_sapiens.json
P35612,DP00241,Homo sapiens,9606,Human,Beta-adducin,ADD2,726,726,13,318,318,0.4380165289256198,0.4380165289256198,0.4380165289256198,0.3856749311294766,True,False,UPI0000125503,UniRef50_P35612,2016_10,disprot_taxon_9606_homo_sapiens.json
P23025,DP00243,Homo sapiens,9606,Human,DNA repair protein complementing XP-A cells,XPA,273,273,8,125,125,0.45787545787545786,0.45787545787545786,0.45787545787545786,0.10622710622710622,True,False,UPI0000043B7A,UniRef50_P23025,2016_10,disprot_taxon_9606_homo_sapiens.json
P01106-1,DP00260,Homo sapiens,9606,Human,Myc proto-oncogene protein,MYC,439,439,41,254,254,0.5785876993166287,0.5785876993166287,0.5785876993166287,0.3690205011389522,True,False,UPI0000000C1A,UniRef50_P01106,2016_10,disprot_taxon_9606_homo_sapiens.json
Q16665,DP00262,Homo sapiens,9606,Human,Hypoxia-inducible factor 1-alpha,HIF1A,826,826,26,347,347,0.42009685230024213,0.42009685230024213,0.42009685230024213,0.5096852300242131,True,False,UPI0000000A06,UniRef50_Q16665,2016_10,disprot_taxon_9606_homo_sapiens.json
Q04656,DP00282,Homo sapiens,9606,Human,Copper-transporting ATPase 1,ATP7A,1500,1500,1,52,52,0.034666666666666665,0.034666666666666665,0.034666666666666665,0.15933333333333333,True,False,UPI0000161BB8,UniRef50_Q04656,2016_10,disprot_taxon_9606_homo_sapiens.json
P40337,DP00287,Homo sapiens,9606,Human,von Hippel-Lindau disease tumor suppressor,VHL,213,213,69,213,213,1.0,1.0,1.0,0.1267605633802817,True,False,UPI0000146537,UniRef50_P40337,2016_10,disprot_taxon_9606_homo_sapiens.json
P10415,DP00297,Homo sapiens,9606,Human,Apoptosis regulator Bcl-2,BCL2,239,239,4,23,23,0.09623430962343096,0.09623430962343096,0.09623430962343096,0.2384937238493724,True,False,UPI000002F8D7,UniRef50_P10415,2016_10,disprot_taxon_9606_homo_sapiens.json
Q07817,DP00298,Homo sapiens,9606,Human,Bcl-2-like protein 1,BCL2L1,233,233,10,56,56,0.24034334763948498,0.24034334763948498,0.24034334763948498,0.296137339055794,True,False,UPI0000000CEC,UniRef50_Q07817,2016_10,disprot_taxon_9606_homo_sapiens.json
P31751,DP00304,Homo sapiens,9606,Human,RAC-beta serine/threonine-protein kinase,AKT2,481,481,8,69,69,0.14345114345114346,0.14345114345114346,0.14345114345114346,0.11226611226611227,True,False,UPI000016AFC1,UniRef50_P31751,2016_10,disprot_taxon_9606_homo_sapiens.json
Q07108,DP00306,Homo sapiens,9606,Human,Early activation antigen CD69,CD69,199,199,3,21,21,0.10552763819095477,0.10552763819095477,0.10552763819095477,0.1708542713567839,True,False,UPI00000622D7,UniRef50_Q07108,2016_10,disprot_taxon_9606_homo_sapiens.json
P51946,DP00307,Homo sapiens,9606,Human,Cyclin-H,CCNH,323,323,4,46,46,0.14241486068111456,0.14241486068111456,0.14241486068111456,0.1021671826625387,True,False,UPI0000048D5B,UniRef50_P51946,2016_10,disprot_taxon_9606_homo_sapiens.json
P06132,DP00308,Homo sapiens,9606,Human,Uroporphyrinogen decarboxylase,UROD,367,367,2,10,10,0.027247956403269755,0.027247956403269755,0.027247956403269755,0.010899182561307902,True,False,UPI000016B2D1,UniRef50_P06132,2016_10,disprot_taxon_9606_homo_sapiens.json
P00533,DP00309,Homo sapiens,9606,Human,Epidermal growth factor receptor,EGFR,1210,1210,12,543,543,0.4487603305785124,0.4487603305785124,0.4487603305785124,0.21735537190082643,True,False,UPI0000050F30,UniRef50_P00533,2016_10,disprot_taxon_9606_homo_sapiens.json
P62495,DP00310,Homo sapiens,9606,Human,Eukaryotic peptide chain release factor subunit 1,ETF1,437,437,5,68,68,0.15560640732265446,0.15560640732265446,0.15560640732265446,0.041189931350114416,True,False,UPI00001110CB,UniRef50_P62495,2016_10,disprot_taxon_9606_homo_sapiens.json
P24071,DP00311,Homo sapiens,9606,Human,Immunoglobulin alpha Fc receptor,FCAR,287,287,1,13,13,0.04529616724738676,0.04529616724738676,0.04529616724738676,0.08362369337979095,True,False,UPI000011B429,UniRef50_P24071,2016_10,disprot_taxon_9606_homo_sapiens.json
Q9UJY5,DP00314,Homo sapiens,9606,Human,ADP-ribosylation factor-binding protein GGA1,GGA1,639,639,4,70,70,0.10954616588419405,0.10954616588419405,0.10954616588419405,0.29264475743348983,True,False,UPI0000001BEE,UniRef50_Q9UJY5,2016_10,disprot_taxon_9606_homo_sapiens.json
O43464,DP00315,Homo sapiens,9606,Human,"Serine protease HTRA2, mitochondrial",HTRA2,458,458,10,28,28,0.0611353711790393,0.0611353711790393,0.0611353711790393,0.32096069868995636,True,False,UPI0000155ED6,UniRef50_O43464,2016_10,disprot_taxon_9606_homo_sapiens.json
O15350,DP00319,Homo sapiens,9606,Human,Tumor protein p73,TP73,636,636,2,16,16,0.025157232704402517,0.025157232704402517,0.025157232704402517,0.4716981132075472,True,False,UPI000002E988,UniRef50_O15350,2016_10,disprot_taxon_9606_homo_sapiens.json
P05121,DP00320,Homo sapiens,9606,Human,Plasminogen activator inhibitor 1,SERPINE1,402,402,4,16,16,0.03980099502487562,0.03980099502487562,0.03980099502487562,0.08208955223880597,True,False,UPI0000000CAB,UniRef50_P20961,2016_10,disprot_taxon_9606_homo_sapiens.json
Q9UM07,DP00321,Homo sapiens,9606,Human,Protein-arginine deiminase type-4,PADI4,663,663,11,65,65,0.09803921568627451,0.09803921568627451,0.09803921568627451,0.012066365007541479,True,False,UPI00001314B5,UniRef50_Q9UM07,2016_10,disprot_taxon_9606_homo_sapiens.json
P11309,DP00322,Homo sapiens,9606,Human,Serine/threonine-protein kinase pim-1,PIM1,313,313,1,18,18,0.05750798722044728,0.05750798722044728,0.05750798722044728,0.11182108626198083,True,False,,UniRef50_P11309,2016_10,disprot_taxon_9606_homo_sapiens.json
O75469,DP00323,Homo sapiens,9606,Human,Nuclear receptor subfamily 1 group I member 2,NR1I2,434,434,2,32,32,0.07373271889400922,0.07373271889400922,0.07373271889400922,0.12442396313364056,True,False,UPI0000001272,UniRef50_O75469,2016_10,disprot_taxon_9606_homo_sapiens.json
P09651,DP00324,Homo sapiens,9606,Human,Heterogeneous nuclear ribonucleoprotein A1,HNRNPA1,372,372,26,42,42,0.11290322580645161,0.11290322580645161,0.11290322580645161,0.4650537634408602,True,False,UPI000016B2CF,UniRef50_P09651,2016_10,disprot_taxon_9606_homo_sapiens.json
O14832,DP00327,Homo sapiens,9606,Human,"Phytanoyl-CoA dioxygenase, peroxisomal",PHYH,338,338,4,39,39,0.11538461538461539,0.11538461538461539,0.11538461538461539,0.026627218934911243,True,False,UPI0000131215,UniRef50_O14832,2016_10,disprot_taxon_9606_homo_sapiens.json
P21815,DP00332,Homo sapiens,9606,Human,Bone sialoprotein 2,IBSP,317,317,13,317,317,1.0,1.0,1.0,0.5583596214511041,True,False,UPI0000167BD4,UniRef50_P21815,2016_10,disprot_taxon_9606_homo_sapiens.json
P27797,DP00333,Homo sapiens,9606,Human,Calreticulin,CALR,417,417,24,400,400,0.9592326139088729,0.9592326139088729,0.9592326139088729,0.02877697841726619,True,False,UPI000004CEC9,UniRef50_P27797,2016_10,disprot_taxon_9606_homo_sapiens.json
Q00987,DP00334,Homo sapiens,9606,Human,E3 ubiquitin-protein ligase Mdm2,MDM2,491,491,9,222,222,0.45213849287169044,0.45213849287169044,0.45213849287169044,0.47657841140529533,True,False,UPI000002E23E,UniRef50_Q00987,2016_10,disprot_taxon_9606_homo_sapiens.json
P16442,DP00339,Homo sapiens,9606,Human,Histo-blood group ABO system transferase,ABO,354,354,2,16,16,0.04519774011299435,0.04519774011299435,0.04519774011299435,0.11581920903954802,True,False,UPI000004EBC0,UniRef50_P16442,2016_10,disprot_taxon_9606_homo_sapiens.json
Q9Y6Q9,DP00343,Homo sapiens,9606,Human,Nuclear receptor coactivator 3,NCOA3,1424,1424,15,71,71,0.04985955056179775,0.04985955056179775,0.04985955056179775,0.7071629213483146,True,False,UPI000012FE45,UniRef50_Q9Y6Q9,2016_10,disprot_taxon_9606_homo_sapiens.json
Q99967,DP00356,Homo sapiens,9606,Human,Cbp/p300-interacting transactivator 2,CITED2,270,270,18,51,51,0.18888888888888888,0.18888888888888888,0.18888888888888888,0.5333333333333333,True,False,UPI000002A68D,UniRef50_O35740,2016_10,disprot_taxon_9606_homo_sapiens.json
P62328,DP00357,Homo sapiens,9606,Human,Thymosin beta-4,TMSB4X,44,44,13,44,44,1.0,1.0,1.0,0.0,True,False,UPI000004613E,UniRef50_P62328,2016_10,disprot_taxon_9606_homo_sapiens.json
Q15185,DP00358,Homo sapiens,9606,Human,Prostaglandin E synthase 3,PTGES3,160,160,3,38,38,0.2375,0.2375,0.2375,0.05,True,False,UPI0000052BAE,UniRef50_Q15185,2016_10,disprot_taxon_9606_homo_sapiens.json
Q16222,DP00363,Homo sapiens,9606,Human,UDP-N-acetylhexosamine pyrophosphorylase,UAP1,522,522,3,17,17,0.032567049808429116,0.032567049808429116,0.032567049808429116,0.040229885057471264,True,False,UPI000002B673,UniRef50_Q16222,2016_10,disprot_taxon_9606_homo_sapiens.json
Q15382,DP00364,Homo sapiens,9606,Human,GTP-binding protein Rheb,RHEB,184,184,7,11,11,0.059782608695652176,0.059782608695652176,0.059782608695652176,0.02717391304347826,True,False,UPI0000133863,UniRef50_Q15382,2016_10,disprot_taxon_9606_homo_sapiens.json
Q9NR00,DP00372,Homo sapiens,9606,Human,Transcriptional and immune response regulator,TCIM,106,106,2,106,106,1.0,1.0,1.0,0.018867924528301886,True,False,UPI000013FBD4,UniRef50_Q9NR00,2016_10,disprot_taxon_9606_homo_sapiens.json
P08047,DP00378,Homo sapiens,9606,Human,Transcription factor Sp1,SP1,785,785,20,217,217,0.2764331210191083,0.2764331210191083,0.2764331210191083,0.8726114649681529,True,False,UPI000016B0B8,UniRef50_P08047,2016_10,disprot_taxon_9606_homo_sapiens.json
P35869,DP00381,Homo sapiens,9606,Human,Aryl hydrocarbon receptor,AHR,848,848,13,169,169,0.19929245283018868,0.19929245283018868,0.19929245283018868,0.5507075471698113,True,False,UPI0000151E80,UniRef50_P30561,2016_10,disprot_taxon_9606_homo_sapiens.json
P49841,DP00385,Homo sapiens,9606,Human,Glycogen synthase kinase-3 beta,GSK3B,420,420,13,85,85,0.20238095238095238,0.20238095238095238,0.20238095238095238,0.12380952380952381,True,False,UPI000004E93D,UniRef50_P49841,2016_10,disprot_taxon_9606_homo_sapiens.json
Q09161,DP00392,Homo sapiens,9606,Human,Nuclear cap-binding protein subunit 1,NCBP1,790,790,6,51,51,0.06455696202531645,0.06455696202531645,0.06455696202531645,0.024050632911392405,True,False,UPI0000112754,UniRef50_Q09161,2016_10,disprot_taxon_9606_homo_sapiens.json
P52298,DP00393,Homo sapiens,9606,Human,Nuclear cap-binding protein subunit 2,NCBP2,156,156,4,73,73,0.46794871794871795,0.46794871794871795,0.46794871794871795,0.00641025641025641,True,False,UPI0000046578,UniRef50_P52298,2016_10,disprot_taxon_9606_homo_sapiens.json
O00204,DP00404,Homo sapiens,9606,Human,Sulfotransferase 2B1,SULT2B1,365,365,4,14,14,0.038356164383561646,0.038356164383561646,0.038356164383561646,0.1095890410958904,True,False,UPI00000736D4,UniRef50_O00204,2016_10,disprot_taxon_9606_homo_sapiens.json
P78504,DP00418,Homo sapiens,9606,Human,Protein jagged-1,JAG1,1218,1218,21,125,125,0.10262725779967159,0.10262725779967159,0.10262725779967159,0.13218390804597702,True,False,UPI00000498B5,UniRef50_P78504,2016_10,disprot_taxon_9606_homo_sapiens.json
Q96T21,DP00420,Homo sapiens,9606,Human,Selenocysteine insertion sequence-binding protein 2,SECISBP2,854,854,6,679,679,0.7950819672131147,0.7950819672131147,0.7950819672131147,0.6451990632318502,True,False,UPI000004EC79,UniRef50_Q96T21,2016_10,disprot_taxon_9606_homo_sapiens.json
P53350,DP00428,Homo sapiens,9606,Human,Serine/threonine-protein kinase PLK1,PLK1,603,603,11,18,18,0.029850746268656716,0.029850746268656716,0.029850746268656716,0.14593698175787728,True,False,UPI0000131BF9,UniRef50_P53350,2016_10,disprot_taxon_9606_homo_sapiens.json
P43351,DP00437,Homo sapiens,9606,Human,DNA repair protein RAD52 homolog,RAD52,418,418,1,23,23,0.05502392344497608,0.05502392344497608,0.05502392344497608,0.41148325358851673,True,False,UPI0000133035,UniRef50_P43351,2016_10,disprot_taxon_9606_homo_sapiens.json
Q14191,DP00443,Homo sapiens,9606,Human,Werner syndrome ATP-dependent helicase,WRN,1432,1432,13,29,29,0.020251396648044692,0.020251396648044692,0.020251396648044692,0.3128491620111732,True,False,UPI000013E49D,UniRef50_Q14191,2016_10,disprot_taxon_9606_homo_sapiens.json
P02511,DP00445,Homo sapiens,9606,Human,Alpha-crystallin B chain,CRYAB,175,175,13,25,25,0.14285714285714285,0.14285714285714285,0.14285714285714285,0.13142857142857142,True,False,UPI0000173D33,UniRef50_P02511,2016_10,disprot_taxon_9606_homo_sapiens.json
Q9Y613,DP00448,Homo sapiens,9606,Human,FH1/FH2 domain-containing protein 1,FHOD1,1164,1164,6,61,61,0.05240549828178694,0.05240549828178694,0.05240549828178694,0.32216494845360827,True,False,UPI000012A737,UniRef50_Q9Y613,2016_10,disprot_taxon_9606_homo_sapiens.json
Q9Y3D6,DP00457,Homo sapiens,9606,Human,Mitochondrial fission 1 protein,FIS1,152,152,4,25,25,0.16447368421052633,0.16447368421052633,0.16447368421052633,0.11842105263157894,True,False,UPI0000073ACD,UniRef50_Q9Y3D6,2016_10,disprot_taxon_9606_homo_sapiens.json
Q13485,DP00464,Homo sapiens,9606,Human,Mothers against decapentaplegic homolog 4,SMAD4,552,552,9,0,0,0.0,0.0,0.0,0.33152173913043476,True,False,UPI0000053431,UniRef50_Q13485,2016_10,disprot_taxon_9606_homo_sapiens.json
P04156,DP00466,Homo sapiens,9606,Human,Major prion protein,PRNP,253,253,12,102,102,0.4031620553359684,0.4031620553359684,0.4031620553359684,0.391304347826087,True,False,UPI0000033C27,UniRef50_P04156,2016_10,disprot_taxon_9606_homo_sapiens.json
P25963,DP00468,Homo sapiens,9606,Human,NF-kappa-B inhibitor alpha,NFKBIA,317,317,2,108,108,0.34069400630914826,0.34069400630914826,0.34069400630914826,0.138801261829653,True,False,UPI000004F0A9,UniRef50_P25963,2016_10,disprot_taxon_9606_homo_sapiens.json
P50542,DP00472,Homo sapiens,9606,Human,Peroxisomal targeting signal 1 receptor,PEX5,639,639,35,324,324,0.5070422535211268,0.5070422535211268,0.5070422535211268,0.28012519561815336,True,False,UPI000016A16C,UniRef50_P50542,2016_10,disprot_taxon_9606_homo_sapiens.json
Q49AN0,DP00473,Homo sapiens,9606,Human,Cryptochrome-2,CRY2,593,593,9,104,104,0.17537942664418213,0.17537942664418213,0.17537942664418213,0.16863406408094436,True,False,UPI000056F15D,UniRef50_Q9R194,2016_10,disprot_taxon_9606_homo_sapiens.json
Q9UBE0,DP00485,Homo sapiens,9606,Human,SUMO-activating enzyme subunit 1,SAE1,346,346,20,96,96,0.2774566473988439,0.2774566473988439,0.2774566473988439,0.049132947976878616,True,False,UPI0000037725,UniRef50_Q9UBE0,2016_10,disprot_taxon_9606_homo_sapiens.json
Q9UBT2,DP00486,Homo sapiens,9606,Human,SUMO-activating enzyme subunit 2,UBA2,640,640,11,148,148,0.23125,0.23125,0.23125,0.1203125,True,False,UPI0000073E4E,UniRef50_Q9UBT2,2016_10,disprot_taxon_9606_homo_sapiens.json
P10275,DP00492,Homo sapiens,9606,Human,Androgen receptor,AR,920,920,40,537,537,0.5836956521739131,0.5836956521739131,0.5836956521739131,0.5804347826086956,True,False,UPI000016A2D9,UniRef50_P10275,2016_10,disprot_taxon_9606_homo_sapiens.json
P04234,DP00505,Homo sapiens,9606,Human,T-cell surface glycoprotein CD3 delta chain,CD3D,171,171,7,66,66,0.38596491228070173,0.38596491228070173,0.38596491228070173,0.04678362573099415,True,False,UPI0000127356,UniRef50_P04234,2016_10,disprot_taxon_9606_homo_sapiens.json
P07766,DP00506,Homo sapiens,9606,Human,T-cell surface glycoprotein CD3 epsilon chain,CD3E,207,207,7,87,87,0.42028985507246375,0.42028985507246375,0.42028985507246375,0.15942028985507245,True,False,UPI000017704B,UniRef50_P07766,2016_10,disprot_taxon_9606_homo_sapiens.json
P09693,DP00508,Homo sapiens,9606,Human,T-cell surface glycoprotein CD3 gamma chain,CD3G,182,182,7,67,67,0.36813186813186816,0.36813186813186816,0.36813186813186816,0.038461538461538464,True,False,UPI000012735F,UniRef50_P09693,2016_10,disprot_taxon_9606_homo_sapiens.json
P30273,DP00509,Homo sapiens,9606,Human,High affinity immunoglobulin epsilon receptor subunit gamma,FCER1G,86,86,3,21,21,0.2441860465116279,0.2441860465116279,0.2441860465116279,0.011627906976744186,True,False,UPI0000052756,UniRef50_P30273,2016_10,disprot_taxon_9606_homo_sapiens.json
O60356,DP00510,Homo sapiens,9606,Human,Nuclear protein 1,NUPR1,82,82,15,82,82,1.0,1.0,1.0,0.06097560975609756,True,False,UPI000013106F,UniRef50_O60356,2016_10,disprot_taxon_9606_homo_sapiens.json
P52179,DP00517,Homo sapiens,9606,Human,Myomesin-1,MYOM1,1685,1685,6,96,96,0.05697329376854599,0.05697329376854599,0.05697329376854599,0.2747774480712166,True,False,UPI000012FB8B,UniRef50_P52179,2016_10,disprot_taxon_9606_homo_sapiens.json
P25054,DP00519,Homo sapiens,9606,Human,Adenomatous polyposis coli protein,APC,2843,2843,28,583,583,0.2050650721069293,0.2050650721069293,0.2050650721069293,,False,False,UPI000013CF60,UniRef50_P25054,2016_10,disprot_taxon_9606_homo_sapiens.json
Q969F2,DP00520,Homo sapiens,9606,Human,Protein naked cuticle homolog 2,NKD2,451,451,8,217,217,0.4811529933481153,0.4811529933481153,0.4811529933481153,0.4678492239467849,True,False,UPI0000073E19,UniRef50_Q969F2,2016_10,disprot_taxon_9606_homo_sapiens.json
O95997,DP00521,Homo sapiens,9606,Human,Securin,PTTG1,202,202,15,202,202,1.0,1.0,1.0,0.1782178217821782,True,False,UPI0000044DCB,UniRef50_O95997,2016_10,disprot_taxon_9606_homo_sapiens.json
O43236-1,DP00537,Homo sapiens,9606,Human,Septin-4,SEPTIN4,478,478,3,119,119,0.2489539748953975,0.2489539748953975,0.2489539748953975,0.24476987447698745,True,False,UPI000013585C,UniRef50_O43236,2016_10,disprot_taxon_9606_homo_sapiens.json
P51608,DP00539,Homo sapiens,9606,Human,Methyl-CpG-binding protein 2,MECP2,486,486,25,393,393,0.808641975308642,0.808641975308642,0.808641975308642,0.41358024691358025,True,False,UPI000012EEA5,UniRef50_P51608,2016_10,disprot_taxon_9606_homo_sapiens.json
Q14061,DP00543,Homo sapiens,9606,Human,Cytochrome c oxidase copper chaperone,COX17,63,63,24,63,63,1.0,1.0,1.0,0.20634920634920634,True,False,UPI000013D132,UniRef50_Q14061,2016_10,disprot_taxon_9606_homo_sapiens.json
Q9NX55,DP00546,Homo sapiens,9606,Human,Huntingtin-interacting protein K,HYPK,121,121,10,121,121,1.0,1.0,1.0,0.17829457364341086,True,False,UPI000006E16A,UniRef50_Q9NX55,2016_10,disprot_taxon_9606_homo_sapiens.json
O00488,DP00549,Homo sapiens,9606,Human,Zinc finger protein 593,ZNF593,134,134,5,74,116,0.5522388059701493,0.8656716417910447,0.8656716417910447,0.12686567164179105,True,True,UPI000013C483,UniRef50_O00488,2016_10,disprot_taxon_9606_homo_sapiens.json
P16860,DP00551,Homo sapiens,9606,Human,Natriuretic peptides B,NPPB,134,134,3,77,77,0.5746268656716418,0.5746268656716418,0.5746268656716418,0.26865671641791045,True,False,UPI00000350A5,UniRef50_P16860,2016_10,disprot_taxon_9606_homo_sapiens.json
Q9NZ94,DP00553,Homo sapiens,9606,Human,Neuroligin-3,NLGN3,848,848,24,118,118,0.1391509433962264,0.1391509433962264,0.1391509433962264,0.27004716981132076,True,False,UPI000006E386,UniRef50_Q62889,2016_10,disprot_taxon_9606_homo_sapiens.json
Q9C000,DP00554,Homo sapiens,9606,Human,"NACHT, LRR and PYD domains-containing protein 1",NLRP1,1473,1473,2,20,20,0.013577732518669382,0.013577732518669382,0.013577732518669382,0.26272912423625255,True,False,UPI0000038309,UniRef50_Q9C000,2016_10,disprot_taxon_9606_homo_sapiens.json
Q16143,DP00555,Homo sapiens,9606,Human,Beta-synuclein,SNCB,134,134,2,134,134,1.0,1.0,1.0,0.22388059701492538,True,False,UPI000003173C,UniRef50_Q16143,2016_10,disprot_taxon_9606_homo_sapiens.json
P49354,DP00558,Homo sapiens,9606,Human,Protein farnesyltransferase/geranylgeranyltransferase type-1 subunit alpha,FNTA,379,379,4,66,66,0.1741424802110818,0.1741424802110818,0.1741424802110818,0.1424802110817942,True,False,UPI000013176D,UniRef50_P49354,2016_10,disprot_taxon_9606_homo_sapiens.json
Q9Y296,DP00562,Homo sapiens,9606,Human,Trafficking protein particle complex subunit 4,TRAPPC4,219,219,2,15,15,0.0684931506849315,0.0684931506849315,0.0684931506849315,0.0182648401826484,True,False,UPI0000052E23,UniRef50_Q9Y296,2016_10,disprot_taxon_9606_homo_sapiens.json
P63098,DP00565,Homo sapiens,9606,Human,Calcineurin subunit B type 1,PPP3R1,170,170,3,26,26,0.15294117647058825,0.15294117647058825,0.15294117647058825,0.047058823529411764,True,False,UPI0000110661,UniRef50_P63098,2016_10,disprot_taxon_9606_homo_sapiens.json
P09132,DP00570,Homo sapiens,9606,Human,Signal recognition particle 19 kDa protein,SRP19,144,144,3,144,144,1.0,1.0,1.0,0.14583333333333334,True,False,UPI0000135EB6,UniRef50_P09132,2016_10,disprot_taxon_9606_homo_sapiens.json
P54252,DP00576,Homo sapiens,9606,Human,Ataxin-3,ATXN3,361,361,11,188,188,0.5207756232686981,0.5207756232686981,0.5207756232686981,0.14681440443213298,True,False,UPI000014A814,UniRef50_P54252,2016_10,disprot_taxon_9606_homo_sapiens.json
P11233,DP00581,Homo sapiens,9606,Human,Ras-related protein Ral-A,RALA,206,206,11,27,27,0.13106796116504854,0.13106796116504854,0.13106796116504854,0.038834951456310676,True,False,UPI0000001C8F,UniRef50_P11233,2016_10,disprot_taxon_9606_homo_sapiens.json
P48539,DP00592,Homo sapiens,9606,Human,Calmodulin regulator protein PCP4,PCP4,62,62,4,62,62,1.0,1.0,1.0,0.016129032258064516,True,False,UPI00001697DE,UniRef50_P48539,2016_10,disprot_taxon_9606_homo_sapiens.json
Q16595,DP00607,Homo sapiens,9606,Human,"Frataxin, mitochondrial",FXN,210,210,10,26,26,0.12380952380952381,0.12380952380952381,0.12380952380952381,0.2,True,False,UPI000014E756,UniRef50_Q16595,2016_10,disprot_taxon_9606_homo_sapiens.json
Q13573,DP00608,Homo sapiens,9606,Human,SNW domain-containing protein 1,SNW1,536,536,16,71,71,0.13246268656716417,0.13246268656716417,0.13246268656716417,0.08582089552238806,True,False,UPI000000DB2D,UniRef50_Q13573,2016_10,disprot_taxon_9606_homo_sapiens.json
P30291,DP00611,Homo sapiens,9606,Human,Wee1-like protein kinase,WEE1,646,646,5,20,20,0.030959752321981424,0.030959752321981424,0.030959752321981424,0.43034055727554177,True,False,UPI000017A3FF,UniRef50_P30291,2016_10,disprot_taxon_9606_homo_sapiens.json
P02788,DP00616,Homo sapiens,9606,Human,Lactotransferrin,LTF,710,710,6,22,22,0.030985915492957747,0.030985915492957747,0.030985915492957747,0.016901408450704224,True,False,UPI000015C582,UniRef50_P02788,2016_10,disprot_taxon_9606_homo_sapiens.json
P60896,DP00617,Homo sapiens,9606,Human,26S proteasome complex subunit SEM1,SEM1,70,70,5,51,51,0.7285714285714285,0.7285714285714285,0.7285714285714285,0.05714285714285714,True,False,UPI000000162C,UniRef50_P60896,2016_10,disprot_taxon_9606_homo_sapiens.json
P00736,DP00621,Homo sapiens,9606,Human,Complement C1r subcomponent,C1R,705,705,6,113,113,0.16028368794326242,0.16028368794326242,0.16028368794326242,0.0425531914893617,True,False,UPI000186C8D3,UniRef50_P00736,2016_10,disprot_taxon_9606_homo_sapiens.json
P35638,DP00624,Homo sapiens,9606,Human,DNA damage-inducible transcript 3 protein,DDIT3,169,169,10,168,168,0.9940828402366864,0.9940828402366864,0.9940828402366864,0.30177514792899407,True,False,UPI0000000C56,UniRef50_P35638,2016_10,disprot_taxon_9606_homo_sapiens.json
P15309,DP00628,Homo sapiens,9606,Human,Prostatic acid phosphatase,ACP3,386,386,3,39,39,0.10103626943005181,0.10103626943005181,0.10103626943005181,0.054404145077720206,True,False,UPI000016AE62,UniRef50_P15309,2016_10,disprot_taxon_9606_homo_sapiens.json
O76070,DP00630,Homo sapiens,9606,Human,Gamma-synuclein,SNCG,127,127,6,127,127,1.0,1.0,1.0,0.14960629921259844,True,False,UPI0000031738,UniRef50_O76070,2016_10,disprot_taxon_9606_homo_sapiens.json
Q09472,DP00633,Homo sapiens,9606,Human,Histone acetyltransferase p300,EP300,2414,2414,6,1857,1857,0.7692626346313173,0.7692626346313173,0.7692626346313173,0.6093620546810273,True,False,UPI0000131009,UniRef50_Q09472,2016_10,disprot_taxon_9606_homo_sapiens.json
P51671,DP00641,Homo sapiens,9606,Human,Eotaxin,CCL11,97,97,3,31,31,0.31958762886597936,0.31958762886597936,0.31958762886597936,0.010309278350515464,True,False,UPI0000050AFD,UniRef50_P51671,2016_10,disprot_taxon_9606_homo_sapiens.json
P00441,DP00652,Homo sapiens,9606,Human,Superoxide dismutase [Cu-Zn],SOD1,154,154,8,26,26,0.16883116883116883,0.16883116883116883,0.16883116883116883,0.0,True,False,UPI000002D045,UniRef50_P00441,2016_10,disprot_taxon_9606_homo_sapiens.json
P32004,DP00666,Homo sapiens,9606,Human,Neural cell adhesion molecule L1,L1CAM,1257,1257,12,114,114,0.09069212410501193,0.09069212410501193,0.09069212410501193,0.1368337311058075,True,False,UPI000016ADC4,UniRef50_P32004,2016_10,disprot_taxon_9606_homo_sapiens.json
Q29983,DP00670,Homo sapiens,9606,Human,MHC class I polypeptide-related sequence A,MICA,383,383,4,10,10,0.02610966057441253,0.02610966057441253,0.02610966057441253,0.17754569190600522,True,False,UPI000008A7B0,UniRef50_Q29983,2016_10,disprot_taxon_9606_homo_sapiens.json
Q92886,DP00672,Homo sapiens,9606,Human,Neurogenin-1,NEUROG1,237,237,5,61,61,0.25738396624472576,0.25738396624472576,0.25738396624472576,0.28270042194092826,True,False,UPI0000130002,UniRef50_Q92886,2016_10,disprot_taxon_9606_homo_sapiens.json
P11171,DP00678,Homo sapiens,9606,Human,Protein 4.1,EPB41,864,864,6,65,65,0.07523148148148148,0.07523148148148148,0.07523148148148148,0.4583333333333333,True,False,UPI000002A2C8,UniRef50_P11171,2016_10,disprot_taxon_9606_homo_sapiens.json
Q99801,DP00683,Homo sapiens,9606,Human,Homeobox protein Nkx-3.1,NKX3-1,234,234,4,113,113,0.4829059829059829,0.4829059829059829,0.4829059829059829,0.29914529914529914,True,False,UPI000016B256,UniRef50_Q99801,2016_10,disprot_taxon_9606_homo_sapiens.json
Q8N488,DP00694,Homo sapiens,9606,Human,RING1 and YY1-binding protein,RYBP,228,228,12,228,228,1.0,1.0,1.0,0.09649122807017543,True,False,UPI00000723EC,UniRef50_Q8N488,2016_10,disprot_taxon_9606_homo_sapiens.json
Q9Y258,DP00696,Homo sapiens,9606,Human,C-C motif chemokine 26,CCL26,94,94,2,11,11,0.11702127659574468,0.11702127659574468,0.11702127659574468,0.02127659574468085,True,False,UPI0000049E0A,UniRef50_Q9Y258,2016_10,disprot_taxon_9606_homo_sapiens.json
P46937,DP00702,Homo sapiens,9606,Human,Transcriptional coactivator YAP1,YAP1,504,504,9,122,122,0.24206349206349206,0.24206349206349206,0.24206349206349206,0.4523809523809524,True,False,UPI000013A141,UniRef50_P46937,2016_10,disprot_taxon_9606_homo_sapiens.json
P24522,DP00704,Homo sapiens,9606,Human,Growth arrest and DNA damage-inducible protein GADD45 alpha,GADD45A,165,165,6,30,30,0.18181818181818182,0.18181818181818182,0.18181818181818182,0.08484848484848485,True,False,UPI000012AF8C,UniRef50_P24522,2016_10,disprot_taxon_9606_homo_sapiens.json
Q15517,DP00706,Homo sapiens,9606,Human,Corneodesmosin,CDSN,529,529,7,112,112,0.21172022684310018,0.21172022684310018,0.21172022684310018,0.8998109640831758,True,False,UPI0001D147B5,UniRef50_Q15517,2016_10,disprot_taxon_9606_homo_sapiens.json
Q9UER7,DP00707,Homo sapiens,9606,Human,Death domain-associated protein 6,DAXX,740,740,8,505,505,0.6824324324324325,0.6824324324324325,0.6824324324324325,0.5486486486486486,True,False,UPI0000169890,UniRef50_Q9UER7,2016_10,disprot_taxon_9606_homo_sapiens.json
Q9Y3M2,DP00709,Homo sapiens,9606,Human,Protein chibby homolog 1,CBY1,126,126,38,91,91,0.7222222222222222,0.7222222222222222,0.7222222222222222,0.007936507936507936,True,False,UPI0000128720,UniRef50_Q9Y3M2,2016_10,disprot_taxon_9606_homo_sapiens.json
Q9UGL1,DP00712,Homo sapiens,9606,Human,Lysine-specific demethylase 5B,KDM5B,1544,1544,17,449,449,0.29080310880829013,0.29080310880829013,0.29080310880829013,0.22474093264248704,True,False,UPI000006F746,UniRef50_Q9UGL1,2016_10,disprot_taxon_9606_homo_sapiens.json
P02545,DP00716,Homo sapiens,9606,Human,Prelamin-A/C,LMNA,664,664,2,98,98,0.14759036144578314,0.14759036144578314,0.14759036144578314,0.2605421686746988,True,False,UPI000012E20D,UniRef50_P02545,2016_10,disprot_taxon_9606_homo_sapiens.json
P37231,DP00718,Homo sapiens,9606,Human,Peroxisome proliferator-activated receptor gamma,PPARG,505,505,52,299,299,0.592079207920792,0.592079207920792,0.592079207920792,0.2712871287128713,True,False,UPI0000131FED,UniRef50_P37231,2016_10,disprot_taxon_9606_homo_sapiens.json
Q13569,DP00719,Homo sapiens,9606,Human,G/T mismatch-specific thymine DNA glycosylase,TDG,410,410,8,182,182,0.44390243902439025,0.44390243902439025,0.44390243902439025,0.4024390243902439,True,False,UPI0000043B8A,UniRef50_Q13569,2016_10,disprot_taxon_9606_homo_sapiens.json
Q9UKV8,DP00736,Homo sapiens,9606,Human,Protein argonaute-2,AGO2,859,859,8,43,43,0.050058207217694994,0.050058207217694994,0.050058207217694994,0.03841676367869616,True,False,UPI000012D07E,UniRef50_Q9UKV8,2016_10,disprot_taxon_9606_homo_sapiens.json
P01160,DP00747,Homo sapiens,9606,Human,Natriuretic peptides A,NPPA,151,151,13,68,68,0.4503311258278146,0.4503311258278146,0.4503311258278146,0.23841059602649006,True,False,,UniRef50_P01160,2016_10,disprot_taxon_9606_homo_sapiens.json
P46108,DP00748,Homo sapiens,9606,Human,Adapter molecule crk,CRK,304,304,13,88,88,0.2894736842105263,0.2894736842105263,0.2894736842105263,0.2236842105263158,True,False,UPI000012845B,UniRef50_P46108,2016_10,disprot_taxon_9606_homo_sapiens.json
Q9BSY4,DP00757,Homo sapiens,9606,Human,Coiled-coil-helix-coiled-coil-helix domain-containing protein 5,CHCHD5,110,110,1,16,16,0.14545454545454545,0.14545454545454545,0.14545454545454545,0.19090909090909092,True,False,UPI0000034E2C,UniRef50_Q9BSY4,2016_10,disprot_taxon_9606_homo_sapiens.json
O00585,DP00765,Homo sapiens,9606,Human,C-C motif chemokine 21,CCL21,134,134,2,41,41,0.30597014925373134,0.30597014925373134,0.30597014925373134,0.11194029850746269,True,False,UPI0000049E0F,UniRef50_O00585,2016_10,disprot_taxon_9606_homo_sapiens.json
P15311,DP00775,Homo sapiens,9606,Human,Ezrin,EZR,586,586,9,310,310,0.5290102389078498,0.5290102389078498,0.5290102389078498,0.052901023890784986,True,False,UPI000016B2F3,UniRef50_P15311,2016_10,disprot_taxon_9606_homo_sapiens.json
P05387,DP00793,Homo sapiens,9606,Human,60S acidic ribosomal protein P2,RPLP2,115,115,4,53,53,0.4608695652173913,0.4608695652173913,0.4608695652173913,0.3217391304347826,True,False,UPI0000134258,UniRef50_P05387,2016_10,disprot_taxon_9606_homo_sapiens.json
P50616,DP00794,Homo sapiens,9606,Human,Protein Tob1,TOB1,345,345,4,230,230,0.6666666666666666,0.6666666666666666,0.6666666666666666,0.4057971014492754,True,False,UPI00001370FB,UniRef50_P50616,2016_10,disprot_taxon_9606_homo_sapiens.json
P15382,DP00796,Homo sapiens,9606,Human,Potassium voltage-gated channel subfamily E member 1,KCNE1,129,129,6,65,65,0.5038759689922481,0.5038759689922481,0.5038759689922481,0.015503875968992248,True,False,UPI000012F141,UniRef50_P15382,2016_10,disprot_taxon_9606_homo_sapiens.json
O15273,DP00797,Homo sapiens,9606,Human,Telethonin,TCAP,167,167,6,77,77,0.46107784431137727,0.46107784431137727,0.46107784431137727,0.10778443113772455,True,False,UPI0000136BAD,UniRef50_O15273,2016_10,disprot_taxon_9606_homo_sapiens.json
P41236,DP00816,Homo sapiens,9606,Human,Protein phosphatase inhibitor 2,PPP1R2,205,205,8,156,156,0.7609756097560976,0.7609756097560976,0.7609756097560976,0.2097560975609756,True,False,UPI0000049C96,UniRef50_P41236,2016_10,disprot_taxon_9606_homo_sapiens.json
Q16186,DP00839,Homo sapiens,9606,Human,Proteasomal ubiquitin receptor ADRM1,ADRM1,407,407,8,197,197,0.48402948402948404,0.48402948402948404,0.48402948402948404,0.3488943488943489,True,False,UPI000016A952,UniRef50_Q16186,2016_10,disprot_taxon_9606_homo_sapiens.json
O14733,DP00841,Homo sapiens,9606,Human,Dual specificity mitogen-activated protein kinase kinase 7,MAP2K7,419,419,8,71,71,0.16945107398568018,0.16945107398568018,0.16945107398568018,0.20286396181384247,True,False,UPI0000169679,UniRef50_O14733,2016_10,disprot_taxon_9606_homo_sapiens.json
O60888,DP00846,Homo sapiens,9606,Human,Protein CutA,CUTA,179,179,2,26,26,0.1452513966480447,0.1452513966480447,0.1452513966480447,0.25139664804469275,True,False,UPI00004EAC91,UniRef50_O60888,2016_10,disprot_taxon_9606_homo_sapiens.json
Q9BQ15,DP00864,Homo sapiens,9606,Human,SOSS complex subunit B1,NABP2,211,211,11,123,123,0.5829383886255924,0.5829383886255924,0.5829383886255924,0.13744075829383887,True,False,UPI000006DDFD,UniRef50_Q9BQ15,2016_10,disprot_taxon_9606_homo_sapiens.json
Q6P3W2,DP00865,Homo sapiens,9606,Human,DnaJ homolog subfamily C member 24,DNAJC24,149,149,3,26,26,0.174496644295302,0.174496644295302,0.174496644295302,0.04697986577181208,True,False,UPI00001F9F1F,UniRef50_Q6P3W2,2016_10,disprot_taxon_9606_homo_sapiens.json
Q9H981,DP00873,Homo sapiens,9606,Human,Actin-related protein 8,ACTR8,624,624,2,107,107,0.17147435897435898,0.17147435897435898,0.17147435897435898,0.1233974358974359,True,False,UPI0000126064,UniRef50_Q9H981,2016_10,disprot_taxon_9606_homo_sapiens.json
P21246,DP00887,Homo sapiens,9606,Human,Pleiotrophin,PTN,168,168,14,56,56,0.3333333333333333,0.3333333333333333,0.3333333333333333,0.16071428571428573,True,False,UPI000013297B,UniRef50_P21246,2016_10,disprot_taxon_9606_homo_sapiens.json
P08240,DP00893,Homo sapiens,9606,Human,Signal recognition particle receptor subunit alpha,SRPRA,638,638,14,109,109,0.17084639498432602,0.17084639498432602,0.17084639498432602,0.22413793103448276,True,False,UPI000016A84A,UniRef50_P08240,2016_10,disprot_taxon_9606_homo_sapiens.json
O75496,DP00901,Homo sapiens,9606,Human,Geminin,GMNN,209,209,3,22,22,0.10526315789473684,0.10526315789473684,0.10526315789473684,0.2583732057416268,True,False,UPI000012B3BB,UniRef50_O75496,2016_10,disprot_taxon_9606_homo_sapiens.json
P47813,DP00903,Homo sapiens,9606,Human,"Eukaryotic translation initiation factor 1A, X-chromosomal",EIF1AX,144,144,6,53,53,0.3680555555555556,0.3680555555555556,0.3680555555555556,0.10416666666666667,True,False,UPI0000110EFF,UniRef50_P47813,2016_10,disprot_taxon_9606_homo_sapiens.json
Q9HB71-2,DP00907,Homo sapiens,9606,Human,Isoform 2 of Calcyclin-binding protein,CACYBP,80,80,3,33,33,0.4125,0.4125,0.4125,,False,False,UPI0000035D69,,2016_10,disprot_taxon_9606_homo_sapiens.json
P41567,DP00910,Homo sapiens,9606,Human,Eukaryotic translation initiation factor 1,EIF1,113,113,1,28,28,0.24778761061946902,0.24778761061946902,0.24778761061946902,0.07079646017699115,True,False,UPI000000DC99,UniRef50_P41567,2016_10,disprot_taxon_9606_homo_sapiens.json
Q8N4Q1,DP00912,Homo sapiens,9606,Human,Mitochondrial intermembrane space import and assembly protein 40,CHCHD4,142,142,1,36,36,0.2535211267605634,0.2535211267605634,0.2535211267605634,0.176056338028169,True,False,UPI000006E0C5,UniRef50_Q8N4Q1,2016_10,disprot_taxon_9606_homo_sapiens.json
P21583,DP00917,Homo sapiens,9606,Human,Kit ligand,KITLG,273,273,4,27,27,0.0989010989010989,0.0989010989010989,0.0989010989010989,0.19047619047619047,True,False,UPI000002D482,UniRef50_P21583,2016_10,disprot_taxon_9606_homo_sapiens.json
Q9BQB4,DP00926,Homo sapiens,9606,Human,Sclerostin,SOST,213,213,12,124,124,0.5821596244131455,0.5821596244131455,0.5821596244131455,0.03286384976525822,True,False,UPI0000035BBE,UniRef50_Q9BQB4,2016_10,disprot_taxon_9606_homo_sapiens.json
P80723,DP00930,Homo sapiens,9606,Human,Brain acid soluble protein 1,BASP1,227,227,10,227,227,1.0,1.0,1.0,0.4845814977973568,True,False,UPI0000126798,UniRef50_P80723,2016_10,disprot_taxon_9606_homo_sapiens.json
P61925,DP00934,Homo sapiens,9606,Human,cAMP-dependent protein kinase inhibitor alpha,PKIA,76,76,11,53,53,0.6973684210526315,0.6973684210526315,0.6973684210526315,0.14473684210526316,True,False,UPI000012D7F3,UniRef50_P61925,2016_10,disprot_taxon_9606_homo_sapiens.json
Q12972,DP00937,Homo sapiens,9606,Human,Nuclear inhibitor of protein phosphatase 1,PPP1R8,351,351,6,82,82,0.2336182336182336,0.2336182336182336,0.2336182336182336,0.28774928774928776,True,False,UPI000002B181,UniRef50_Q12972,2016_10,disprot_taxon_9606_homo_sapiens.json
Q93009,DP00941,Homo sapiens,9606,Human,Ubiquitin carboxyl-terminal hydrolase 7,USP7,1102,1102,8,64,64,0.05807622504537205,0.05807622504537205,0.05807622504537205,0.06987295825771325,True,False,UPI000003AEBA,UniRef50_Q93009,2016_10,disprot_taxon_9606_homo_sapiens.json
Q9HAU5,DP00949,Homo sapiens,9606,Human,Regulator of nonsense transcripts 2,UPF2,1272,1272,26,305,305,0.23977987421383648,0.23977987421383648,0.23977987421383648,0.23270440251572327,True,False,UPI0000070D5E,UniRef50_Q9HAU5,2016_10,disprot_taxon_9606_homo_sapiens.json
P17677,DP00951,Homo sapiens,9606,Human,Neuromodulin,GAP43,238,238,4,238,238,1.0,1.0,1.0,0.4579831932773109,True,False,UPI000012FF84,UniRef50_P17677,2016_10,disprot_taxon_9606_homo_sapiens.json
Q9H832,DP00953,Homo sapiens,9606,Human,Ubiquitin-conjugating enzyme E2 Z,UBE2Z,354,354,3,127,127,0.3587570621468927,0.3587570621468927,0.3587570621468927,0.2457627118644068,True,False,UPI00005A774B,UniRef50_Q9H832,2016_10,disprot_taxon_9606_homo_sapiens.json
O15169,DP00959,Homo sapiens,9606,Human,Axin-1,AXIN1,862,862,12,206,206,0.23897911832946636,0.23897911832946636,0.23897911832946636,0.48839907192575405,True,False,UPI0000043C29,UniRef50_O35625,2016_10,disprot_taxon_9606_homo_sapiens.json
P52630,DP00961,Homo sapiens,9606,Human,Signal transducer and activator of transcription 2,STAT2,851,851,5,53,53,0.06227967097532315,0.06227967097532315,0.06227967097532315,0.19623971797884843,True,False,UPI00000473FC,UniRef50_P52630,2016_10,disprot_taxon_9606_homo_sapiens.json
P42224,DP00962,Homo sapiens,9606,Human,Signal transducer and activator of transcription 1-alpha/beta,STAT1,750,750,4,41,41,0.05466666666666667,0.05466666666666667,0.05466666666666667,0.06666666666666667,True,False,UPI0000179512,UniRef50_P42224,2016_10,disprot_taxon_9606_homo_sapiens.json
Q02548,DP00969,Homo sapiens,9606,Human,Paired box protein Pax-5,PAX5,391,391,16,47,47,0.12020460358056266,0.12020460358056266,0.12020460358056266,0.5063938618925832,True,False,UPI000013136C,UniRef50_P32114-2,2016_10,disprot_taxon_9606_homo_sapiens.json
P46108-2,DP00973,Homo sapiens,9606,Human,Isoform Crk-I of Adapter molecule crk,CRK,204,204,4,13,13,0.06372549019607843,0.06372549019607843,0.06372549019607843,,False,False,UPI000002A725,,2016_10,disprot_taxon_9606_homo_sapiens.json
Q01101,DP01023,Homo sapiens,9606,Human,Insulinoma-associated protein 1,INSM1,510,510,4,20,20,0.0392156862745098,0.0392156862745098,0.0392156862745098,0.4764705882352941,True,False,UPI0000046C2F,UniRef50_Q63ZV0,2016_10,disprot_taxon_9606_homo_sapiens.json
P27708,DP01024,Homo sapiens,9606,Human,CAD protein,CAD,2225,2225,10,25,25,0.011235955056179775,0.011235955056179775,0.011235955056179775,0.05528089887640449,True,False,UPI000016A64E,UniRef50_P27708,2016_10,disprot_taxon_9606_homo_sapiens.json
Q76LA1,DP01054,Homo sapiens,9606,Human,CSTB protein,CSTB,98,98,5,67,67,0.6836734693877551,0.6836734693877551,0.6836734693877551,0.0,True,False,UPI0000001F9C,UniRef50_P04080,2016_10,disprot_taxon_9606_homo_sapiens.json
Q9Y6C2,DP01063,Homo sapiens,9606,Human,EMILIN-1,EMILIN1,1016,1016,8,19,19,0.018700787401574805,0.018700787401574805,0.018700787401574805,0.3011811023622047,True,False,UPI000013D0F3,UniRef50_Q9Y6C2,2016_10,disprot_taxon_9606_homo_sapiens.json
Q9NQI0,DP01065,Homo sapiens,9606,Human,Probable ATP-dependent RNA helicase DDX4,DDX4,724,724,5,236,236,0.3259668508287293,0.3259668508287293,0.3259668508287293,0.3825966850828729,True,False,UPI0000169D64,UniRef50_Q61496,2016_10,disprot_taxon_9606_homo_sapiens.json
Q9NQI0-2,DP01066,Homo sapiens,9606,Human,Isoform 2 of Probable ATP-dependent RNA helicase DDX4,DDX4,690,690,3,204,204,0.2956521739130435,0.2956521739130435,0.2956521739130435,,False,False,UPI000020C786,,2016_10,disprot_taxon_9606_homo_sapiens.json
Q9UBB5,DP01068,Homo sapiens,9606,Human,Methyl-CpG-binding domain protein 2,MBD2,411,411,3,119,119,0.2895377128953771,0.2895377128953771,0.2895377128953771,0.3771289537712895,True,False,UPI000003166A,UniRef50_Q9UBB5,2016_10,disprot_taxon_9606_homo_sapiens.json
P42568,DP01070,Homo sapiens,9606,Human,Protein AF-9,MLLT3,568,568,12,79,79,0.13908450704225353,0.13908450704225353,0.13908450704225353,0.5352112676056338,True,False,UPI000012565A,UniRef50_P42568,2016_10,disprot_taxon_9606_homo_sapiens.json
P61244-2,DP01097,Homo sapiens,9606,Human,Isoform 2 of Protein max,MAX,151,151,13,68,68,0.4503311258278146,0.4503311258278146,0.4503311258278146,,False,False,UPI00000012AF,,2016_10,disprot_taxon_9606_homo_sapiens.json
Q16222-2,DP01098,Homo sapiens,9606,Human,Isoform AGX1 of UDP-N-acetylhexosamine pyrophosphorylase,UAP1,505,505,2,15,15,0.0297029702970297,0.0297029702970297,0.0297029702970297,,False,False,UPI000002B673,,2016_10,disprot_taxon_9606_homo_sapiens.json
O00204-2,DP01099,Homo sapiens,9606,Human,Isoform 2 of Sulfotransferase 2B1,SULT2B1,350,350,2,22,22,0.06285714285714286,0.06285714285714286,0.06285714285714286,,False,False,UPI000006DFE7,,2016_10,disprot_taxon_9606_homo_sapiens.json
P10636-8,DP01100,Homo sapiens,9606,Human,Isoform Tau-F of Microtubule-associated protein tau,MAPT,441,441,53,441,441,1.0,1.0,1.0,,False,False,UPI000002D754,,2016_10,disprot_taxon_9606_homo_sapiens.json
P35637,DP01102,Homo sapiens,9606,Human,RNA-binding protein FUS,FUS,526,526,46,507,507,0.9638783269961977,0.9638783269961977,0.9638783269961977,0.6920152091254753,True,False,UPI000012AD9A,UniRef50_P35637,2016_10,disprot_taxon_9606_homo_sapiens.json
Q13698,DP01103,Homo sapiens,9606,Human,Voltage-dependent L-type calcium channel subunit alpha-1S,CACNA1S,1873,1873,9,127,127,0.06780565936999466,0.06780565936999466,0.06780565936999466,0.22637479978643887,True,False,UPI000016A484,UniRef50_Q13698,2016_10,disprot_taxon_9606_homo_sapiens.json
P46531,DP01104,Homo sapiens,9606,Human,Neurogenic locus notch homolog protein 1,NOTCH1,2555,2555,2,131,131,0.0512720156555773,0.0512720156555773,0.0512720156555773,0.2731898238747554,True,False,UPI0000E8261B,UniRef50_P46531,2016_10,disprot_taxon_9606_homo_sapiens.json
P16471,DP01106,Homo sapiens,9606,Human,Prolactin receptor,PRLR,622,622,18,363,363,0.5836012861736335,0.5836012861736335,0.5836012861736335,0.4630225080385852,True,False,UPI0000132234,UniRef50_P16471,2016_10,disprot_taxon_9606_homo_sapiens.json
Q13148,DP01108,Homo sapiens,9606,Human,TAR DNA-binding protein 43,TARDBP,414,414,40,152,152,0.3671497584541063,0.3671497584541063,0.3671497584541063,0.3961352657004831,True,False,UPI0000136B42,UniRef50_Q13148,2018_11,disprot_taxon_9606_homo_sapiens.json
P22626,DP01109,Homo sapiens,9606,Human,Heterogeneous nuclear ribonucleoproteins A2/B1,HNRNPA2B1,353,353,5,152,152,0.43059490084985835,0.43059490084985835,0.43059490084985835,0.4164305949008499,True,False,UPI000002B298,UniRef50_P22626,2018_11,disprot_taxon_9606_homo_sapiens.json
Q9UHD9,DP01110,Homo sapiens,9606,Human,Ubiquilin-2,UBQLN2,624,624,4,127,127,0.20352564102564102,0.20352564102564102,0.20352564102564102,0.3221153846153846,True,False,UPI0000038C53,UniRef50_Q9UHD9,2018_11,disprot_taxon_9606_homo_sapiens.json
Q13501,DP01111,Homo sapiens,9606,Human,Sequestosome-1,SQSTM1,440,440,3,46,46,0.10454545454545454,0.10454545454545454,0.10454545454545454,0.3659090909090909,True,False,UPI0000071099,UniRef50_Q13501,2018_11,disprot_taxon_9606_homo_sapiens.json
P27986,DP01112,Homo sapiens,9606,Human,Phosphatidylinositol 3-kinase regulatory subunit alpha,PIK3R1,724,724,5,14,14,0.019337016574585635,0.019337016574585635,0.019337016574585635,0.08701657458563536,True,False,UPI0000054C77,UniRef50_P27986,2018_11,disprot_taxon_9606_homo_sapiens.json
P16333,DP01114,Homo sapiens,9606,Human,Cytoplasmic protein NCK1,NCK1,377,377,4,50,50,0.13262599469496023,0.13262599469496023,0.13262599469496023,0.23607427055702918,True,False,UPI000012FE3E,UniRef50_P16333,2018_11,disprot_taxon_9606_homo_sapiens.json
Q16236,DP01115,Homo sapiens,9606,Human,Nuclear factor erythroid 2-related factor 2,NFE2L2,605,605,22,605,605,1.0,1.0,1.0,0.4826446280991736,True,False,UPI0000054C80,UniRef50_Q16236,2018_11,disprot_taxon_9606_homo_sapiens.json
Q03164,DP01116,Homo sapiens,9606,Human,Histone-lysine N-methyltransferase 2A,KMT2A,3969,3969,3,21,21,0.005291005291005291,0.005291005291005291,0.005291005291005291,,False,False,UPI0000161C5A,UniRef50_Q03164,2018_11,disprot_taxon_9606_homo_sapiens.json
O60566,DP01117,Homo sapiens,9606,Human,Mitotic checkpoint serine/threonine-protein kinase BUB1 beta,BUB1B,1050,1050,3,23,23,0.021904761904761906,0.021904761904761906,0.021904761904761906,0.35904761904761906,True,False,UPI0000529D35,UniRef50_O60566,2018_11,disprot_taxon_9606_homo_sapiens.json
Q12834,DP01118,Homo sapiens,9606,Human,Cell division cycle protein 20 homolog,CDC20,499,499,2,107,107,0.21442885771543085,0.21442885771543085,0.21442885771543085,0.09619238476953908,True,False,UPI0000048D5D,UniRef50_Q12834,2018_11,disprot_taxon_9606_homo_sapiens.json
P35222,DP01119,Homo sapiens,9606,Human,Catenin beta-1,CTNNB1,781,781,25,232,232,0.2970550576184379,0.2970550576184379,0.2970550576184379,0.21510883482714468,True,False,UPI000012862F,UniRef50_Q02248,2018_11,disprot_taxon_9606_homo_sapiens.json
P24864,DP01120,Homo sapiens,9606,Human,G1/S-specific cyclin-E1,CCNE1,410,410,1,14,14,0.03414634146341464,0.03414634146341464,0.03414634146341464,0.24390243902439024,True,False,UPI0000001C33,UniRef50_P24864,2018_11,disprot_taxon_9606_homo_sapiens.json
P43403,DP01123,Homo sapiens,9606,Human,Tyrosine-protein kinase ZAP-70,ZAP70,619,619,3,62,62,0.10016155088852989,0.10016155088852989,0.10016155088852989,0.11308562197092084,True,False,UPI000013C370,UniRef50_P43403,2018_11,disprot_taxon_9606_homo_sapiens.json
Q9Y261,DP01124,Homo sapiens,9606,Human,Hepatocyte nuclear factor 3-beta,FOXA2,457,457,2,19,19,0.04157549234135667,0.04157549234135667,0.04157549234135667,0.5645514223194749,True,False,UPI000012CA87,UniRef50_P35583,2018_11,disprot_taxon_9606_homo_sapiens.json
O43806,DP01128,Homo sapiens,9606,Human,p27 kip1 protein,p27 kip1,158,158,9,158,158,1.0,1.0,1.0,0.3291139240506329,True,False,UPI000006FD53,UniRef50_P46527,2018_11,disprot_taxon_9606_homo_sapiens.json
P49757,DP01130,Homo sapiens,9606,Human,Protein numb homolog,NUMB,651,651,2,11,11,0.016897081413210446,0.016897081413210446,0.016897081413210446,0.4608294930875576,True,False,UPI000000163C,UniRef50_Q9QZS3,2018_11,disprot_taxon_9606_homo_sapiens.json
O14558,DP01131,Homo sapiens,9606,Human,Heat shock protein beta-6,HSPB6,160,160,12,69,69,0.43125,0.43125,0.43125,0.11875,True,False,UPI000016955A,UniRef50_O14558,2018_11,disprot_taxon_9606_homo_sapiens.json
Q12778,DP01132,Homo sapiens,9606,Human,Forkhead box protein O1,FOXO1,655,655,3,25,25,0.03816793893129771,0.03816793893129771,0.03816793893129771,0.7007633587786259,True,False,UPI000012ADE9,UniRef50_Q9R1E0,2018_11,disprot_taxon_9606_homo_sapiens.json
Q00987-11,DP01133,Homo sapiens,9606,Human,Isoform 11 of E3 ubiquitin-protein ligase Mdm2,MDM2,497,497,3,87,87,0.1750503018108652,0.1750503018108652,0.1750503018108652,,False,False,UPI00006CA35C,,2018_11,disprot_taxon_9606_homo_sapiens.json
P10071,DP01134,Homo sapiens,9606,Human,Transcriptional activator GLI3,GLI3,1580,1580,4,131,131,0.08291139240506329,0.08291139240506329,0.08291139240506329,0.8316455696202532,True,False,UPI000012B60B,UniRef50_Q61602,2018_11,disprot_taxon_9606_homo_sapiens.json
Q6FI81,DP01137,Homo sapiens,9606,Human,Anamorsin,CIAPIN1,312,312,2,94,94,0.30128205128205127,0.30128205128205127,0.30128205128205127,0.03205128205128205,True,False,UPI00003B116F,UniRef50_Q6FI81,2018_11,disprot_taxon_9606_homo_sapiens.json
Q14457,DP01149,Homo sapiens,9606,Human,Beclin-1,BECN1,450,450,37,156,156,0.3466666666666667,0.3466666666666667,0.3466666666666667,0.17555555555555555,True,False,UPI000016A9FF,UniRef50_Q14457,2018_11,disprot_taxon_9606_homo_sapiens.json
P07305,DP01156,Homo sapiens,9606,Human,Histone H1.0,H1-0,194,194,10,119,119,0.6134020618556701,0.6134020618556701,0.6134020618556701,0.24742268041237114,True,False,UPI000012BEED,UniRef50_P07305,2018_11,disprot_taxon_9606_homo_sapiens.json
P04908,DP01157,Homo sapiens,9606,Human,Histone H2A type 1-B/E,H2AC4,130,130,6,60,60,0.46153846153846156,0.46153846153846156,0.46153846153846156,0.0,True,False,UPI000012BF64,UniRef50_P04908,2018_11,disprot_taxon_9606_homo_sapiens.json
P06899,DP01158,Homo sapiens,9606,Human,Histone H2B type 1-J,H2BC11,126,126,3,38,38,0.30158730158730157,0.30158730158730157,0.30158730158730157,0.0873015873015873,True,False,UPI0000001BD5,UniRef50_P06899,2018_11,disprot_taxon_9606_homo_sapiens.json
A6NF83,DP01159,Homo sapiens,9606,Human,Nuclear protein 2,NUPR2,97,97,6,97,97,1.0,1.0,1.0,0.030927835051546393,True,False,UPI00001D751D,UniRef50_A6NF83,2018_11,disprot_taxon_9606_homo_sapiens.json
Q9UMS4,DP01161,Homo sapiens,9606,Human,Pre-mRNA-processing factor 19,PRPF19,504,504,1,26,26,0.051587301587301584,0.051587301587301584,0.051587301587301584,0.06349206349206349,True,False,UPI000003F659,UniRef50_Q9UMS4,2018_11,disprot_taxon_9606_homo_sapiens.json
O14974,DP01163,Homo sapiens,9606,Human,Protein phosphatase 1 regulatory subunit 12A,PPP1R12A,1030,1030,2,40,40,0.038834951456310676,0.038834951456310676,0.038834951456310676,0.5300970873786408,True,False,UPI0000073E69,UniRef50_O14974,2018_11,disprot_taxon_9606_homo_sapiens.json
Q13625,DP01164,Homo sapiens,9606,Human,Apoptosis-stimulating of p53 protein 2,TP53BP2,1128,1128,18,588,588,0.5212765957446809,0.5212765957446809,0.5212765957446809,0.5186170212765957,True,False,UPI0000131032,UniRef50_Q13625,2018_11,disprot_taxon_9606_homo_sapiens.json
Q9HAN9,DP01165,Homo sapiens,9606,Human,Nicotinamide/nicotinic acid mononucleotide adenylyltransferase 1,NMNAT1,279,279,1,38,38,0.13620071684587814,0.13620071684587814,0.13620071684587814,0.1039426523297491,True,False,UPI0000041261,UniRef50_Q9HAN9,2018_11,disprot_taxon_9606_homo_sapiens.json
P02730,DP01167,Homo sapiens,9606,Human,Band 3 anion transport protein,SLC4A1,911,911,1,54,54,0.059275521405049394,0.059275521405049394,0.059275521405049394,0.10428100987925357,True,False,UPI00000375B8,UniRef50_P02730,2018_11,disprot_taxon_9606_homo_sapiens.json
O00268,DP01170,Homo sapiens,9606,Human,Transcription initiation factor TFIID subunit 4,TAF4,1085,1085,5,431,431,0.3972350230414747,0.3972350230414747,0.3972350230414747,0.6331797235023041,True,False,UPI00001367E2,UniRef50_O00268,2018_11,disprot_taxon_9606_homo_sapiens.json
P42768,DP01171,Homo sapiens,9606,Human,Wiskott-Aldrich syndrome protein,WAS,502,502,6,68,68,0.13545816733067728,0.13545816733067728,0.13545816733067728,0.26095617529880477,True,False,UPI000003CA0A,UniRef50_P42768,2018_11,disprot_taxon_9606_homo_sapiens.json
O43516,DP01172,Homo sapiens,9606,Human,WAS/WASL-interacting protein family member 1,WIPF1,503,503,12,197,197,0.39165009940357853,0.39165009940357853,0.39165009940357853,0.44532803180914515,True,False,UPI0000138EAA,UniRef50_O43516,2018_11,disprot_taxon_9606_homo_sapiens.json
Q15726,DP01173,Homo sapiens,9606,Human,Metastasis-suppressor KiSS-1,KISS1,138,138,9,119,119,0.8623188405797102,0.8623188405797102,0.8623188405797102,0.39855072463768115,True,False,UPI000012DE77,UniRef50_Q15726,2018_11,disprot_taxon_9606_homo_sapiens.json
O43474,DP01174,Homo sapiens,9606,Human,Krueppel-like factor 4,KLF4,513,513,3,130,130,0.253411306042885,0.253411306042885,0.253411306042885,0.7192982456140351,True,False,UPI000014D66E,UniRef50_Q60793,2018_11,disprot_taxon_9606_homo_sapiens.json
Q14978,DP01178,Homo sapiens,9606,Human,Nucleolar and coiled-body phosphoprotein 1,NOLC1,699,699,7,699,699,1.0,1.0,1.0,0.6738197424892703,True,False,UPI00001303C3,UniRef50_Q14978,2018_11,disprot_taxon_9606_homo_sapiens.json
O96013,DP01184,Homo sapiens,9606,Human,Serine/threonine-protein kinase PAK 4,PAK4,591,591,3,60,60,0.10152284263959391,0.10152284263959391,0.10152284263959391,0.38578680203045684,True,False,UPI0000001281,UniRef50_O96013,2018_11,disprot_taxon_9606_homo_sapiens.json
P55036,DP01192,Homo sapiens,9606,Human,26S proteasome non-ATPase regulatory subunit 4,PSMD4,377,377,19,84,84,0.22281167108753316,0.22281167108753316,0.22281167108753316,0.1883289124668435,True,False,UPI0000038DA5,UniRef50_P55036,2018_11,disprot_taxon_9606_homo_sapiens.json
Q9H211,DP01193,Homo sapiens,9606,Human,DNA replication factor Cdt1,CDT1,546,546,10,123,123,0.22527472527472528,0.22527472527472528,0.22527472527472528,0.2600732600732601,True,False,UPI0000070A16,UniRef50_Q9H211,2018_11,disprot_taxon_9606_homo_sapiens.json
O75807,DP01203,Homo sapiens,9606,Human,Protein phosphatase 1 regulatory subunit 15A,PPP1R15A,674,674,14,674,674,1.0,1.0,1.0,0.6735905044510386,True,False,UPI000006F652,UniRef50_O75807,2018_11,disprot_taxon_9606_homo_sapiens.json
Q15797,DP01206,Homo sapiens,9606,Human,Mothers against decapentaplegic homolog 1,SMAD1,465,465,4,51,51,0.10967741935483871,0.10967741935483871,0.10967741935483871,0.18924731182795698,True,False,UPI0000135A76,UniRef50_Q15797,2018_11,disprot_taxon_9606_homo_sapiens.json
O43312,DP01224,Homo sapiens,9606,Human,Protein MTSS 1,MTSS1,755,755,2,15,15,0.019867549668874173,0.019867549668874173,0.019867549668874173,0.5298013245033113,True,False,UPI000019B3D8,UniRef50_Q8R1S4,2018_11,disprot_taxon_9606_homo_sapiens.json
Q9UMZ1,DP01228,Homo sapiens,9606,Human,Prothymosin a14,,101,101,11,101,101,1.0,1.0,1.0,0.009900990099009901,True,False,UPI000006F864,UniRef50_Q9NYD3,2018_11,disprot_taxon_9606_homo_sapiens.json
P55735,DP01236,Homo sapiens,9606,Human,Protein SEC13 homolog,SEC13,322,322,2,26,26,0.08074534161490683,0.08074534161490683,0.08074534161490683,0.043478260869565216,True,False,UPI000013DEC3,UniRef50_P55735,2018_11,disprot_taxon_9606_homo_sapiens.json
P20591,DP01239,Homo sapiens,9606,Human,Interferon-induced GTP-binding protein Mx1,MX1,662,662,2,51,51,0.0770392749244713,0.0770392749244713,0.0770392749244713,0.08610271903323263,True,False,UPI000012FAA0,UniRef50_P20591,2018_11,disprot_taxon_9606_homo_sapiens.json
Q9UJX2,DP01240,Homo sapiens,9606,Human,Cell division cycle protein 23 homolog,CDC23,597,597,2,65,65,0.10887772194304858,0.10887772194304858,0.10887772194304858,0.08710217755443886,True,False,UPI000006CC86,UniRef50_Q9UJX2,2018_11,disprot_taxon_9606_homo_sapiens.json
P19634,DP01241,Homo sapiens,9606,Human,Sodium/hydrogen exchanger 1,SLC9A1,815,815,13,136,136,0.1668711656441718,0.1668711656441718,0.1668711656441718,0.2969325153374233,True,False,UPI000012FD1B,UniRef50_P19634,2018_11,disprot_taxon_9606_homo_sapiens.json
O76074,DP01244,Homo sapiens,9606,Human,"cGMP-specific 3',5'-cyclic phosphodiesterase",PDE5A,875,875,3,41,41,0.046857142857142854,0.046857142857142854,0.046857142857142854,0.10628571428571429,True,False,UPI000013D571,UniRef50_O76074,2018_11,disprot_taxon_9606_homo_sapiens.json
O95292,DP01248,Homo sapiens,9606,Human,Vesicle-associated membrane protein-associated protein B/C,VAPB,243,243,8,150,150,0.6172839506172839,0.6172839506172839,0.6172839506172839,0.205761316872428,True,False,UPI0000048ED2,UniRef50_O95292,2018_11,disprot_taxon_9606_homo_sapiens.json
P61073,DP01249,Homo sapiens,9606,Human,C-X-C chemokine receptor type 4,CXCR4,352,352,7,56,56,0.1590909090909091,0.1590909090909091,0.1590909090909091,0.13068181818181818,True,False,UPI000000106C,UniRef50_P61073,2018_11,disprot_taxon_9606_homo_sapiens.json
P01137,DP01252,Homo sapiens,9606,Human,Transforming growth factor beta-1 proprotein,TGFB1,390,390,3,22,22,0.05641025641025641,0.05641025641025641,0.05641025641025641,0.08461538461538462,True,False,UPI000002C691,UniRef50_P01137,2018_11,disprot_taxon_9606_homo_sapiens.json
P05386,DP01253,Homo sapiens,9606,Human,60S acidic ribosomal protein P1,RPLP1,114,114,2,52,52,0.45614035087719296,0.45614035087719296,0.45614035087719296,0.30701754385964913,True,False,UPI0000134244,UniRef50_P05386,2018_11,disprot_taxon_9606_homo_sapiens.json
P12956,DP01254,Homo sapiens,9606,Human,X-ray repair cross-complementing protein 6,XRCC6,609,609,1,77,77,0.12643678160919541,0.12643678160919541,0.12643678160919541,0.08538587848932677,True,False,UPI000012E125,UniRef50_P12956,2018_11,disprot_taxon_9606_homo_sapiens.json
P13010,DP01255,Homo sapiens,9606,Human,X-ray repair cross-complementing protein 5,XRCC5,732,732,1,20,20,0.0273224043715847,0.0273224043715847,0.0273224043715847,0.10109289617486339,True,False,UPI000012E126,UniRef50_P13010,2018_11,disprot_taxon_9606_homo_sapiens.json
P41208,DP01259,Homo sapiens,9606,Human,Centrin-2,CETN2,172,172,1,22,22,0.12790697674418605,0.12790697674418605,0.12790697674418605,0.11627906976744186,True,False,UPI000012751A,UniRef50_P41208,2018_11,disprot_taxon_9606_homo_sapiens.json
P49848,DP01262,Homo sapiens,9606,Human,Transcription initiation factor TFIID subunit 6,TAF6,677,677,3,457,457,0.6750369276218612,0.6750369276218612,0.6750369276218612,0.3707533234859675,True,False,UPI0000044681,UniRef50_P49848,2018_11,disprot_taxon_9606_homo_sapiens.json
Q9H816,DP01268,Homo sapiens,9606,Human,5' exonuclease Apollo,DCLRE1B,532,532,1,22,22,0.041353383458646614,0.041353383458646614,0.041353383458646614,0.34398496240601506,True,False,UPI000006FBBC,UniRef50_Q9H816,2018_11,disprot_taxon_9606_homo_sapiens.json
Q8NG31,DP01269,Homo sapiens,9606,Human,Kinetochore scaffold 1,KNL1,2342,2342,7,54,54,0.02305721605465414,0.02305721605465414,0.02305721605465414,0.8151152860802733,True,False,UPI0000E59BD3,UniRef50_Q8NG31,2018_11,disprot_taxon_9606_homo_sapiens.json
Q15691,DP01271,Homo sapiens,9606,Human,Microtubule-associated protein RP/EB family member 1,MAPRE1,268,268,5,17,17,0.06343283582089553,0.06343283582089553,0.06343283582089553,0.16791044776119404,True,False,UPI000012EB1B,UniRef50_Q15691,2018_11,disprot_taxon_9606_homo_sapiens.json
Q6VMQ6,DP01277,Homo sapiens,9606,Human,Activating transcription factor 7-interacting protein 1,ATF7IP,1270,1270,1,27,27,0.02125984251968504,0.02125984251968504,0.02125984251968504,0.7661417322834646,True,False,UPI00001D6EB8,UniRef50_Q6VMQ6,2018_11,disprot_taxon_9606_homo_sapiens.json
Q68DK7,DP01278,Homo sapiens,9606,Human,Male-specific lethal 1 homolog,MSL1,614,614,1,11,11,0.017915309446254073,0.017915309446254073,0.017915309446254073,0.5456026058631922,True,False,UPI000041A0E7,UniRef50_Q6PDM1,2018_11,disprot_taxon_9606_homo_sapiens.json
Q8N5Y2,DP01279,Homo sapiens,9606,Human,Male-specific lethal 3 homolog,MSL3,521,521,2,32,32,0.061420345489443376,0.061420345489443376,0.061420345489443376,0.39539347408829173,True,False,UPI000006E6B7,UniRef50_Q8N5Y2,2018_11,disprot_taxon_9606_homo_sapiens.json
P05067,DP01280,Homo sapiens,9606,Human,Amyloid-beta precursor protein,APP,770,770,11,40,40,0.05194805194805195,0.05194805194805195,0.05194805194805195,0.35194805194805195,True,False,UPI000002A2F6,UniRef50_P05067,2018_11,disprot_taxon_9606_homo_sapiens.json
Q16576,DP01282,Homo sapiens,9606,Human,Histone-binding protein RBBP7,RBBP7,425,425,2,38,38,0.08941176470588236,0.08941176470588236,0.08941176470588236,0.07764705882352942,True,False,UPI00000001ED,UniRef50_Q16576,2018_11,disprot_taxon_9606_homo_sapiens.json
Q9Y3E7,DP01283,Homo sapiens,9606,Human,Charged multivesicular body protein 3,CHMP3,222,222,2,16,16,0.07207207207207207,0.07207207207207207,0.07207207207207207,0.11261261261261261,True,False,UPI000006E953,UniRef50_Q9Y3E7,2018_11,disprot_taxon_9606_homo_sapiens.json
P24928,DP01284,Homo sapiens,9606,Human,DNA-directed RNA polymerase II subunit RPB1,POLR2A,1970,1970,3,198,198,0.10050761421319797,0.10050761421319797,0.10050761421319797,0.24974619289340103,True,False,UPI0000140EB9,UniRef50_P24928,2018_11,disprot_taxon_9606_homo_sapiens.json
O43313,DP01288,Homo sapiens,9606,Human,ATM interactor,ATMIN,823,823,2,462,462,0.5613608748481167,0.5613608748481167,0.5613608748481167,0.7424058323207776,True,False,UPI00001397CC,UniRef50_O43313,2018_11,disprot_taxon_9606_homo_sapiens.json
P49768,DP01292,Homo sapiens,9606,Human,Presenilin-1,PSEN1,467,467,2,194,194,0.41541755888650966,0.41541755888650966,0.41541755888650966,0.2633832976445396,True,False,UPI000003F05F,UniRef50_P49768,2018_11,disprot_taxon_9606_homo_sapiens.json
Q13542,DP01293,Homo sapiens,9606,Human,Eukaryotic translation initiation factor 4E-binding protein 2,EIF4EBP2,120,120,8,120,120,1.0,1.0,1.0,0.1833333333333333,True,False,UPI0000073D8C,UniRef50_Q13542,2018_11,disprot_taxon_9606_homo_sapiens.json
O14519,DP01303,Homo sapiens,9606,Human,Cyclin-dependent kinase 2-associated protein 1,CDK2AP1,115,115,1,60,60,0.5217391304347826,0.5217391304347826,0.5217391304347826,0.13043478260869565,True,False,UPI000000164E,UniRef50_O14519,2018_11,disprot_taxon_9606_homo_sapiens.json
Q03518,DP01306,Homo sapiens,9606,Human,Antigen peptide transporter 1,TAP1,748,748,1,112,112,0.1497326203208556,0.1497326203208556,0.1497326203208556,0.14356435643564355,True,False,UPI00001368D6,UniRef50_Q03518,2018_11,disprot_taxon_9606_homo_sapiens.json
O60828,DP01308,Homo sapiens,9606,Human,Polyglutamine-binding protein 1,PQBP1,265,265,24,265,265,1.0,1.0,1.0,0.090566037735849,True,False,UPI0000073DB7,UniRef50_O60828,2018_11,disprot_taxon_9606_homo_sapiens.json
P50750,DP01309,Homo sapiens,9606,Human,Cyclin-dependent kinase 9,CDK9,372,372,8,72,72,0.1935483870967742,0.1935483870967742,0.1935483870967742,0.08602150537634409,True,False,UPI0000127435,UniRef50_P50750,2018_11,disprot_taxon_9606_homo_sapiens.json
Q8WUP2,DP01310,Homo sapiens,9606,Human,Filamin-binding LIM protein 1,FBLIM1,373,373,3,85,85,0.22788203753351208,0.22788203753351208,0.22788203753351208,0.3699731903485255,True,False,UPI000013E169,UniRef50_Q8WUP2,2018_11,disprot_taxon_9606_homo_sapiens.json
Q6NUK1,DP01311,Homo sapiens,9606,Human,Calcium-binding mitochondrial carrier protein SCaMC-1,SLC25A24,477,477,11,90,90,0.18867924528301888,0.18867924528301888,0.18867924528301888,0.06079664570230608,True,False,UPI0000352C31,UniRef50_Q6NUK1,2018_11,disprot_taxon_9606_homo_sapiens.json
Q9UMX1,DP01312,Homo sapiens,9606,Human,Suppressor of fused homolog,SUFU,484,484,2,82,82,0.16942148760330578,0.16942148760330578,0.16942148760330578,0.17768595041322313,True,False,UPI0000073118,UniRef50_Q9UMX1,2018_11,disprot_taxon_9606_homo_sapiens.json
O60741,DP01317,Homo sapiens,9606,Human,Potassium/sodium hyperpolarization-activated cyclic nucleotide-gated channel 1,HCN1,890,890,1,93,93,0.10449438202247191,0.10449438202247191,0.10449438202247191,0.3775280898876405,True,False,UPI00001AED69,UniRef50_O60741,2018_11,disprot_taxon_9606_homo_sapiens.json
Q15796,DP01319,Homo sapiens,9606,Human,Mothers against decapentaplegic homolog 2,SMAD2,467,467,10,51,51,0.10920770877944326,0.10920770877944326,0.10920770877944326,0.25267665952890794,True,False,UPI0000032EE7,UniRef50_Q15796,2018_11,disprot_taxon_9606_homo_sapiens.json
Q9HCJ0,DP01324,Homo sapiens,9606,Human,Trinucleotide repeat-containing gene 6C protein,TNRC6C,1936,1936,8,22,22,0.011363636363636364,0.011363636363636364,0.011363636363636364,0.8579881656804734,True,False,UPI000052BFDB,UniRef50_Q9HCJ0,2018_11,disprot_taxon_9606_homo_sapiens.json
O43236-6,DP01325,Homo sapiens,9606,Human,Isoform ARTS of Septin-4,SEPTIN4,274,274,4,27,27,0.09854014598540146,0.09854014598540146,0.09854014598540146,,False,False,UPI000003FD93,,2018_11,disprot_taxon_9606_homo_sapiens.json
Q9Y4P1,DP01326,Homo sapiens,9606,Human,Cysteine protease ATG4B,ATG4B,393,393,10,47,47,0.11959287531806616,0.11959287531806616,0.11959287531806616,0.09923664122137404,True,False,UPI00001AF16F,UniRef50_Q9Y4P1,2018_11,disprot_taxon_9606_homo_sapiens.json
Q8IV16,DP01327,Homo sapiens,9606,Human,Glycosylphosphatidylinositol-anchored high density lipoprotein-binding protein 1,GPIHBP1,184,184,7,34,34,0.18478260869565216,0.18478260869565216,0.18478260869565216,0.1956521739130435,True,False,UPI00000746BF,UniRef50_Q8IV16,2018_11,disprot_taxon_9606_homo_sapiens.json
Q9C0C7,DP01328,Homo sapiens,9606,Human,Activating molecule in BECN1-regulated autophagy protein 1,AMBRA1,1298,1298,3,15,15,0.011556240369799691,0.011556240369799691,0.011556240369799691,0.6810477657935285,True,False,UPI000007141C,UniRef50_Q9C0C7,2018_11,disprot_taxon_9606_homo_sapiens.json
P28324,DP01329,Homo sapiens,9606,Human,ETS domain-containing protein Elk-4,ELK4,431,431,3,43,43,0.09976798143851508,0.09976798143851508,0.09976798143851508,0.5406032482598608,True,False,UPI000017640E,UniRef50_P28324,2018_11,disprot_taxon_9606_homo_sapiens.json
P17931,DP01332,Homo sapiens,9606,Human,Galectin-3,LGALS3,250,250,11,115,115,0.46,0.46,0.46,0.392,True,False,UPI000012E42A,UniRef50_P17931,2018_11,disprot_taxon_9606_homo_sapiens.json
O00522,DP01333,Homo sapiens,9606,Human,Krev interaction trapped protein 1,KRIT1,736,736,1,11,11,0.014945652173913044,0.014945652173913044,0.014945652173913044,0.12228260869565218,True,False,UPI000012E078,UniRef50_O00522,2018_11,disprot_taxon_9606_homo_sapiens.json
O94907,DP01335,Homo sapiens,9606,Human,Dickkopf-related protein 1,DKK1,266,266,1,11,11,0.041353383458646614,0.041353383458646614,0.041353383458646614,0.34210526315789475,True,False,UPI000004C65E,UniRef50_O94907,2018_11,disprot_taxon_9606_homo_sapiens.json
Q96B02,DP01337,Homo sapiens,9606,Human,Ubiquitin-conjugating enzyme E2 W,UBE2W,151,151,1,10,10,0.06622516556291391,0.06622516556291391,0.06622516556291391,0.013245033112582781,True,False,UPI0000037726,UniRef50_Q96B02,2018_11,disprot_taxon_9606_homo_sapiens.json
P52564,DP01342,Homo sapiens,9606,Human,Dual specificity mitogen-activated protein kinase kinase 6,MAP2K6,334,334,10,56,56,0.16766467065868262,0.16766467065868262,0.16766467065868262,0.10778443113772455,True,False,UPI000012F492,UniRef50_P52564,2018_11,disprot_taxon_9606_homo_sapiens.json
Q13469,DP01344,Homo sapiens,9606,Human,"Nuclear factor of activated T-cells, cytoplasmic 2",NFATC2,925,925,4,164,164,0.1772972972972973,0.1772972972972973,0.1772972972972973,0.6410810810810811,True,False,UPI000012FFB7,UniRef50_Q13469,2018_11,disprot_taxon_9606_homo_sapiens.json
Q9UNL4,DP01347,Homo sapiens,9606,Human,Inhibitor of growth protein 4,ING4,249,249,2,70,70,0.28112449799196787,0.28112449799196787,0.28112449799196787,0.20883534136546184,True,False,UPI000006EFE0,UniRef50_Q9UNL4,2018_11,disprot_taxon_9606_homo_sapiens.json
P15927,DP01361,Homo sapiens,9606,Human,Replication protein A 32 kDa subunit,RPA2,270,270,2,138,138,0.5111111111111111,0.5111111111111111,0.5111111111111111,0.2037037037037037,True,False,UPI000013379F,UniRef50_P15927,2018_11,disprot_taxon_9606_homo_sapiens.json
P62826,DP01364,Homo sapiens,9606,Human,GTP-binding nuclear protein Ran,RAN,216,216,3,63,63,0.2916666666666667,0.2916666666666667,0.2916666666666667,0.037037037037037035,True,False,UPI0000000DE2,UniRef50_P62826,2018_11,disprot_taxon_9606_homo_sapiens.json
Q8WXE9,DP01368,Homo sapiens,9606,Human,Stonin-2,STON2,905,905,3,40,40,0.04419889502762431,0.04419889502762431,0.04419889502762431,0.47624309392265196,True,False,UPI000007259C,UniRef50_Q8WXE9,2018_11,disprot_taxon_9606_homo_sapiens.json
P01130,DP01396,Homo sapiens,9606,Human,Low-density lipoprotein receptor,LDLR,860,860,4,53,53,0.06162790697674419,0.06162790697674419,0.06162790697674419,0.15465116279069768,True,False,UPI00000015DF,UniRef50_P01130,2018_11,disprot_taxon_9606_homo_sapiens.json
P45985,DP01400,Homo sapiens,9606,Human,Dual specificity mitogen-activated protein kinase kinase 4,MAP2K4,399,399,9,86,86,0.21553884711779447,0.21553884711779447,0.21553884711779447,0.21553884711779447,True,False,UPI000012F48E,UniRef50_P45985,2018_11,disprot_taxon_9606_homo_sapiens.json
Q92913,DP01404,Homo sapiens,9606,Human,Fibroblast growth factor 13,FGF13,245,245,2,25,25,0.10204081632653061,0.10204081632653061,0.10204081632653061,0.17551020408163265,True,False,UPI00000359FC,UniRef50_P70377,2018_11,disprot_taxon_9606_homo_sapiens.json
Q16543,DP01420,Homo sapiens,9606,Human,Hsp90 co-chaperone Cdc37,CDC37,378,378,3,75,75,0.1984126984126984,0.1984126984126984,0.1984126984126984,0.09523809523809523,True,False,UPI000012723D,UniRef50_Q16543,2018_11,disprot_taxon_9606_homo_sapiens.json
Q15004,DP01425,Homo sapiens,9606,Human,PCNA-associated factor,PCLAF,111,111,17,111,111,1.0,1.0,1.0,0.1081081081081081,True,False,UPI000003ABC6,UniRef50_Q15004,2018_11,disprot_taxon_9606_homo_sapiens.json
P06400,DP01426,Homo sapiens,9606,Human,Retinoblastoma-associated protein,RB1,928,928,22,276,276,0.2974137931034483,0.2974137931034483,0.2974137931034483,0.21120689655172414,True,False,UPI00001740DB,UniRef50_P06400,2018_11,disprot_taxon_9606_homo_sapiens.json
Q01094,DP01427,Homo sapiens,9606,Human,Transcription factor E2F1,E2F1,437,437,4,102,102,0.2334096109839817,0.2334096109839817,0.2334096109839817,0.41876430205949655,True,False,UPI000002EDEC,UniRef50_Q01094,2018_11,disprot_taxon_9606_homo_sapiens.json
P31431,DP01434,Homo sapiens,9606,Human,Syndecan-4,SDC4,198,198,1,28,28,0.1414141414141414,0.1414141414141414,0.1414141414141414,0.16161616161616163,True,False,UPI000003EE91,UniRef50_P31431,2018_11,disprot_taxon_9606_homo_sapiens.json
O60829,DP01435,Homo sapiens,9606,Human,P antigen family member 4,PAGE4,102,102,11,102,102,1.0,1.0,1.0,0.058823529411764705,True,False,UPI000012B3E1,UniRef50_O60829,2018_11,disprot_taxon_9606_homo_sapiens.json
O14936,DP01438,Homo sapiens,9606,Human,Peripheral plasma membrane protein CASK,CASK,926,926,10,109,109,0.11771058315334773,0.11771058315334773,0.11771058315334773,0.15334773218142547,True,False,UPI000012853E,UniRef50_O14936,2018_11,disprot_taxon_9606_homo_sapiens.json
P14921,DP01441,Homo sapiens,9606,Human,Protein C-ets-1,ETS1,441,441,2,43,43,0.09750566893424037,0.09750566893424037,0.09750566893424037,0.45351473922902497,True,False,UPI000012A268,UniRef50_P14921,2018_11,disprot_taxon_9606_homo_sapiens.json
Q9UJX4,DP01443,Homo sapiens,9606,Human,Anaphase-promoting complex subunit 5,ANAPC5,755,755,5,125,125,0.16556291390728478,0.16556291390728478,0.16556291390728478,0.09668874172185431,True,False,UPI00000716C8,UniRef50_Q9UJX4,2018_11,disprot_taxon_9606_homo_sapiens.json
P30260,DP01445,Homo sapiens,9606,Human,Cell division cycle protein 27 homolog,CDC27,824,824,4,338,338,0.41019417475728154,0.41019417475728154,0.41019417475728154,0.37985436893203883,True,False,UPI000016AE00,UniRef50_P30260,2018_11,disprot_taxon_9606_homo_sapiens.json
Q9Y239,DP01446,Homo sapiens,9606,Human,Nucleotide-binding oligomerization domain-containing protein 1,NOD1,953,953,1,28,28,0.02938090241343127,0.02938090241343127,0.02938090241343127,0.07555089192025184,True,False,UPI00000375EE,UniRef50_Q9Y239,2018_11,disprot_taxon_9606_homo_sapiens.json
P30281,DP01447,Homo sapiens,9606,Human,G1/S-specific cyclin-D3,CCND3,292,292,3,60,60,0.2054794520547945,0.2054794520547945,0.2054794520547945,0.10273972602739725,True,False,UPI0000149774,UniRef50_P30281,2018_11,disprot_taxon_9606_homo_sapiens.json
Q15637,DP01449,Homo sapiens,9606,Human,Splicing factor 1,SF1,639,639,4,52,52,0.081377151799687,0.081377151799687,0.081377151799687,0.3208137715179969,True,False,UPI0000072211,UniRef50_Q15637,2018_11,disprot_taxon_9606_homo_sapiens.json
Q9UKT4,DP01450,Homo sapiens,9606,Human,F-box only protein 5,FBXO5,447,447,14,401,401,0.8970917225950783,0.8970917225950783,0.8970917225950783,0.47651006711409394,True,False,UPI000012A585,UniRef50_Q9UKT4,2018_11,disprot_taxon_9606_homo_sapiens.json
Q9UBU9,DP01451,Homo sapiens,9606,Human,Nuclear RNA export factor 1,NXF1,619,619,2,23,23,0.03715670436187399,0.03715670436187399,0.03715670436187399,0.2035541195476575,True,False,UPI00000012B9,UniRef50_Q9UBU9,2018_11,disprot_taxon_9606_homo_sapiens.json
Q13042,DP01452,Homo sapiens,9606,Human,Cell division cycle protein 16 homolog,CDC16,620,620,6,126,126,0.2032258064516129,0.2032258064516129,0.2032258064516129,0.17419354838709677,True,False,UPI000006D12D,UniRef50_Q13042,2018_11,disprot_taxon_9606_homo_sapiens.json
Q8NHZ8,DP01453,Homo sapiens,9606,Human,Anaphase-promoting complex subunit CDC26,CDC26,85,85,1,60,60,0.7058823529411765,0.7058823529411765,0.7058823529411765,0.17647058823529413,True,False,UPI0000073C4F,UniRef50_Q8NHZ8,2018_11,disprot_taxon_9606_homo_sapiens.json
P60006,DP01454,Homo sapiens,9606,Human,Anaphase-promoting complex subunit 15,ANAPC15,121,121,1,65,65,0.5371900826446281,0.5371900826446281,0.5371900826446281,0.05785123966942149,True,False,UPI000002356F,UniRef50_P60006,2018_11,disprot_taxon_9606_homo_sapiens.json
Q96DE5,DP01455,Homo sapiens,9606,Human,Anaphase-promoting complex subunit 16,ANAPC16,110,110,1,51,51,0.4636363636363636,0.4636363636363636,0.4636363636363636,0.3,True,False,UPI000002181D,UniRef50_Q96DE5,2018_11,disprot_taxon_9606_homo_sapiens.json
Q01081,DP01456,Homo sapiens,9606,Human,Splicing factor U2AF 35 kDa subunit,U2AF1,240,240,3,115,115,0.4791666666666667,0.4791666666666667,0.4791666666666667,0.2125,True,False,UPI0000000C26,UniRef50_Q01081,2018_11,disprot_taxon_9606_homo_sapiens.json
Q92973,DP01457,Homo sapiens,9606,Human,Transportin-1,TNPO1,898,898,1,53,53,0.05902004454342984,0.05902004454342984,0.05902004454342984,0.0334075723830735,True,False,UPI000000D987,UniRef50_O14787,2018_11,disprot_taxon_9606_homo_sapiens.json
Q9Y3B4,DP01458,Homo sapiens,9606,Human,Splicing factor 3B subunit 6,SF3B6,125,125,2,46,46,0.368,0.368,0.368,0.008,True,False,UPI0000000963,UniRef50_Q9Y3B4,2018_11,disprot_taxon_9606_homo_sapiens.json
Q13188,DP01461,Homo sapiens,9606,Human,Serine/threonine-protein kinase 3,STK3,491,491,7,114,114,0.23217922606924643,0.23217922606924643,0.23217922606924643,0.23014256619144602,True,False,UPI00001360FE,UniRef50_Q13188,2018_11,disprot_taxon_9606_homo_sapiens.json
Q9UHB7,DP01463,Homo sapiens,9606,Human,AF4/FMR2 family member 4,AFF4,1163,1163,10,900,900,0.7738607050730868,0.7738607050730868,0.7738607050730868,0.6870163370593293,True,False,UPI000006F558,UniRef50_Q9UHB7,2018_11,disprot_taxon_9606_homo_sapiens.json
Q8IW19,DP01465,Homo sapiens,9606,Human,Aprataxin and PNK-like factor,APLF,511,511,5,84,84,0.1643835616438356,0.1643835616438356,0.1643835616438356,0.49902152641878667,True,False,UPI0000074578,UniRef50_Q8IW19,2018_11,disprot_taxon_9606_homo_sapiens.json
Q96GU1,DP01473,Homo sapiens,9606,Human,P antigen family member 5,PAGE5,130,130,1,111,111,0.8538461538461538,0.8538461538461538,0.8538461538461538,0.03076923076923077,True,False,UPI000006D8BC,UniRef50_Q96GU1,2018_11,disprot_taxon_9606_homo_sapiens.json
P06748,DP01474,Homo sapiens,9606,Human,Nucleophosmin,NPM1,294,294,23,141,141,0.47959183673469385,0.47959183673469385,0.47959183673469385,0.272108843537415,True,False,UPI00001303ED,UniRef50_P06748,2018_11,disprot_taxon_9606_homo_sapiens.json
Q02413,DP01476,Homo sapiens,9606,Human,Desmoglein-1,DSG1,1049,1049,6,276,276,0.2631077216396568,0.2631077216396568,0.2631077216396568,0.48236415633937085,True,False,UPI000004CAAA,UniRef50_Q02413,2018_11,disprot_taxon_9606_homo_sapiens.json
Q9UJX5,DP01478,Homo sapiens,9606,Human,Anaphase-promoting complex subunit 4,ANAPC4,808,808,7,136,136,0.16831683168316833,0.16831683168316833,0.16831683168316833,0.10891089108910891,True,False,UPI0000071B77,UniRef50_Q9UJX5,2018_11,disprot_taxon_9606_homo_sapiens.json
Q9UJX3,DP01479,Homo sapiens,9606,Human,Anaphase-promoting complex subunit 7,ANAPC7,565,565,4,80,80,0.1415929203539823,0.1415929203539823,0.1415929203539823,0.1285475792988314,True,False,UPI000006D620,UniRef50_Q9UJX3,2018_11,disprot_taxon_9606_homo_sapiens.json
Q96FI4,DP01480,Homo sapiens,9606,Human,Endonuclease 8-like 1,NEIL1,390,390,2,78,78,0.2,0.2,0.2,0.2230769230769231,True,False,UPI000006FEA1,UniRef50_Q96FI4,2018_11,disprot_taxon_9606_homo_sapiens.json
P04626,DP01484,Homo sapiens,9606,Human,Receptor tyrosine-protein kinase erbB-2,ERBB2,1255,1255,4,268,268,0.21354581673306772,0.21354581673306772,0.21354581673306772,0.2446215139442231,True,False,UPI000003F55F,UniRef50_P04626,2018_11,disprot_taxon_9606_homo_sapiens.json
P11912,DP01486,Homo sapiens,9606,Human,B-cell antigen receptor complex-associated protein alpha chain,CD79A,226,226,1,61,61,0.26991150442477874,0.26991150442477874,0.26991150442477874,0.0752212389380531,True,False,UPI000016AD0F,UniRef50_P11912,2018_11,disprot_taxon_9606_homo_sapiens.json
P40259,DP01487,Homo sapiens,9606,Human,B-cell antigen receptor complex-associated protein beta chain,CD79B,229,229,1,49,49,0.21397379912663755,0.21397379912663755,0.21397379912663755,0.09606986899563319,True,False,UPI000011C13D,UniRef50_P40259,2018_11,disprot_taxon_9606_homo_sapiens.json
Q9UBK2,DP01489,Homo sapiens,9606,Human,Peroxisome proliferator-activated receptor gamma coactivator 1-alpha,PPARGC1A,798,798,8,219,219,0.2744360902255639,0.2744360902255639,0.2744360902255639,0.6215538847117794,True,False,UPI000004D072,UniRef50_Q9UBK2,2018_11,disprot_taxon_9606_homo_sapiens.json
Q9NR61,DP01490,Homo sapiens,9606,Human,Delta-like protein 4,DLL4,685,685,4,133,133,0.19416058394160585,0.19416058394160585,0.19416058394160585,0.2,True,False,UPI0000047825,UniRef50_Q9NR61,2018_11,disprot_taxon_9606_homo_sapiens.json
P22059,DP01491,Homo sapiens,9606,Human,Oxysterol-binding protein 1,OSBP,807,807,3,34,34,0.042131350681536554,0.042131350681536554,0.042131350681536554,0.23543990086741015,True,False,UPI0000130EAF,UniRef50_P22059,2018_11,disprot_taxon_9606_homo_sapiens.json
P09429,DP01493,Homo sapiens,9606,Human,High mobility group protein B1,HMGB1,215,215,11,49,49,0.22790697674418606,0.22790697674418606,0.22790697674418606,0.2232558139534883,True,False,UPI000012CA20,UniRef50_P09429,2018_11,disprot_taxon_9606_homo_sapiens.json
P08263,DP01506,Homo sapiens,9606,Human,Glutathione S-transferase A1,GSTA1,222,222,3,15,15,0.06756756756756757,0.06756756756756757,0.06756756756756757,0.0,True,False,UPI00001119C9,UniRef50_P08263,2018_11,disprot_taxon_9606_homo_sapiens.json
Q9UQC2,DP01507,Homo sapiens,9606,Human,GRB2-associated-binding protein 2,GAB2,676,676,2,21,21,0.03106508875739645,0.03106508875739645,0.03106508875739645,0.6479289940828402,True,False,UPI0000073037,UniRef50_Q9UQC2,2018_11,disprot_taxon_9606_homo_sapiens.json
Q15418,DP01508,Homo sapiens,9606,Human,Ribosomal protein S6 kinase alpha-1,RPS6KA1,735,735,17,65,65,0.08843537414965986,0.08843537414965986,0.08843537414965986,0.17006802721088435,True,False,UPI0000035BE4,UniRef50_Q15418,2018_11,disprot_taxon_9606_homo_sapiens.json
Q06710,DP01517,Homo sapiens,9606,Human,Paired box protein Pax-8,PAX8,450,450,4,63,63,0.14,0.14,0.14,0.6222222222222222,True,False,UPI0000131374,UniRef50_Q06710,2018_11,disprot_taxon_9606_homo_sapiens.json
Q02297-10,DP01520,Homo sapiens,9606,Human,"Isoform 10 of Pro-neuregulin-1, membrane-bound isoform",NRG1,296,296,5,75,75,0.2533783783783784,0.2533783783783784,0.2533783783783784,,False,False,UPI00000437A6,,2018_11,disprot_taxon_9606_homo_sapiens.json
Q9UM11,DP01524,Homo sapiens,9606,Human,Fizzy-related protein homolog,FZR1,496,496,4,90,90,0.1814516129032258,0.1814516129032258,0.1814516129032258,0.14516129032258066,True,False,UPI000007165B,UniRef50_Q9UM11,2018_11,disprot_taxon_9606_homo_sapiens.json
Q9UJX6,DP01526,Homo sapiens,9606,Human,Anaphase-promoting complex subunit 2,ANAPC2,822,822,6,172,172,0.20924574209245742,0.20924574209245742,0.20924574209245742,0.08637469586374696,True,False,UPI0000043E1B,UniRef50_Q9UJX6,2018_11,disprot_taxon_9606_homo_sapiens.json
O75554,DP01531,Homo sapiens,9606,Human,WW domain-binding protein 4,WBP4,376,376,2,101,101,0.26861702127659576,0.26861702127659576,0.26861702127659576,0.3484042553191489,True,False,UPI0000072671,UniRef50_O75554,2018_11,disprot_taxon_9606_homo_sapiens.json
Q9NS23-4,DP01533,Homo sapiens,9606,Human,Isoform C of Ras association domain-containing protein 1,RASSF1,270,270,5,62,62,0.22962962962962963,0.22962962962962963,0.22962962962962963,,False,False,UPI000004EC21,,2018_11,disprot_taxon_9606_homo_sapiens.json
Q07889,DP01534,Homo sapiens,9606,Human,Son of sevenless homolog 1,SOS1,1333,1333,6,203,203,0.1522880720180045,0.1522880720180045,0.1522880720180045,0.24081020255063765,True,False,UPI0000135CF0,UniRef50_Q07889,2018_11,disprot_taxon_9606_homo_sapiens.json
O00429-3,DP01537,Homo sapiens,9606,Human,Isoform 2 of Dynamin-1-like protein,DNM1L,710,710,8,118,118,0.16619718309859155,0.16619718309859155,0.16619718309859155,,False,False,UPI00001614E2,,2018_11,disprot_taxon_9606_homo_sapiens.json
P06401,DP01542,Homo sapiens,9606,Human,Progesterone receptor,PGR,933,933,34,617,617,0.6613076098606645,0.6613076098606645,0.6613076098606645,0.6312968917470525,True,False,UPI00001504D7,UniRef50_P06401,2018_11,disprot_taxon_9606_homo_sapiens.json
Q8WV28,DP01544,Homo sapiens,9606,Human,B-cell linker protein,BLNK,456,456,5,330,330,0.7236842105263158,0.7236842105263158,0.7236842105263158,0.3442982456140351,True,False,UPI000007086E,UniRef50_Q8WV28,2018_11,disprot_taxon_9606_homo_sapiens.json
P29274,DP01547,Homo sapiens,9606,Human,Adenosine receptor A2a,ADORA2A,412,412,16,120,120,0.2912621359223301,0.2912621359223301,0.2912621359223301,0.23300970873786409,True,False,UPI000016A417,UniRef50_P29274,2018_11,disprot_taxon_9606_homo_sapiens.json
Q8WYP5,DP01549,Homo sapiens,9606,Human,Protein ELYS,AHCTF1,2266,2266,1,1249,1249,0.5511915269196822,0.5511915269196822,0.5511915269196822,0.5441306266548985,True,False,UPI000006DA20,UniRef50_Q8WYP5,2018_11,disprot_taxon_9606_homo_sapiens.json
Q99523,DP01551,Homo sapiens,9606,Human,Sortilin,SORT1,831,831,1,12,12,0.01444043321299639,0.01444043321299639,0.01444043321299639,0.16726835138387486,True,False,UPI0000135CE9,UniRef50_Q99523,2018_11,disprot_taxon_9606_homo_sapiens.json
P33763,DP01552,Homo sapiens,9606,Human,Protein S100-A5,S100A5,92,92,1,15,15,0.16304347826086957,0.16304347826086957,0.16304347826086957,0.0,True,False,UPI00001353F4,UniRef50_P33763,2018_11,disprot_taxon_9606_homo_sapiens.json
P23443,DP01554,Homo sapiens,9606,Human,Ribosomal protein S6 kinase beta-1,RPS6KB1,525,525,19,164,164,0.31238095238095237,0.31238095238095237,0.31238095238095237,0.3333333333333333,True,False,UPI000012DB33,UniRef50_P67999,2018_11,disprot_taxon_9606_homo_sapiens.json
Q96GC6,DP01556,Homo sapiens,9606,Human,Neurotrophin receptor-interacting factor homolog,ZNF274,653,653,4,243,243,0.3721286370597244,0.3721286370597244,0.3721286370597244,0.4686064318529862,True,False,UPI0000161F3D,UniRef50_Q96GC6,2018_11,disprot_taxon_9606_homo_sapiens.json
Q9UMR2,DP01560,Homo sapiens,9606,Human,ATP-dependent RNA helicase DDX19B,DDX19B,479,479,4,37,37,0.07724425887265135,0.07724425887265135,0.07724425887265135,0.10647181628392484,True,False,UPI000012907F,UniRef50_Q9UMR2,2018_11,disprot_taxon_9606_homo_sapiens.json
P08235,DP01561,Homo sapiens,9606,Human,Mineralocorticoid receptor,NR3C2,984,984,14,602,602,0.6117886178861789,0.6117886178861789,0.6117886178861789,0.6310975609756098,True,False,UPI000012EDE5,UniRef50_P08235,2018_11,disprot_taxon_9606_homo_sapiens.json
Q12905,DP01564,Homo sapiens,9606,Human,Interleukin enhancer-binding factor 2,ILF2,390,390,1,29,29,0.07435897435897436,0.07435897435897436,0.07435897435897436,0.11282051282051282,True,False,UPI00000735E4,UniRef50_Q12905,2018_11,disprot_taxon_9606_homo_sapiens.json
P12931,DP01570,Homo sapiens,9606,Human,Proto-oncogene tyrosine-protein kinase Src,SRC,536,536,5,84,84,0.15671641791044777,0.15671641791044777,0.15671641791044777,0.15485074626865672,True,False,UPI0000135F28,UniRef50_P12931,2018_11,disprot_taxon_9606_homo_sapiens.json
P06239,DP01580,Homo sapiens,9606,Human,Tyrosine-protein kinase Lck,LCK,509,509,4,36,36,0.07072691552062868,0.07072691552062868,0.07072691552062868,0.11984282907662082,True,False,UPI000016AF39,UniRef50_P06239,2018_11,disprot_taxon_9606_homo_sapiens.json
P52799,DP01588,Homo sapiens,9606,Human,Ephrin-B2,EFNB2,333,333,6,81,81,0.24324324324324326,0.24324324324324326,0.24324324324324326,0.3153153153153153,True,False,UPI0000129C9B,UniRef50_P52800,2018_11,disprot_taxon_9606_homo_sapiens.json
Q92945,DP01590,Homo sapiens,9606,Human,Far upstream element-binding protein 2,KHSRP,711,711,5,89,89,0.12517580872011252,0.12517580872011252,0.12517580872011252,0.44022503516174405,True,False,UPI000006FE0F,UniRef50_Q92945,2018_11,disprot_taxon_9606_homo_sapiens.json
P52945,DP01597,Homo sapiens,9606,Human,Pancreas/duodenum homeobox protein 1,PDX1,283,283,1,80,80,0.2826855123674912,0.2826855123674912,0.2826855123674912,0.254416961130742,True,False,UPI000012D7D9,UniRef50_P52946,2018_11,disprot_taxon_9606_homo_sapiens.json
Q9BRG1,DP01598,Homo sapiens,9606,Human,Vacuolar protein-sorting-associated protein 25,VPS25,176,176,1,13,13,0.07386363636363637,0.07386363636363637,0.07386363636363637,0.011363636363636364,True,False,UPI00000728F2,UniRef50_Q9BRG1,2018_11,disprot_taxon_9606_homo_sapiens.json
P26599,DP01601,Homo sapiens,9606,Human,Polypyrimidine tract-binding protein 1,PTBP1,557,557,8,83,83,0.1490125673249551,0.1490125673249551,0.1490125673249551,0.2391713747645951,True,False,UPI0000000C5E,UniRef50_P26599,2018_11,disprot_taxon_9606_homo_sapiens.json
Q86WV6,DP01602,Homo sapiens,9606,Human,Stimulator of interferon genes protein,STING1,379,379,8,38,38,0.10026385224274406,0.10026385224274406,0.10026385224274406,0.08443271767810026,True,False,UPI000000DC5E,UniRef50_Q86WV6,2018_11,disprot_taxon_9606_homo_sapiens.json
Q96IZ0,DP01603,Homo sapiens,9606,Human,PRKC apoptosis WT1 regulator protein,PAWR,340,340,5,23,23,0.06764705882352941,0.06764705882352941,0.06764705882352941,0.42058823529411765,True,False,UPI0000070738,UniRef50_Q96IZ0,2018_11,disprot_taxon_9606_homo_sapiens.json
Q9Y6H6,DP01608,Homo sapiens,9606,Human,Potassium voltage-gated channel subfamily E member 3,KCNE3,103,103,2,36,36,0.34951456310679613,0.34951456310679613,0.34951456310679613,0.10679611650485436,True,False,UPI000012F15C,UniRef50_Q9Y6H6,2018_11,disprot_taxon_9606_homo_sapiens.json
Q96AC1,DP01613,Homo sapiens,9606,Human,Fermitin family homolog 2,FERMT2,680,680,8,66,66,0.09705882352941177,0.09705882352941177,0.09705882352941177,0.13088235294117648,True,False,UPI0000073CC9,UniRef50_Q96AC1,2018_11,disprot_taxon_9606_homo_sapiens.json
Q14653,DP01614,Homo sapiens,9606,Human,Interferon regulatory factor 3,IRF3,427,427,1,16,16,0.03747072599531616,0.03747072599531616,0.03747072599531616,0.17798594847775176,True,False,UPI000012D88A,UniRef50_Q14653,2018_11,disprot_taxon_9606_homo_sapiens.json
Q9NR28,DP01619,Homo sapiens,9606,Human,"Diablo homolog, mitochondrial",DIABLO,239,239,5,15,15,0.06276150627615062,0.06276150627615062,0.06276150627615062,0.11715481171548117,True,False,UPI0000000CBE,UniRef50_Q9NR28,2018_11,disprot_taxon_9606_homo_sapiens.json
P20823,DP01620,Homo sapiens,9606,Human,Hepatocyte nuclear factor 1-alpha,HNF1A,631,631,2,20,20,0.03169572107765452,0.03169572107765452,0.03169572107765452,0.6148969889064976,True,False,UPI000012CA94,UniRef50_P20823,2018_11,disprot_taxon_9606_homo_sapiens.json
Q06609,DP01622,Homo sapiens,9606,Human,DNA repair protein RAD51 homolog 1,RAD51,339,339,8,60,60,0.17699115044247787,0.17699115044247787,0.17699115044247787,0.05604719764011799,True,False,UPI000000D8D2,UniRef50_Q06609,2018_11,disprot_taxon_9606_homo_sapiens.json
Q01831,DP01626,Homo sapiens,9606,Human,DNA repair protein complementing XP-C cells,XPC,940,940,8,126,126,0.13404255319148936,0.13404255319148936,0.13404255319148936,0.4074468085106383,True,False,UPI0000043B80,UniRef50_Q01831,2018_11,disprot_taxon_9606_homo_sapiens.json
P29083,DP01633,Homo sapiens,9606,Human,General transcription factor IIE subunit 1,GTF2E1,439,439,4,16,16,0.03644646924829157,0.03644646924829157,0.03644646924829157,0.26651480637813213,True,False,UPI00001367F2,UniRef50_P29083,2018_11,disprot_taxon_9606_homo_sapiens.json
Q8NI22,DP01637,Homo sapiens,9606,Human,Multiple coagulation factor deficiency protein 2,MCFD2,146,146,11,120,120,0.821917808219178,0.821917808219178,0.821917808219178,0.1232876712328767,True,False,UPI000005275E,UniRef50_Q8NI22,2018_11,disprot_taxon_9606_homo_sapiens.json
Q13351,DP01640,Homo sapiens,9606,Human,Krueppel-like factor 1,KLF1,362,362,10,90,90,0.24861878453038674,0.24861878453038674,0.24861878453038674,0.5580110497237569,True,False,UPI000012DED2,UniRef50_Q13351,2018_11,disprot_taxon_9606_homo_sapiens.json
Q07955,DP01641,Homo sapiens,9606,Human,Serine/arginine-rich splicing factor 1,SRSF1,248,248,12,67,67,0.2701612903225806,0.2701612903225806,0.2701612903225806,0.35080645161290325,True,False,UPI00001358BB,UniRef50_Q07955,2018_11,disprot_taxon_9606_homo_sapiens.json
O75506,DP01643,Homo sapiens,9606,Human,Heat shock factor-binding protein 1,HSBP1,76,76,5,27,27,0.35526315789473684,0.35526315789473684,0.35526315789473684,0.0,True,False,UPI000004B12F,UniRef50_O75506,2018_11,disprot_taxon_9606_homo_sapiens.json
P09038,DP01644,Homo sapiens,9606,Human,Fibroblast growth factor 2,FGF2,288,288,2,18,18,0.0625,0.0625,0.0625,0.3472222222222222,True,False,UPI000159688B,UniRef50_P09038,2018_11,disprot_taxon_9606_homo_sapiens.json
P35236,DP01646,Homo sapiens,9606,Human,Tyrosine-protein phosphatase non-receptor type 7,PTPN7,360,360,3,16,16,0.044444444444444446,0.044444444444444446,0.044444444444444446,0.1111111111111111,True,False,UPI000015463D,UniRef50_P35236,2018_11,disprot_taxon_9606_homo_sapiens.json
P51449,DP01647,Homo sapiens,9606,Human,Nuclear receptor ROR-gamma,RORC,518,518,4,40,40,0.07722007722007722,0.07722007722007722,0.07722007722007722,0.27606177606177607,True,False,UPI000013454B,UniRef50_P51449,2018_11,disprot_taxon_9606_homo_sapiens.json
P84022,DP01648,Homo sapiens,9606,Human,Mothers against decapentaplegic homolog 3,SMAD3,425,425,4,22,22,0.05176470588235294,0.05176470588235294,0.05176470588235294,0.17411764705882352,True,False,UPI0000023A91,UniRef50_P84022,2018_11,disprot_taxon_9606_homo_sapiens.json
Q96T88,DP01651,Homo sapiens,9606,Human,E3 ubiquitin-protein ligase UHRF1,UHRF1,793,793,7,78,78,0.09836065573770492,0.09836065573770492,0.09836065573770492,0.12610340479192939,True,False,UPI000006D0AD,UniRef50_Q96T88,2018_11,disprot_taxon_9606_homo_sapiens.json
P36578,DP01654,Homo sapiens,9606,Human,60S ribosomal protein L4,RPL4,427,427,4,132,132,0.3091334894613583,0.3091334894613583,0.3091334894613583,0.13817330210772832,True,False,UPI000016AFC6,UniRef50_P36578,2018_11,disprot_taxon_9606_homo_sapiens.json
P55957,DP01662,Homo sapiens,9606,Human,BH3-interacting domain death agonist,BID,195,195,6,76,76,0.38974358974358975,0.38974358974358975,0.38974358974358975,0.18461538461538463,True,False,UPI0000001637,UniRef50_P55957,2018_11,disprot_taxon_9606_homo_sapiens.json
P12081,DP01668,Homo sapiens,9606,Human,"Histidine--tRNA ligase, cytoplasmic",HARS1,509,509,2,64,64,0.12573673870333987,0.12573673870333987,0.12573673870333987,0.019646365422396856,True,False,UPI000016AAA7,UniRef50_P12081,2018_11,disprot_taxon_9606_homo_sapiens.json
O75928,DP01675,Homo sapiens,9606,Human,E3 SUMO-protein ligase PIAS2,PIAS2,621,621,4,14,14,0.02254428341384863,0.02254428341384863,0.02254428341384863,0.391304347826087,True,False,UPI00000747E9,UniRef50_O75928,2018_11,disprot_taxon_9606_homo_sapiens.json
O14686,DP01676,Homo sapiens,9606,Human,Histone-lysine N-methyltransferase 2D,KMT2D,5537,5537,3,71,71,0.012822828246342784,0.012822828246342784,0.012822828246342784,,False,False,UPI0000EE84D6,UniRef50_O14686,2018_11,disprot_taxon_9606_homo_sapiens.json
P06454,DP01677,Homo sapiens,9606,Human,Prothymosin alpha,PTMA,111,111,18,111,111,1.0,1.0,1.0,0.02702702702702703,True,False,UPI0000136F25,UniRef50_P06454,2018_11,disprot_taxon_9606_homo_sapiens.json
P02549,DP01700,Homo sapiens,9606,Human,"Spectrin alpha chain, erythrocytic 1",SPTA1,2419,2419,1,20,20,0.00826787928896238,0.00826787928896238,0.00826787928896238,0.033484911120297646,True,False,UPI0000161B48,UniRef50_P02549,2018_11,disprot_taxon_9606_homo_sapiens.json
Q5VZK9,DP01701,Homo sapiens,9606,Human,F-actin-uncapping protein LRRC16A,CARMIL1,1371,1371,1,16,16,0.011670313639679067,0.011670313639679067,0.011670313639679067,0.36980306345733044,True,False,UPI00004588AB,UniRef50_Q5VZK9,2018_11,disprot_taxon_9606_homo_sapiens.json
P62318,DP01704,Homo sapiens,9606,Human,Small nuclear ribonucleoprotein Sm D3,SNRPD3,126,126,1,45,45,0.35714285714285715,0.35714285714285715,0.35714285714285715,0.07142857142857142,True,False,UPI0000021859,UniRef50_P62318,2018_11,disprot_taxon_9606_homo_sapiens.json
Q07666,DP01705,Homo sapiens,9606,Human,"KH domain-containing, RNA-binding, signal transduction-associated protein 1",KHDRBS1,443,443,27,259,259,0.5846501128668171,0.5846501128668171,0.5846501128668171,0.37697516930022573,True,False,UPI0000073DA7,UniRef50_Q07666,2018_11,disprot_taxon_9606_homo_sapiens.json
Q9NT62,DP01720,Homo sapiens,9606,Human,Ubiquitin-like-conjugating enzyme ATG3,ATG3,314,314,1,30,30,0.09554140127388536,0.09554140127388536,0.09554140127388536,0.1751592356687898,True,False,UPI0000073DB4,UniRef50_Q9NT62,2018_11,disprot_taxon_9606_homo_sapiens.json
O95644,DP01724,Homo sapiens,9606,Human,"Nuclear factor of activated T-cells, cytoplasmic 1",NFATC1,943,943,11,686,686,0.7274655355249204,0.7274655355249204,0.7274655355249204,0.623541887592789,True,False,UPI000012FFB5,UniRef50_O95644,2018_11,disprot_taxon_9606_homo_sapiens.json
Q7Z3C6,DP01730,Homo sapiens,9606,Human,Autophagy-related protein 9A,ATG9A,839,839,4,362,362,0.43146603098927294,0.43146603098927294,0.43146603098927294,0.2622169249106079,True,False,UPI00001A9D4D,UniRef50_Q7Z3C6,2018_11,disprot_taxon_9606_homo_sapiens.json
P52597,DP01736,Homo sapiens,9606,Human,Heterogeneous nuclear ribonucleoprotein F,HNRNPF,415,415,3,21,21,0.05060240963855422,0.05060240963855422,0.05060240963855422,0.35903614457831323,True,False,UPI000017C158,UniRef50_P52597,2018_11,disprot_taxon_9606_homo_sapiens.json
P04271,DP01738,Homo sapiens,9606,Human,Protein S100-B,S100B,92,92,4,23,23,0.25,0.25,0.25,0.0,True,False,UPI00001133BD,UniRef50_P04271,2018_11,disprot_taxon_9606_homo_sapiens.json
Q6PHW0,DP01741,Homo sapiens,9606,Human,Iodotyrosine deiodinase 1,IYD,289,289,5,70,70,0.2422145328719723,0.2422145328719723,0.2422145328719723,0.09342560553633218,True,False,UPI00001BDB39,UniRef50_Q6PHW0,2018_11,disprot_taxon_9606_homo_sapiens.json
P48788,DP01747,Homo sapiens,9606,Human,"Troponin I, fast skeletal muscle",TNNI2,182,182,2,86,86,0.4725274725274725,0.4725274725274725,0.4725274725274725,0.04395604395604396,True,False,UPI00001373A8,UniRef50_P48788,2018_11,disprot_taxon_9606_homo_sapiens.json
P05556,DP01748,Homo sapiens,9606,Human,Integrin beta-1,ITGB1,798,798,14,47,47,0.05889724310776942,0.05889724310776942,0.05889724310776942,0.03759398496240601,True,False,UPI0000034A0F,UniRef50_P05556,2018_11,disprot_taxon_9606_homo_sapiens.json
P62877,DP01750,Homo sapiens,9606,Human,E3 ubiquitin-protein ligase RBX1,RBX1,108,108,8,39,39,0.3611111111111111,0.3611111111111111,0.3611111111111111,0.08333333333333333,True,False,UPI0000028E5D,UniRef50_P62877,2018_11,disprot_taxon_9606_homo_sapiens.json
O43172,DP01751,Homo sapiens,9606,Human,U4/U6 small nuclear ribonucleoprotein Prp4,PRPF4,522,522,11,169,169,0.32375478927203066,0.32375478927203066,0.32375478927203066,0.08237547892720307,True,False,UPI0000169629,UniRef50_O43172,2018_11,disprot_taxon_9606_homo_sapiens.json
Q13029,DP01757,Homo sapiens,9606,Human,PR domain zinc finger protein 2,PRDM2,1718,1718,11,145,145,0.08440046565774156,0.08440046565774156,0.08440046565774156,0.7339930151338766,True,False,UPI00001740E0,UniRef50_Q13029,2018_11,disprot_taxon_9606_homo_sapiens.json
P37173,DP01760,Homo sapiens,9606,Human,TGF-beta receptor type-2,TGFBR2,567,567,7,21,21,0.037037037037037035,0.037037037037037035,0.037037037037037035,0.1728395061728395,True,False,UPI0000136CD6,UniRef50_P37173,2018_11,disprot_taxon_9606_homo_sapiens.json
O95718,DP01764,Homo sapiens,9606,Human,Steroid hormone receptor ERR2,ESRRB,433,433,2,26,26,0.06004618937644342,0.06004618937644342,0.06004618937644342,0.2748267898383372,True,False,UPI000012A17F,UniRef50_O95718,2018_11,disprot_taxon_9606_homo_sapiens.json
Q9NQA5,DP01765,Homo sapiens,9606,Human,Transient receptor potential cation channel subfamily V member 5,TRPV5,729,729,3,139,139,0.1906721536351166,0.1906721536351166,0.1906721536351166,0.13443072702331962,True,False,UPI0000052B72,UniRef50_Q9H1D0,2018_11,disprot_taxon_9606_homo_sapiens.json
Q9H1D0,DP01767,Homo sapiens,9606,Human,Transient receptor potential cation channel subfamily V member 6,TRPV6,765,765,3,71,71,0.09281045751633987,0.09281045751633987,0.09281045751633987,0.1568627450980392,True,False,UPI000052C020,UniRef50_Q9H1D0,2018_11,disprot_taxon_9606_homo_sapiens.json
P58753,DP01768,Homo sapiens,9606,Human,Toll/interleukin-1 receptor domain-containing adapter protein,TIRAP,221,221,3,21,21,0.09502262443438914,0.09502262443438914,0.09502262443438914,0.3031674208144796,True,False,UPI0000136FBA,UniRef50_P58753,2018_11,disprot_taxon_9606_homo_sapiens.json
Q8WUG5,DP01769,Homo sapiens,9606,Human,Solute carrier family 22 member 17,SLC22A17,649,649,4,105,105,0.1617873651771957,0.1617873651771957,0.1617873651771957,0.17100371747211895,True,False,UPI0000126A49,UniRef50_Q8WUG5,2018_11,disprot_taxon_9606_homo_sapiens.json
P50402,DP01770,Homo sapiens,9606,Human,Emerin,EMD,254,254,4,142,142,0.5590551181102362,0.5590551181102362,0.5590551181102362,0.4763779527559055,True,False,UPI0000129EA0,UniRef50_P50402,2018_11,disprot_taxon_9606_homo_sapiens.json
P78560,DP01771,Homo sapiens,9606,Human,Death domain-containing protein CRADD,CRADD,199,199,1,42,42,0.21105527638190955,0.21105527638190955,0.21105527638190955,0.04020100502512563,True,False,UPI00001283AA,UniRef50_P78560,2018_11,disprot_taxon_9606_homo_sapiens.json
Q07912,DP01772,Homo sapiens,9606,Human,Activated CDC42 kinase 1,TNK2,1038,1038,1,42,42,0.04046242774566474,0.04046242774566474,0.04046242774566474,0.46917148362235067,True,False,UPI000017A3C1,UniRef50_Q07912,2018_11,disprot_taxon_9606_homo_sapiens.json
P98170,DP01773,Homo sapiens,9606,Human,E3 ubiquitin-protein ligase XIAP,XIAP,497,497,2,26,26,0.052313883299798795,0.052313883299798795,0.052313883299798795,0.21327967806841047,True,False,UPI000004A35A,UniRef50_P98170,2018_11,disprot_taxon_9606_homo_sapiens.json
O75112-6,DP01781,Homo sapiens,9606,Human,Isoform 6 of LIM domain-binding protein 3,LDB3,283,283,3,199,199,0.7031802120141343,0.7031802120141343,0.7031802120141343,,False,False,UPI000004FDF8,,2018_11,disprot_taxon_9606_homo_sapiens.json
Q53GG5,DP01782,Homo sapiens,9606,Human,PDZ and LIM domain protein 3,PDLIM3,364,364,5,167,167,0.45879120879120877,0.45879120879120877,0.45879120879120877,0.23626373626373626,True,False,UPI000013DDB6,UniRef50_Q53GG5,2018_11,disprot_taxon_9606_homo_sapiens.json
Q86UX7,DP01784,Homo sapiens,9606,Human,Fermitin family homolog 3,FERMT3,667,667,3,83,83,0.12443778110944528,0.12443778110944528,0.12443778110944528,0.0944527736131934,True,False,UPI000019270B,UniRef50_Q86UX7,2018_11,disprot_taxon_9606_homo_sapiens.json
P98177,DP01788,Homo sapiens,9606,Human,Forkhead box protein O4,FOXO4,505,505,13,38,38,0.07524752475247524,0.07524752475247524,0.07524752475247524,0.5782178217821782,True,False,UPI000016A0B6,UniRef50_P98177,2018_11,disprot_taxon_9606_homo_sapiens.json
P15941,DP01790,Homo sapiens,9606,Human,Mucin-1,MUC1,1255,1255,4,15,15,0.01195219123505976,0.01195219123505976,0.01195219123505976,0.7123505976095618,True,False,UPI000059C524,UniRef50_P15941,2018_11,disprot_taxon_9606_homo_sapiens.json
Q9BUH6,DP01795,Homo sapiens,9606,Human,Protein PAXX,PAXX,204,204,3,62,62,0.30392156862745096,0.30392156862745096,0.30392156862745096,0.0784313725490196,True,False,UPI00001BD908,UniRef50_Q9BUH6,2018_11,disprot_taxon_9606_homo_sapiens.json
O96017,DP01797,Homo sapiens,9606,Human,Serine/threonine-protein kinase Chk2,CHEK2,543,543,18,156,156,0.287292817679558,0.287292817679558,0.287292817679558,0.23204419889502761,True,False,UPI00000316FF,UniRef50_O96017,2018_11,disprot_taxon_9606_homo_sapiens.json
P49790,DP01799,Homo sapiens,9606,Human,Nuclear pore complex protein Nup153,NUP153,1475,1475,8,601,601,0.4074576271186441,0.4074576271186441,0.4074576271186441,0.8467796610169491,True,False,UPI000012FC15,UniRef50_P49790,2018_11,disprot_taxon_9606_homo_sapiens.json
P53999,DP01804,Homo sapiens,9606,Human,Activated RNA polymerase II transcriptional coactivator p15,SUB1,127,127,4,60,60,0.47244094488188976,0.47244094488188976,0.47244094488188976,0.14960629921259844,True,False,UPI0000044938,UniRef50_P53999,2018_11,disprot_taxon_9606_homo_sapiens.json
P40855,DP01805,Homo sapiens,9606,Human,Peroxisomal biogenesis factor 19,PEX19,299,299,6,202,202,0.6755852842809364,0.6755852842809364,0.6755852842809364,0.1939799331103679,True,False,UPI0000132BAD,UniRef50_P40855,2018_11,disprot_taxon_9606_homo_sapiens.json
P49005,DP01807,Homo sapiens,9606,Human,DNA polymerase delta subunit 2,POLD2,469,469,2,33,33,0.07036247334754797,0.07036247334754797,0.07036247334754797,0.03411513859275053,True,False,UPI000004D0E7,UniRef50_P49005,2018_11,disprot_taxon_9606_homo_sapiens.json
Q15910,DP01817,Homo sapiens,9606,Human,Histone-lysine N-methyltransferase EZH2,EZH2,746,746,17,186,186,0.24932975871313673,0.24932975871313673,0.24932975871313673,0.2131367292225201,True,False,UPI000016B348,UniRef50_Q15910,2018_11,disprot_taxon_9606_homo_sapiens.json
O43715,DP01835,Homo sapiens,9606,Human,TP53-regulated inhibitor of apoptosis 1,TRIAP1,76,76,1,23,23,0.3026315789473684,0.3026315789473684,0.3026315789473684,0.06578947368421052,True,False,UPI0000124E0B,UniRef50_O43715,2018_11,disprot_taxon_9606_homo_sapiens.json
O14713,DP01836,Homo sapiens,9606,Human,Integrin beta-1-binding protein 1,ITGB1BP1,200,200,2,11,11,0.055,0.055,0.055,0.16,True,False,UPI000012DA43,UniRef50_O14713,2018_11,disprot_taxon_9606_homo_sapiens.json
P08514,DP01841,Homo sapiens,9606,Human,Integrin alpha-IIb,ITGA2B,1039,1039,3,51,51,0.04908565928777671,0.04908565928777671,0.04908565928777671,0.07699711260827719,True,False,UPI0000153B72,UniRef50_P08514,2018_11,disprot_taxon_9606_homo_sapiens.json
P05106,DP01842,Homo sapiens,9606,Human,Integrin beta-3,ITGB3,788,788,11,48,48,0.06091370558375635,0.06091370558375635,0.06091370558375635,0.03680203045685279,True,False,UPI0000048135,UniRef50_P05106,2018_11,disprot_taxon_9606_homo_sapiens.json
Q92540,DP01844,Homo sapiens,9606,Human,Protein SMG7,SMG7,1137,1137,1,33,33,0.029023746701846966,0.029023746701846966,0.029023746701846966,0.5576077396657871,True,False,UPI0000139502,UniRef50_Q92540,2018_11,disprot_taxon_9606_homo_sapiens.json
Q13451,DP01845,Homo sapiens,9606,Human,Peptidyl-prolyl cis-trans isomerase FKBP5,FKBP5,457,457,1,12,12,0.0262582056892779,0.0262582056892779,0.0262582056892779,0.05908096280087528,True,False,UPI000016A29C,UniRef50_Q13451,2018_11,disprot_taxon_9606_homo_sapiens.json
P05107,DP01848,Homo sapiens,9606,Human,Integrin beta-2,ITGB2,769,769,6,35,35,0.045513654096228866,0.045513654096228866,0.045513654096228866,0.03901170351105332,True,False,UPI000016A19B,UniRef50_P05107,2018_11,disprot_taxon_9606_homo_sapiens.json
O60260,DP01849,Homo sapiens,9606,Human,E3 ubiquitin-protein ligase parkin,PRKN,465,465,6,75,75,0.16129032258064516,0.16129032258064516,0.16129032258064516,0.15698924731182795,True,False,UPI0000052360,UniRef50_O60260,2018_11,disprot_taxon_9606_homo_sapiens.json
Q9NQC3-1,DP01855,Homo sapiens,9606,Human,Isoform A of Reticulon-4,RTN4,1192,1192,46,1080,1080,0.9060402684563759,0.9060402684563759,0.9060402684563759,,False,False,UPI000000D81D,,2018_11,disprot_taxon_9606_homo_sapiens.json
P09012,DP01857,Homo sapiens,9606,Human,U1 small nuclear ribonucleoprotein A,SNRPA,282,282,6,109,109,0.38652482269503546,0.38652482269503546,0.38652482269503546,0.06028368794326241,True,False,UPI000002C8F2,UniRef50_P09012,2018_11,disprot_taxon_9606_homo_sapiens.json
P01042,DP01861,Homo sapiens,9606,Human,Kininogen-1,KNG1,644,644,3,94,94,0.14596273291925466,0.14596273291925466,0.14596273291925466,0.40683229813664595,True,False,UPI000013D5AC,UniRef50_P01042,2018_11,disprot_taxon_9606_homo_sapiens.json
O75533,DP01863,Homo sapiens,9606,Human,Splicing factor 3B subunit 1,SF3B1,1304,1304,8,462,462,0.35429447852760737,0.35429447852760737,0.35429447852760737,0.24386503067484663,True,False,UPI000013546D,UniRef50_O75533,2018_11,disprot_taxon_9606_homo_sapiens.json
P51587,DP01869,Homo sapiens,9606,Human,Breast cancer type 2 susceptibility protein,BRCA2,3418,3418,4,237,237,0.06933879461673494,0.06933879461673494,0.06933879461673494,,False,False,UPI00001D9A9C,UniRef50_P51587,2018_11,disprot_taxon_9606_homo_sapiens.json
O95630,DP01872,Homo sapiens,9606,Human,STAM-binding protein,STAMBP,424,424,3,27,27,0.06367924528301887,0.06367924528301887,0.06367924528301887,0.11320754716981132,True,False,UPI0000038DA0,UniRef50_O95630,2018_11,disprot_taxon_9606_homo_sapiens.json
Q99075,DP01873,Homo sapiens,9606,Human,Proheparin-binding EGF-like growth factor,HBEGF,208,208,1,34,34,0.16346153846153846,0.16346153846153846,0.16346153846153846,0.2644230769230769,True,False,UPI0000035E3F,UniRef50_Q99075,2018_11,disprot_taxon_9606_homo_sapiens.json
O95149,DP01874,Homo sapiens,9606,Human,Snurportin-1,SNUPN,360,360,2,81,81,0.225,0.225,0.225,0.13055555555555556,True,False,UPI0000031A89,UniRef50_O95149,2018_11,disprot_taxon_9606_homo_sapiens.json
P52926,DP01876,Homo sapiens,9606,Human,High mobility group protein HMGI-C,HMGA2,109,109,4,109,109,1.0,1.0,1.0,0.13761467889908258,True,False,UPI0000000CE6,UniRef50_P52926,2018_11,disprot_taxon_9606_homo_sapiens.json
Q96AY2,DP01877,Homo sapiens,9606,Human,Crossover junction endonuclease EME1,EME1,570,570,6,34,34,0.05964912280701754,0.05964912280701754,0.05964912280701754,0.4017543859649123,True,False,UPI00000735E6,UniRef50_Q96AY2,2018_11,disprot_taxon_9606_homo_sapiens.json
Q9UPR3,DP01878,Homo sapiens,9606,Human,Protein SMG5,SMG5,1016,1016,1,23,23,0.022637795275590553,0.022637795275590553,0.022637795275590553,0.24606299212598426,True,False,UPI000052A51B,UniRef50_Q9UPR3,2018_11,disprot_taxon_9606_homo_sapiens.json
Q15596,DP01880,Homo sapiens,9606,Human,Nuclear receptor coactivator 2,NCOA2,1464,1464,2,206,206,0.1407103825136612,0.1407103825136612,0.1407103825136612,0.7165300546448088,True,False,UPI0000527E90,UniRef50_Q9WUI9,2018_11,disprot_taxon_9606_homo_sapiens.json
P02655,DP01883,Homo sapiens,9606,Human,Apolipoprotein C-II,APOC2,101,101,2,26,26,0.25742574257425743,0.25742574257425743,0.25742574257425743,0.10891089108910891,True,False,UPI0000125C21,UniRef50_P02655,2018_11,disprot_taxon_9606_homo_sapiens.json
Q9UKT5,DP01884,Homo sapiens,9606,Human,F-box only protein 4,FBXO4,387,387,1,30,30,0.07751937984496124,0.07751937984496124,0.07751937984496124,0.11627906976744186,True,False,UPI000012A584,UniRef50_Q9UKT5,2018_11,disprot_taxon_9606_homo_sapiens.json
O14776,DP01893,Homo sapiens,9606,Human,Transcription elongation regulator 1,TCERG1,1098,1098,3,11,11,0.010018214936247723,0.010018214936247723,0.010018214936247723,0.33788706739526414,True,False,UPI0000072769,UniRef50_O14776,2018_11,disprot_taxon_9606_homo_sapiens.json
O60885,DP01898,Homo sapiens,9606,Human,Bromodomain-containing protein 4,BRD4,1362,1362,3,17,17,0.012481644640234948,0.012481644640234948,0.012481644640234948,0.617474302496329,True,False,UPI0000160C9C,UniRef50_O60885,2018_11,disprot_taxon_9606_homo_sapiens.json
Q13568,DP01907,Homo sapiens,9606,Human,Interferon regulatory factor 5,IRF5,498,498,1,10,10,0.020080321285140562,0.020080321285140562,0.020080321285140562,0.30522088353413657,True,False,UPI0000167B29,UniRef50_Q13568,2018_11,disprot_taxon_9606_homo_sapiens.json
Q96RI1,DP01914,Homo sapiens,9606,Human,Bile acid receptor,NR1H4,486,486,1,16,16,0.03292181069958848,0.03292181069958848,0.03292181069958848,0.33539094650205764,True,False,UPI000006E701,UniRef50_Q96RI1,2018_11,disprot_taxon_9606_homo_sapiens.json
Q92900,DP01921,Homo sapiens,9606,Human,Regulator of nonsense transcripts 1,UPF1,1129,1129,7,12,12,0.010628875110717449,0.010628875110717449,0.010628875110717449,0.2931798051372896,True,False,UPI000014CCB5,UniRef50_Q92900,2018_11,disprot_taxon_9606_homo_sapiens.json
Q02078,DP01925,Homo sapiens,9606,Human,Myocyte-specific enhancer factor 2A,MEF2A,507,507,1,12,12,0.023668639053254437,0.023668639053254437,0.023668639053254437,0.6765285996055227,True,False,UPI000012EEB3,UniRef50_Q02078,2018_11,disprot_taxon_9606_homo_sapiens.json
P83731,DP01935,Homo sapiens,9606,Human,60S ribosomal protein L24,RPL24,157,157,2,35,35,0.2229299363057325,0.2229299363057325,0.2229299363057325,0.07006369426751592,True,False,UPI0000001688,UniRef50_P83731,2018_11,disprot_taxon_9606_homo_sapiens.json
P11021,DP01938,Homo sapiens,9606,Human,Endoplasmic reticulum chaperone BiP,HSPA5,654,654,3,45,45,0.06880733944954129,0.06880733944954129,0.06880733944954129,0.04434250764525994,True,False,UPI000016A9EF,UniRef50_P11021,2018_11,disprot_taxon_9606_homo_sapiens.json
P50553,DP01942,Homo sapiens,9606,Human,Achaete-scute homolog 1,ASCL1,236,236,3,236,236,1.0,1.0,1.0,0.13135593220338984,True,False,UPI0000047566,UniRef50_Q02067,2018_11,disprot_taxon_9606_homo_sapiens.json
Q9NRY2,DP01943,Homo sapiens,9606,Human,SOSS complex subunit C,INIP,104,104,1,62,62,0.5961538461538461,0.5961538461538461,0.5961538461538461,0.18269230769230768,True,False,UPI000006FF52,UniRef50_Q9NRY2,2018_11,disprot_taxon_9606_homo_sapiens.json
P21333,DP01950,Homo sapiens,9606,Human,Filamin-A,FLNA,2647,2647,1,36,36,0.01360030222893842,0.01360030222893842,0.01360030222893842,0.055156781261805815,True,False,UPI000012AA0C,UniRef50_P21333,2018_11,disprot_taxon_9606_homo_sapiens.json
P04083,DP01951,Homo sapiens,9606,Human,Annexin A1,ANXA1,346,346,20,95,95,0.2745664739884393,0.2745664739884393,0.2745664739884393,0.0,True,False,UPI0000125B6F,UniRef50_P04083,2018_11,disprot_taxon_9606_homo_sapiens.json
P0CF51,DP01967,Homo sapiens,9606,Human,T cell receptor gamma constant 1,TRGC1,173,173,4,11,11,0.06358381502890173,0.06358381502890173,0.06358381502890173,0.05202312138728324,True,False,UPI0000176EF9,UniRef50_P03986,2018_11,disprot_taxon_9606_homo_sapiens.json
P13693,DP01972,Homo sapiens,9606,Human,Translationally-controlled tumor protein,TPT1,172,172,5,32,32,0.18604651162790697,0.18604651162790697,0.18604651162790697,0.05232558139534884,True,False,UPI0000000FED,UniRef50_P13693,2018_11,disprot_taxon_9606_homo_sapiens.json
P39748,DP01974,Homo sapiens,9606,Human,Flap endonuclease 1,FEN1,380,380,3,71,71,0.1868421052631579,0.1868421052631579,0.1868421052631579,0.0868421052631579,True,False,UPI0000050E0F,UniRef50_P39748,2018_11,disprot_taxon_9606_homo_sapiens.json
P35520,DP01976,Homo sapiens,9606,Human,Cystathionine beta-synthase,CBS,551,551,3,40,40,0.07259528130671507,0.07259528130671507,0.07259528130671507,0.06352087114337568,True,False,UPI00001271F2,UniRef50_P35520,2018_11,disprot_taxon_9606_homo_sapiens.json
P49736,DP01977,Homo sapiens,9606,Human,DNA replication licensing factor MCM2,MCM2,904,904,9,160,160,0.17699115044247787,0.17699115044247787,0.17699115044247787,0.13827433628318583,True,False,UPI000016AABB,UniRef50_P49736,2018_11,disprot_taxon_9606_homo_sapiens.json
Q8TEK3,DP01985,Homo sapiens,9606,Human,"Histone-lysine N-methyltransferase, H3 lysine-79 specific",DOT1L,1537,1537,2,84,84,0.05465191932335719,0.05465191932335719,0.05465191932335719,0.6473649967469096,True,False,UPI0000169CA3,UniRef50_Q8TEK3,2018_11,disprot_taxon_9606_homo_sapiens.json
Q14493,DP01987,Homo sapiens,9606,Human,Histone RNA hairpin-binding protein,SLBP,270,270,1,25,25,0.09259259259259259,0.09259259259259259,0.09259259259259259,0.17777777777777778,True,False,UPI0000135A0D,UniRef50_Q14493,2018_11,disprot_taxon_9606_homo_sapiens.json
P36894,DP01990,Homo sapiens,9606,Human,Bone morphogenetic protein receptor type-1A,BMPR1A,532,532,4,17,17,0.03195488721804511,0.03195488721804511,0.03195488721804511,0.09210526315789473,True,False,UPI000006EB08,UniRef50_P36894,2018_11,disprot_taxon_9606_homo_sapiens.json
O14745,DP02000,Homo sapiens,9606,Human,Na(+)/H(+) exchange regulatory cofactor NHE-RF1,SLC9A3R1,358,358,9,117,117,0.3268156424581006,0.3268156424581006,0.3268156424581006,0.1452513966480447,True,False,UPI00005296EC,UniRef50_O14745,2018_11,disprot_taxon_9606_homo_sapiens.json
P16220,DP02003,Homo sapiens,9606,Human,Cyclic AMP-responsive element-binding protein 1,CREB1,327,327,2,60,60,0.1834862385321101,0.1834862385321101,0.1834862385321101,0.46788990825688076,True,False,,UniRef50_P16220,2018_11,disprot_taxon_9606_homo_sapiens.json
Q92793,DP02004,Homo sapiens,9606,Human,CREB-binding protein,CREBBP,2442,2442,12,613,613,0.251023751023751,0.251023751023751,0.251023751023751,0.6081081081081081,True,False,UPI000003B44A,UniRef50_Q92793,2018_11,disprot_taxon_9606_homo_sapiens.json
P47710,DP02005,Homo sapiens,9606,Human,Alpha-S1-casein,CSN1S1,185,185,1,185,185,1.0,1.0,1.0,0.33513513513513515,True,False,UPI0000126FCB,UniRef50_P47710,2018_11,disprot_taxon_9606_homo_sapiens.json
P04183,DP02006,Homo sapiens,9606,Human,"Thymidine kinase, cytosolic",TK1,234,234,3,69,69,0.2948717948717949,0.2948717948717949,0.2948717948717949,0.18803418803418803,True,False,UPI0000161B4B,UniRef50_P04183,2018_11,disprot_taxon_9606_homo_sapiens.json
Q9H2Y7,DP02007,Homo sapiens,9606,Human,Zinc finger protein 106,ZNF106,1883,1883,4,257,257,0.13648433351035583,0.13648433351035583,0.13648433351035583,0.724907063197026,True,False,UPI000006D6CC,UniRef50_O88466,2018_11,disprot_taxon_9606_homo_sapiens.json
O75683,DP02009,Homo sapiens,9606,Human,Surfeit locus protein 6,SURF6,361,361,3,195,195,0.5401662049861495,0.5401662049861495,0.5401662049861495,0.23545706371191136,True,False,UPI000016A3B3,UniRef50_P70279,2018_11,disprot_taxon_9606_homo_sapiens.json
Q9NRJ3,DP02010,Homo sapiens,9606,Human,C-C motif chemokine 28,CCL28,127,127,4,127,127,1.0,1.0,1.0,0.1732283464566929,True,False,UPI00001362E3,UniRef50_Q9NRJ3,2018_11,disprot_taxon_9606_homo_sapiens.json
P0DP23,DP02013,Homo sapiens,9606,Human,Calmodulin-1,CALM1,149,149,4,10,10,0.06711409395973154,0.06711409395973154,0.06711409395973154,0.020134228187919462,True,False,UPI00000000C1,UniRef50_P0DP23,2018_11,disprot_taxon_9606_homo_sapiens.json
P52272,DP02015,Homo sapiens,9606,Human,Heterogeneous nuclear ribonucleoprotein M,HNRNPM,730,730,3,30,30,0.0410958904109589,0.0410958904109589,0.0410958904109589,0.584931506849315,True,False,UPI00004650C3,UniRef50_P52272,2018_11,disprot_taxon_9606_homo_sapiens.json
P17405,DP02027,Homo sapiens,9606,Human,Sphingomyelin phosphodiesterase,SMPD1,631,631,9,55,55,0.08716323296354993,0.08716323296354993,0.08716323296354993,0.12836767036450078,True,False,UPI0000146EEE,UniRef50_P17405,2018_11,disprot_taxon_9606_homo_sapiens.json
P62805,DP02034,Homo sapiens,9606,Human,Histone H4,H4C1,103,103,1,25,25,0.24271844660194175,0.24271844660194175,0.24271844660194175,0.009708737864077669,True,False,UPI0000027039,UniRef50_P62805,2018_11,disprot_taxon_9606_homo_sapiens.json
P38919,DP02069,Homo sapiens,9606,Human,Eukaryotic initiation factor 4A-III,EIF4A3,411,411,5,21,21,0.051094890510948905,0.051094890510948905,0.051094890510948905,0.04866180048661801,True,False,UPI000014F40B,UniRef50_P38919,2018_11,disprot_taxon_9606_homo_sapiens.json
Q13415,DP02072,Homo sapiens,9606,Human,Origin recognition complex subunit 1,ORC1,861,861,6,31,31,0.036004645760743324,0.036004645760743324,0.036004645760743324,0.3333333333333333,True,False,UPI0000130E56,UniRef50_Q13415,2018_11,disprot_taxon_9606_homo_sapiens.json
P28300,DP02075,Homo sapiens,9606,Human,Protein-lysine 6-oxidase,LOX,417,417,8,147,147,0.35251798561151076,0.35251798561151076,0.35251798561151076,0.3501199040767386,True,False,UPI0000033A7F,UniRef50_P28300,2018_11,disprot_taxon_9606_homo_sapiens.json
P02686-5,DP02078,Homo sapiens,9606,Human,Isoform 5 of Myelin basic protein,MBP,171,171,13,171,171,1.0,1.0,1.0,,False,False,UPI000002ADA6,,2018_11,disprot_taxon_9606_homo_sapiens.json
P49427,DP02094,Homo sapiens,9606,Human,Ubiquitin-conjugating enzyme E2 R1,CDC34,236,236,4,69,69,0.2923728813559322,0.2923728813559322,0.2923728813559322,0.13559322033898305,True,False,UPI0000048D5E,UniRef50_P49427,2018_11,disprot_taxon_9606_homo_sapiens.json
P28698,DP02096,Homo sapiens,9606,Human,Myeloid zinc finger 1,MZF1,734,734,1,13,13,0.017711171662125342,0.017711171662125342,0.017711171662125342,0.36648501362397823,True,False,UPI0000161B62,UniRef50_P28698,2018_11,disprot_taxon_9606_homo_sapiens.json
P60604,DP02100,Homo sapiens,9606,Human,Ubiquitin-conjugating enzyme E2 G2,UBE2G2,165,165,1,15,15,0.09090909090909091,0.09090909090909091,0.09090909090909091,0.0,True,False,UPI0000027925,UniRef50_P60604,2018_11,disprot_taxon_9606_homo_sapiens.json
P52948,DP02123,Homo sapiens,9606,Human,Nuclear pore complex protein Nup98-Nup96,NUP98,1817,1817,8,994,994,0.5470555861309851,0.5470555861309851,0.5470555861309851,0.519537699504678,True,False,UPI00001BBB12,UniRef50_P52948,2018_11,disprot_taxon_9606_homo_sapiens.json
P30307,DP02126,Homo sapiens,9606,Human,M-phase inducer phosphatase 3,CDC25C,473,473,3,18,18,0.03805496828752643,0.03805496828752643,0.03805496828752643,0.5221987315010571,True,False,UPI000003753D,UniRef50_P30307,2018_11,disprot_taxon_9606_homo_sapiens.json
P02671,DP02130,Homo sapiens,9606,Human,Fibrinogen alpha chain,FGA,866,866,3,350,350,0.40415704387990764,0.40415704387990764,0.40415704387990764,0.4387990762124711,True,False,UPI000012A75A,UniRef50_P02671,2018_11,disprot_taxon_9606_homo_sapiens.json
Q2TAZ0,DP02142,Homo sapiens,9606,Human,Autophagy-related protein 2 homolog A,ATG2A,1938,1938,26,1061,1061,0.5474716202270382,0.5474716202270382,0.5474716202270382,0.2585139318885449,True,False,UPI00006633BF,UniRef50_Q2TAZ0,2018_11,disprot_taxon_9606_homo_sapiens.json
Q676U5,DP02148,Homo sapiens,9606,Human,Autophagy-related protein 16-1,ATG16L1,607,607,6,26,46,0.042833607907743,0.0757825370675453,0.0757825370675453,0.15485996705107083,True,True,UPI0000427052,UniRef50_Q676U5,2018_11,disprot_taxon_9606_homo_sapiens.json
Q9HD26,DP02150,Homo sapiens,9606,Human,Golgi-associated PDZ and coiled-coil motif-containing protein,GOPC,462,462,2,32,32,0.06926406926406926,0.06926406926406926,0.06926406926406926,0.23593073593073594,True,False,UPI0000070C27,UniRef50_Q9HD26,2018_11,disprot_taxon_9606_homo_sapiens.json
P61328-2,DP02160,Homo sapiens,9606,Human,Isoform 2 of Fibroblast growth factor 12,FGF12,181,181,2,34,34,0.1878453038674033,0.1878453038674033,0.1878453038674033,,False,False,UPI00000E8058,,2018_11,disprot_taxon_9606_homo_sapiens.json
P16050,DP02162,Homo sapiens,9606,Human,Arachidonate 15-lipoxygenase,ALOX15,662,662,1,141,141,0.21299093655589124,0.21299093655589124,0.21299093655589124,0.0,True,False,UPI000013E118,UniRef50_P16050,2018_11,disprot_taxon_9606_homo_sapiens.json
Q02388,DP02163,Homo sapiens,9606,Human,Collagen alpha-1(VII) chain,COL7A1,2944,2944,2,39,39,0.013247282608695652,0.013247282608695652,0.013247282608695652,,False,False,UPI0000126D20,UniRef50_Q02388,2018_11,disprot_taxon_9606_homo_sapiens.json
Q8WUM0,DP02164,Homo sapiens,9606,Human,Nuclear pore complex protein Nup133,NUP133,1156,1156,4,125,125,0.10813148788927336,0.10813148788927336,0.10813148788927336,0.12024221453287197,True,False,UPI0000073C12,UniRef50_Q8WUM0,2018_11,disprot_taxon_9606_homo_sapiens.json
Q8N726-1,DP02167,Homo sapiens,9606,Human,Isoform tumor suppressor ARF of Tumor suppressor ARF,CDKN2A,132,132,16,132,132,1.0,1.0,1.0,,False,False,UPI000006E6F2,,2018_11,disprot_taxon_9606_homo_sapiens.json
O15234,DP02170,Homo sapiens,9606,Human,Protein CASC3,CASC3,703,703,17,703,703,1.0,1.0,1.0,0.534850640113798,True,False,UPI000014C6E6,UniRef50_O15234,2018_11,disprot_taxon_9606_homo_sapiens.json
P08621,DP02171,Homo sapiens,9606,Human,U1 small nuclear ribonucleoprotein 70 kDa,SNRNP70,437,437,15,287,287,0.6567505720823799,0.6567505720823799,0.6567505720823799,0.2608695652173913,True,False,UPI0000163B53,UniRef50_P08621,2018_11,disprot_taxon_9606_homo_sapiens.json
Q9BS26,DP02173,Homo sapiens,9606,Human,Endoplasmic reticulum resident protein 44,ERP44,406,406,5,46,46,0.11330049261083744,0.11330049261083744,0.11330049261083744,0.059113300492610835,True,False,UPI0000072130,UniRef50_Q9BS26,2018_11,disprot_taxon_9606_homo_sapiens.json
P51965,DP02191,Homo sapiens,9606,Human,Ubiquitin-conjugating enzyme E2 E1,UBE2E1,193,193,3,40,40,0.20725388601036268,0.20725388601036268,0.20725388601036268,0.11917098445595854,True,False,UPI0000137964,UniRef50_P51965,2018_11,disprot_taxon_9606_homo_sapiens.json
O00571,DP02192,Homo sapiens,9606,Human,ATP-dependent RNA helicase DDX3X,DDX3X,662,662,1,167,167,0.25226586102719034,0.25226586102719034,0.25226586102719034,0.29607250755287007,True,False,UPI000013CB6D,UniRef50_O00571,2018_11,disprot_taxon_9606_homo_sapiens.json
P15516,DP02206,Homo sapiens,9606,Human,Histatin-3,HTN3,51,51,5,32,32,0.6274509803921569,0.6274509803921569,0.6274509803921569,0.0196078431372549,True,False,UPI0000143497,UniRef50_P15516,2018_11,disprot_taxon_9606_homo_sapiens.json
P02808,DP02207,Homo sapiens,9606,Human,Statherin,STATH,62,62,1,43,43,0.6935483870967742,0.6935483870967742,0.6935483870967742,0.08064516129032258,True,False,UPI00001744FC,UniRef50_P02808,2018_11,disprot_taxon_9606_homo_sapiens.json
Q03519,DP02210,Homo sapiens,9606,Human,Antigen peptide transporter 2,TAP2,686,686,1,129,129,0.1880466472303207,0.1880466472303207,0.1880466472303207,0.029154518950437316,True,False,UPI000011D578,UniRef50_Q03519,2018_11,disprot_taxon_9606_homo_sapiens.json
P29375,DP02224,Homo sapiens,9606,Human,Lysine-specific demethylase 5A,KDM5A,1690,1690,2,177,177,0.10473372781065089,0.10473372781065089,0.10473372781065089,0.25502958579881657,True,False,UPI00001740DF,UniRef50_P29375,2018_11,disprot_taxon_9606_homo_sapiens.json
P24385,DP02226,Homo sapiens,9606,Human,G1/S-specific cyclin-D1,CCND1,295,295,4,64,64,0.21694915254237288,0.21694915254237288,0.21694915254237288,0.04067796610169491,True,False,UPI0000001285,UniRef50_P24385,2018_11,disprot_taxon_9606_homo_sapiens.json
Q99958,DP02231,Homo sapiens,9606,Human,Forkhead box protein C2,FOXC2,501,501,1,11,11,0.021956087824351298,0.021956087824351298,0.021956087824351298,0.5588822355289421,True,False,UPI000012ADC6,UniRef50_Q61850,2018_11,disprot_taxon_9606_homo_sapiens.json
Q13547,DP02233,Homo sapiens,9606,Human,Histone deacetylase 1,HDAC1,482,482,2,106,106,0.21991701244813278,0.21991701244813278,0.21991701244813278,0.12448132780082988,True,False,UPI0000035528,UniRef50_Q13547,2018_11,disprot_taxon_9606_homo_sapiens.json
P08476,DP02234,Homo sapiens,9606,Human,Inhibin beta A chain,INHBA,426,426,1,28,28,0.06572769953051644,0.06572769953051644,0.06572769953051644,0.19953051643192488,True,False,UPI00000474C9,UniRef50_P08476,2018_11,disprot_taxon_9606_homo_sapiens.json
P10721,DP02247,Homo sapiens,9606,Human,Mast/stem cell growth factor receptor Kit,KIT,976,976,1,22,22,0.022540983606557378,0.022540983606557378,0.022540983606557378,0.15778688524590165,True,False,UPI000003F17D,UniRef50_P10721,2018_11,disprot_taxon_9606_homo_sapiens.json
P68363,DP02251,Homo sapiens,9606,Human,Tubulin alpha-1B chain,TUBA1B,451,451,2,32,32,0.07095343680709534,0.07095343680709534,0.07095343680709534,0.031042128603104215,True,False,UPI00000015EA,UniRef50_P68363,2018_11,disprot_taxon_9606_homo_sapiens.json
Q96F86,DP02253,Homo sapiens,9606,Human,Enhancer of mRNA-decapping protein 3,EDC3,508,508,4,56,56,0.11023622047244094,0.11023622047244094,0.11023622047244094,0.23228346456692914,True,False,UPI000007309A,UniRef50_Q96F86,2018_11,disprot_taxon_9606_homo_sapiens.json
P14598,DP02254,Homo sapiens,9606,Human,Neutrophil cytosol factor 1,NCF1,390,390,13,99,99,0.25384615384615383,0.25384615384615383,0.25384615384615383,0.08205128205128205,True,False,UPI000059C546,UniRef50_P14598,2018_11,disprot_taxon_9606_homo_sapiens.json
P42226,DP02262,Homo sapiens,9606,Human,Signal transducer and activator of transcription 6,STAT6,847,847,10,32,32,0.03778040141676505,0.03778040141676505,0.03778040141676505,0.24321133412042503,True,False,UPI00000473FE,UniRef50_P42226,2018_11,disprot_taxon_9606_homo_sapiens.json
Q8IVG9,DP02267,Homo sapiens,9606,Human,Humanin,MT-RNR2,24,24,2,24,24,1.0,1.0,1.0,0.041666666666666664,True,False,UPI0000074630,UniRef50_Q8IVG9,2018_11,disprot_taxon_9606_homo_sapiens.json
Q9Y6K9,DP02269,Homo sapiens,9606,Human,NF-kappa-B essential modulator,IKBKG,419,419,4,107,107,0.2553699284009546,0.2553699284009546,0.2553699284009546,0.18854415274463007,True,False,UPI00001697C4,UniRef50_Q9Y6K9,2018_11,disprot_taxon_9606_homo_sapiens.json
Q92905,DP02290,Homo sapiens,9606,Human,COP9 signalosome complex subunit 5,COPS5,334,334,2,33,33,0.09880239520958084,0.09880239520958084,0.09880239520958084,0.03592814371257485,True,False,UPI0000073D74,UniRef50_Q92905,2018_11,disprot_taxon_9606_homo_sapiens.json
Q96PU5,DP02292,Homo sapiens,9606,Human,E3 ubiquitin-protein ligase NEDD4-like,NEDD4L,975,975,2,81,81,0.08307692307692308,0.08307692307692308,0.08307692307692308,0.29435897435897435,True,False,UPI0000072494,UniRef50_Q96PU5,2018_11,disprot_taxon_9606_homo_sapiens.json
P63165,DP02294,Homo sapiens,9606,Human,Small ubiquitin-related modifier 1,SUMO1,101,101,3,18,18,0.1782178217821782,0.1782178217821782,0.1782178217821782,0.1782178217821782,True,False,UPI0000001227,UniRef50_P63165,2018_11,disprot_taxon_9606_homo_sapiens.json
Q71UI9,DP02301,Homo sapiens,9606,Human,Histone H2A.V,H2AZ2,128,128,3,10,10,0.078125,0.078125,0.078125,0.0703125,True,False,UPI00000001D4,UniRef50_Q71UI9,2018_11,disprot_taxon_9606_homo_sapiens.json
Q15843,DP02302,Homo sapiens,9606,Human,NEDD8,NEDD8,81,81,3,13,13,0.16049382716049382,0.16049382716049382,0.16049382716049382,0.07407407407407407,True,False,UPI00000009A5,UniRef50_Q15843,2018_11,disprot_taxon_9606_homo_sapiens.json
Q0JRZ9,DP02303,Homo sapiens,9606,Human,F-BAR domain only protein 2,FCHO2,810,810,1,16,16,0.019753086419753086,0.019753086419753086,0.019753086419753086,0.29506172839506173,True,False,UPI000019971A,UniRef50_Q3UQN2,2018_11,disprot_taxon_9606_homo_sapiens.json
Q96RF0,DP02309,Homo sapiens,9606,Human,Sorting nexin-18,SNX18,628,628,9,166,166,0.2643312101910828,0.2643312101910828,0.2643312101910828,0.4028662420382166,True,False,UPI0000135B4F,UniRef50_Q96RF0,2018_11,disprot_taxon_9606_homo_sapiens.json
O43663,DP02316,Homo sapiens,9606,Human,Protein regulator of cytokinesis 1,PRC1,620,620,3,170,170,0.27419354838709675,0.27419354838709675,0.27419354838709675,0.22903225806451613,True,False,UPI00001A5ED8,UniRef50_O43663,2018_11,disprot_taxon_9606_homo_sapiens.json
O14672,DP02318,Homo sapiens,9606,Human,Disintegrin and metalloproteinase domain-containing protein 10,ADAM10,748,748,7,52,52,0.06951871657754011,0.06951871657754011,0.06951871657754011,0.09893048128342247,True,False,UPI00001254C8,UniRef50_O14672,2018_11,disprot_taxon_9606_homo_sapiens.json
Q00169,DP02327,Homo sapiens,9606,Human,Phosphatidylinositol transfer protein alpha isoform,PITPNA,270,270,9,122,122,0.45185185185185184,0.45185185185185184,0.45185185185185184,0.0,True,False,UPI000000DAD0,UniRef50_Q00169,2018_11,disprot_taxon_9606_homo_sapiens.json
P53779,DP02328,Homo sapiens,9606,Human,Mitogen-activated protein kinase 10,MAPK10,464,464,1,26,26,0.05603448275862069,0.05603448275862069,0.05603448275862069,0.2349137931034483,True,False,UPI000002AE11,UniRef50_P53779,2018_11,disprot_taxon_9606_homo_sapiens.json
Q9BUQ8,DP02332,Homo sapiens,9606,Human,Probable ATP-dependent RNA helicase DDX23,DDX23,820,820,12,301,301,0.3670731707317073,0.3670731707317073,0.3670731707317073,0.18048780487804877,True,False,UPI000006EFFB,UniRef50_Q9BUQ8,2018_11,disprot_taxon_9606_homo_sapiens.json
P13861,DP02333,Homo sapiens,9606,Human,cAMP-dependent protein kinase type II-alpha regulatory subunit,PRKAR2A,404,404,2,47,47,0.11633663366336634,0.11633663366336634,0.11633663366336634,0.15594059405940594,True,False,UPI000012DC0D,UniRef50_P13861,2018_11,disprot_taxon_9606_homo_sapiens.json
O60701,DP02338,Homo sapiens,9606,Human,UDP-glucose 6-dehydrogenase,UGDH,494,494,3,30,30,0.06072874493927125,0.06072874493927125,0.06072874493927125,0.03643724696356275,True,False,UPI0000001075,UniRef50_O60701,2019_09,disprot_taxon_9606_homo_sapiens.json
Q92804,DP02345,Homo sapiens,9606,Human,TATA-binding protein-associated factor 2N,TAF15,592,592,5,32,32,0.05405405405405406,0.05405405405405406,0.05405405405405406,0.7567567567567568,True,False,UPI000013317D,UniRef50_Q92804,2020_12,disprot_taxon_9606_homo_sapiens.json
Q9BTL3,DP02346,Homo sapiens,9606,Human,RNA guanine-N7 methyltransferase activating subunit,RAMAC,118,118,5,44,44,0.3728813559322034,0.3728813559322034,0.3728813559322034,0.4491525423728814,True,False,UPI00000467E0,UniRef50_Q9BTL3,2021_06,disprot_taxon_9606_homo_sapiens.json
Q8N5F7,DP02348,Homo sapiens,9606,Human,NF-kappa-B-activating protein,NKAP,415,415,11,385,385,0.927710843373494,0.927710843373494,0.927710843373494,0.4072289156626506,True,False,UPI000004A07B,UniRef50_Q8N5F7,2023_06,disprot_taxon_9606_homo_sapiens.json
P51825,DP02349,Homo sapiens,9606,Human,AF4/FMR2 family member 1,AFF1,1210,1210,2,23,23,0.019008264462809916,0.019008264462809916,0.019008264462809916,0.6834710743801653,True,False,UPI0000125658,UniRef50_P51825,2022_06,disprot_taxon_9606_homo_sapiens.json
P0DMV9,DP02353,Homo sapiens,9606,Human,Heat shock 70 kDa protein 1B,HSPA1B,641,641,1,78,78,0.12168486739469579,0.12168486739469579,0.12168486739469579,0.0499219968798752,True,False,UPI0000000C40,UniRef50_P0DMV8,2020_12,disprot_taxon_9606_homo_sapiens.json
Q8IYB3,DP02359,Homo sapiens,9606,Human,Serine/arginine repetitive matrix protein 1,SRRM1,904,904,6,809,809,0.8949115044247787,0.8949115044247787,0.8949115044247787,0.672566371681416,True,False,UPI0000074292,UniRef50_Q8IYB3,2021_06,disprot_taxon_9606_homo_sapiens.json
O14810,DP02360,Homo sapiens,9606,Human,Complexin-1,CPLX1,134,134,1,10,10,0.07462686567164178,0.07462686567164178,0.07462686567164178,0.04477611940298507,True,False,UPI0000127BB3,UniRef50_O14810,2020_12,disprot_taxon_9606_homo_sapiens.json
O95429,DP02361,Homo sapiens,9606,Human,BAG family molecular chaperone regulator 4,BAG4,457,457,1,20,20,0.0437636761487965,0.0437636761487965,0.0437636761487965,0.6083150984682714,True,False,UPI0000126769,UniRef50_O95429,2023_12,disprot_taxon_9606_homo_sapiens.json
Q9H6Z4-3,DP02364,Homo sapiens,9606,Human,Isoform 3 of Ran-binding protein 3,RANBP3,499,499,2,15,15,0.03006012024048096,0.03006012024048096,0.03006012024048096,,False,False,UPI00002031A7,,2023_12,disprot_taxon_9606_homo_sapiens.json
Q13464,DP02365,Homo sapiens,9606,Human,Rho-associated protein kinase 1,ROCK1,1354,1354,3,19,19,0.014032496307237814,0.014032496307237814,0.014032496307237814,0.08567208271787297,True,False,UPI000006F0A4,UniRef50_Q13464,2021_06,disprot_taxon_9606_homo_sapiens.json
P29536,DP02368,Homo sapiens,9606,Human,Leiomodin-1,LMOD1,600,600,1,15,15,0.025,0.025,0.025,0.43,True,False,UPI000012E775,UniRef50_P29536,2021_06,disprot_taxon_9606_homo_sapiens.json
Q92837,DP02373,Homo sapiens,9606,Human,Proto-oncogene FRAT1,FRAT1,279,279,3,254,254,0.910394265232975,0.910394265232975,0.910394265232975,0.36917562724014336,True,False,UPI0000527ED8,UniRef50_Q92837,2021_06,disprot_taxon_9606_homo_sapiens.json
Q96T58,DP02375,Homo sapiens,9606,Human,Msx2-interacting protein,SPEN,3664,3664,1,25,25,0.006823144104803494,0.006823144104803494,0.006823144104803494,,False,False,UPI000006FF0C,UniRef50_Q96T58,2020_12,disprot_taxon_9606_homo_sapiens.json
O60706-2,DP02381,Homo sapiens,9606,Human,Isoform SUR2B of ATP-binding cassette sub-family C member 9,ABCC9,1549,1549,6,52,52,0.03357004519044545,0.03357004519044545,0.03357004519044545,,False,False,UPI000013D13F,,2021_06,disprot_taxon_9606_homo_sapiens.json
Q15046,DP02382,Homo sapiens,9606,Human,Lysine--tRNA ligase,KARS1,597,597,6,70,70,0.11725293132328309,0.11725293132328309,0.11725293132328309,0.08207705192629816,True,False,UPI000016AE21,UniRef50_Q15046,2021_06,disprot_taxon_9606_homo_sapiens.json
P08631,DP02383,Homo sapiens,9606,Human,Tyrosine-protein kinase HCK,HCK,526,526,6,78,78,0.1482889733840304,0.1482889733840304,0.1482889733840304,0.1596958174904943,True,False,UPI000053F913,UniRef50_P08631,2021_06,disprot_taxon_9606_homo_sapiens.json
Q9NYB9,DP02386,Homo sapiens,9606,Human,Abl interactor 2,ABI2,513,513,1,358,358,0.6978557504873294,0.6978557504873294,0.6978557504873294,0.4678362573099415,True,False,UPI0000071313,UniRef50_Q9NYB9,2020_06,disprot_taxon_9606_homo_sapiens.json
Q96GD4,DP02389,Homo sapiens,9606,Human,Aurora kinase B,AURKB,344,344,6,16,16,0.046511627906976744,0.046511627906976744,0.046511627906976744,0.21511627906976744,True,False,UPI0000136107,UniRef50_Q96GD4,2021_06,disprot_taxon_9606_homo_sapiens.json
Q9NQS7,DP02390,Homo sapiens,9606,Human,Inner centromere protein,INCENP,918,918,4,21,21,0.02287581699346405,0.02287581699346405,0.02287581699346405,0.4662309368191721,True,False,UPI000006D10F,UniRef50_Q9NQS7,2020_12,disprot_taxon_9606_homo_sapiens.json
Q8IZD2,DP02393,Homo sapiens,9606,Human,Inactive histone-lysine N-methyltransferase 2E,KMT2E,1858,1858,2,17,17,0.00914962325080732,0.00914962325080732,0.00914962325080732,0.8035522066738429,True,False,UPI0000074133,UniRef50_Q8IZD2,2023_06,disprot_taxon_9606_homo_sapiens.json
Q7RTP6,DP02396,Homo sapiens,9606,Human,[F-actin]-monooxygenase MICAL3,MICAL3,2002,2002,4,110,110,0.054945054945054944,0.054945054945054944,0.054945054945054944,0.5399600399600399,True,False,UPI0001823FDE,UniRef50_Q7RTP6,2021_06,disprot_taxon_9606_homo_sapiens.json
Q04637,DP02398,Homo sapiens,9606,Human,Eukaryotic translation initiation factor 4 gamma 1,EIF4G1,1599,1599,16,1129,1129,0.706066291432145,0.706066291432145,0.706066291432145,0.5522201375859912,True,False,UPI0000161B6A,UniRef50_Q04637,2020_12,disprot_taxon_9606_homo_sapiens.json
P06730,DP02399,Homo sapiens,9606,Human,Eukaryotic translation initiation factor 4E,EIF4E,217,217,4,35,35,0.16129032258064516,0.16129032258064516,0.16129032258064516,0.03686635944700461,True,False,UPI00001782D7,UniRef50_P06730,2021_06,disprot_taxon_9606_homo_sapiens.json
Q96N21,DP02404,Homo sapiens,9606,Human,AP-4 complex accessory subunit Tepsin,TEPSIN,525,525,1,18,18,0.03428571428571429,0.03428571428571429,0.03428571428571429,0.4361904761904762,True,False,UPI0000071221,UniRef50_Q96N21,2020_12,disprot_taxon_9606_homo_sapiens.json
Q8IYW5,DP02405,Homo sapiens,9606,Human,E3 ubiquitin-protein ligase RNF168,RNF168,571,571,1,18,18,0.03152364273204904,0.03152364273204904,0.03152364273204904,0.5236427320490368,True,False,UPI00000741D1,UniRef50_Q8IYW5,2023_12,disprot_taxon_9606_homo_sapiens.json
Q9P2K3-3,DP02408,Homo sapiens,9606,Human,Isoform 3 of REST corepressor 3,RCOR3,553,553,2,420,420,0.759493670886076,0.759493670886076,0.759493670886076,,False,False,UPI00005AE45B,,2020_06,disprot_taxon_9606_homo_sapiens.json
Q9BTT0,DP02409,Homo sapiens,9606,Human,Acidic leucine-rich nuclear phosphoprotein 32 family member E,ANP32E,268,268,4,28,28,0.1044776119402985,0.1044776119402985,0.1044776119402985,0.11194029850746269,True,False,UPI0000071679,UniRef50_Q9BTT0,2021_06,disprot_taxon_9606_homo_sapiens.json
Q08050,DP02411,Homo sapiens,9606,Human,Forkhead box protein M1,FOXM1,763,763,9,213,213,0.27916120576671033,0.27916120576671033,0.27916120576671033,0.6972477064220184,True,False,UPI000016AD75,UniRef50_Q08050,2023_12,disprot_taxon_9606_homo_sapiens.json
P04198,DP02413,Homo sapiens,9606,Human,N-myc proto-oncogene protein,MYCN,464,464,2,33,33,0.07112068965517242,0.07112068965517242,0.07112068965517242,0.3922413793103448,True,False,UPI00001732CE,UniRef50_P04198,2022_06,disprot_taxon_9606_homo_sapiens.json
P14653,DP02414,Homo sapiens,9606,Human,Homeobox protein Hox-B1,HOXB1,301,301,2,20,20,0.0664451827242525,0.0664451827242525,0.0664451827242525,0.36212624584717606,True,False,UPI000012CF4A,UniRef50_P14653,2020_12,disprot_taxon_9606_homo_sapiens.json
P54274,DP02415,Homo sapiens,9606,Human,Telomeric repeat-binding factor 1,TERF1,439,439,6,43,43,0.0979498861047836,0.0979498861047836,0.0979498861047836,0.32574031890660593,True,False,UPI0000001C9C,UniRef50_P54274,2021_06,disprot_taxon_9606_homo_sapiens.json
P49765,DP02417,Homo sapiens,9606,Human,Vascular endothelial growth factor B,VEGFB,207,207,4,69,69,0.3333333333333333,0.3333333333333333,0.3333333333333333,0.14009661835748793,True,False,UPI000002B6B4,UniRef50_P49765,2021_06,disprot_taxon_9606_homo_sapiens.json
P35568,DP02418,Homo sapiens,9606,Human,Insulin receptor substrate 1,IRS1,1242,1242,2,43,43,0.03462157809983897,0.03462157809983897,0.03462157809983897,0.7818035426731079,True,False,UPI000003BB52,UniRef50_P35568,2023_12,disprot_taxon_9606_homo_sapiens.json
Q5SQI0,DP02419,Homo sapiens,9606,Human,Alpha-tubulin N-acetyltransferase 1,ATAT1,421,421,3,52,52,0.12351543942992874,0.12351543942992874,0.12351543942992874,0.3586698337292161,True,False,UPI000014137B,UniRef50_Q5SQI0,2021_06,disprot_taxon_9606_homo_sapiens.json
Q86YV5,DP02420,Homo sapiens,9606,Human,Inactive tyrosine-protein kinase PRAG1,PRAG1,1406,1406,5,70,70,0.049786628733997154,0.049786628733997154,0.049786628733997154,0.6941678520625889,True,False,UPI0003EAF98F,UniRef50_D3ZMK9,2021_06,disprot_taxon_9606_homo_sapiens.json
Q9BVI0,DP02427,Homo sapiens,9606,Human,PHD finger protein 20,PHF20,1012,1012,1,16,16,0.015810276679841896,0.015810276679841896,0.015810276679841896,0.6294466403162056,True,False,UPI000006E61B,UniRef50_Q9BVI0,2020_12,disprot_taxon_9606_homo_sapiens.json
Q5T4W7,DP02428,Homo sapiens,9606,Human,Artemin,ARTN,220,220,1,13,13,0.05909090909090909,0.05909090909090909,0.05909090909090909,0.1318181818181818,True,False,UPI000013C9E4,UniRef50_Q5T4W7,2020_12,disprot_taxon_9606_homo_sapiens.json
P15391,DP02431,Homo sapiens,9606,Human,B-lymphocyte antigen CD19,CD19,556,556,2,15,15,0.02697841726618705,0.02697841726618705,0.02697841726618705,0.44244604316546765,True,False,UPI000016A560,UniRef50_P15391,2021_06,disprot_taxon_9606_homo_sapiens.json
Q96RS0,DP02445,Homo sapiens,9606,Human,Trimethylguanosine synthase,TGS1,853,853,1,16,16,0.01875732708089097,0.01875732708089097,0.01875732708089097,0.4771395076201641,True,False,UPI000006DC33,UniRef50_Q96RS0,2023_12,disprot_taxon_9606_homo_sapiens.json
Q8IU57,DP02446,Homo sapiens,9606,Human,Interferon lambda receptor 1,IFNLR1,520,520,1,30,30,0.057692307692307696,0.057692307692307696,0.057692307692307696,0.4653846153846154,True,False,UPI000004D3FC,UniRef50_Q8IU57,2021_06,disprot_taxon_9606_homo_sapiens.json
Q15583,DP02449,Homo sapiens,9606,Human,Homeobox protein TGIF1,TGIF1,401,401,9,124,124,0.3092269326683292,0.3092269326683292,0.3092269326683292,0.5261845386533666,True,False,UPI0000140386,UniRef50_Q15583,2023_06,disprot_taxon_9606_homo_sapiens.json
Q8TEA8,DP02452,Homo sapiens,9606,Human,D-aminoacyl-tRNA deacylase 1,DTD1,209,209,4,58,58,0.27751196172248804,0.27751196172248804,0.27751196172248804,0.10526315789473684,True,False,UPI0000072859,UniRef50_Q8TEA8,2021_06,disprot_taxon_9606_homo_sapiens.json
Q9UKX7,DP02455,Homo sapiens,9606,Human,Nuclear pore complex protein Nup50,NUP50,468,468,2,62,62,0.13247863247863248,0.13247863247863248,0.13247863247863248,0.4337606837606838,True,False,UPI00001698D2,UniRef50_Q9UKX7,2020_12,disprot_taxon_9606_homo_sapiens.json
O95400,DP02457,Homo sapiens,9606,Human,CD2 antigen cytoplasmic tail-binding protein 2,CD2BP2,341,341,1,25,25,0.07331378299120235,0.07331378299120235,0.07331378299120235,0.2316715542521994,True,False,UPI000006D625,UniRef50_O95400,2023_12,disprot_taxon_9606_homo_sapiens.json
P17181,DP02458,Homo sapiens,9606,Human,Interferon alpha/beta receptor 1,IFNAR1,557,557,2,117,117,0.21005385996409337,0.21005385996409337,0.21005385996409337,0.20646319569120286,True,False,UPI000002D51B,UniRef50_P17181,2021_06,disprot_taxon_9606_homo_sapiens.json
Q9NRR4,DP02463,Homo sapiens,9606,Human,Ribonuclease 3,DROSHA,1374,1374,5,284,284,0.2066957787481805,0.2066957787481805,0.2066957787481805,0.30858806404657935,True,False,UPI0000163BD8,UniRef50_Q9NRR4,2021_06,disprot_taxon_9606_homo_sapiens.json
P07199,DP02465,Homo sapiens,9606,Human,Major centromere autoantigen B,CENPB,599,599,3,17,17,0.028380634390651086,0.028380634390651086,0.028380634390651086,0.34724540901502504,True,False,UPI000016A6A2,UniRef50_P07199,2023_12,disprot_taxon_9606_homo_sapiens.json
P51617,DP02467,Homo sapiens,9606,Human,Interleukin-1 receptor-associated kinase 1,IRAK1,712,712,3,31,31,0.04353932584269663,0.04353932584269663,0.04353932584269663,0.3806179775280899,True,False,UPI0000146573,UniRef50_P51617,2021_06,disprot_taxon_9606_homo_sapiens.json
P17480,DP02468,Homo sapiens,9606,Human,Nucleolar transcription factor 1,UBTF,764,764,2,14,14,0.01832460732984293,0.01832460732984293,0.01832460732984293,0.2094240837696335,True,False,UPI000013797C,UniRef50_P17480,2023_06,disprot_taxon_9606_homo_sapiens.json
Q96G97,DP02471,Homo sapiens,9606,Human,Seipin,BSCL2,398,398,2,238,238,0.5979899497487438,0.5979899497487438,0.5979899497487438,0.28391959798994976,True,False,UPI0000070140,UniRef50_Q96G97,2021_06,disprot_taxon_9606_homo_sapiens.json
Q15642,DP02473,Homo sapiens,9606,Human,Cdc42-interacting protein 4,TRIP10,601,601,1,15,15,0.024958402662229616,0.024958402662229616,0.024958402662229616,0.24792013311148087,True,False,UPI000016B11F,UniRef50_Q15642,2021_06,disprot_taxon_9606_homo_sapiens.json
Q86UE8,DP02475,Homo sapiens,9606,Human,Serine/threonine-protein kinase tousled-like 2,TLK2,772,772,2,200,200,0.25906735751295334,0.25906735751295334,0.25906735751295334,0.3601036269430052,True,False,UPI000000DAC1,UniRef50_Q86UE8,2020_06,disprot_taxon_9606_homo_sapiens.json
Q01970,DP02477,Homo sapiens,9606,Human,"1-phosphatidylinositol 4,5-bisphosphate phosphodiesterase beta-3",PLCB3,1234,1234,7,455,455,0.3687196110210697,0.3687196110210697,0.3687196110210697,0.17585089141004862,True,False,UPI000016AECE,UniRef50_Q01970,2020_06,disprot_taxon_9606_homo_sapiens.json
O60502,DP02479,Homo sapiens,9606,Human,Protein O-GlcNAcase,OGA,916,916,7,97,97,0.10589519650655022,0.10589519650655022,0.10589519650655022,0.25327510917030566,True,False,UPI0000073533,UniRef50_Q8VIJ5,2020_06,disprot_taxon_9606_homo_sapiens.json
P09327,DP02510,Homo sapiens,9606,Human,Villin-1,VIL1,827,827,1,254,254,0.30713422007255137,0.30713422007255137,0.30713422007255137,0.07980652962515115,True,False,UPI0000138814,UniRef50_P09327,2020_06,disprot_taxon_9606_homo_sapiens.json
Q13740,DP02515,Homo sapiens,9606,Human,CD166 antigen,ALCAM,583,583,1,338,338,0.5797598627787307,0.5797598627787307,0.5797598627787307,0.11320754716981132,True,False,UPI0000126BCA,UniRef50_Q13740,2020_06,disprot_taxon_9606_homo_sapiens.json
Q9UKL0,DP02523,Homo sapiens,9606,Human,REST corepressor 1,RCOR1,485,485,3,352,352,0.7257731958762886,0.7257731958762886,0.7257731958762886,0.37938144329896906,True,False,UPI0000073120,UniRef50_Q9UKL0,2020_06,disprot_taxon_9606_homo_sapiens.json
A5YKK6,DP02524,Homo sapiens,9606,Human,CCR4-NOT transcription complex subunit 1,CNOT1,2376,2376,3,277,277,0.11658249158249158,0.11658249158249158,0.11658249158249158,0.15025252525252525,True,False,UPI0001565767,UniRef50_A5YKK6,2020_06,disprot_taxon_9606_homo_sapiens.json
Q92558,DP02529,Homo sapiens,9606,Human,Wiskott-Aldrich syndrome protein family member 1,WASF1,559,559,6,350,350,0.6261180679785331,0.6261180679785331,0.6261180679785331,0.334525939177102,True,False,UPI000003AC31,UniRef50_Q92558,2021_06,disprot_taxon_9606_homo_sapiens.json
P18564,DP02530,Homo sapiens,9606,Human,Integrin beta-6,ITGB6,788,788,2,297,297,0.3769035532994924,0.3769035532994924,0.3769035532994924,0.04568527918781726,True,False,UPI000014BEC0,UniRef50_P18564,2020_06,disprot_taxon_9606_homo_sapiens.json
S6B291,DP02531,Homo sapiens,9606,Human,IgG H chain,,466,466,1,226,226,0.48497854077253216,0.48497854077253216,0.48497854077253216,0.04721030042918455,True,False,UPI00035916D5,UniRef50_P01857,2021_06,disprot_taxon_9606_homo_sapiens.json
Q07866,DP02532,Homo sapiens,9606,Human,Kinesin light chain 1,KLC1,573,573,1,24,24,0.041884816753926704,0.041884816753926704,0.041884816753926704,0.2705061082024433,True,False,UPI000012DECC,UniRef50_Q07866,2023_12,disprot_taxon_9606_homo_sapiens.json
P56696,DP02533,Homo sapiens,9606,Human,Potassium voltage-gated channel subfamily KQT member 4,KCNQ4,695,695,1,44,44,0.06330935251798561,0.06330935251798561,0.06330935251798561,0.3856115107913669,True,False,UPI000013D35B,UniRef50_P56696,2021_06,disprot_taxon_9606_homo_sapiens.json
Q16790,DP02538,Homo sapiens,9606,Human,Carbonic anhydrase 9,CA9,459,459,15,99,99,0.21568627450980393,0.21568627450980393,0.21568627450980393,0.3028322440087146,True,False,UPI0000047736,UniRef50_Q16790,2021_06,disprot_taxon_9606_homo_sapiens.json
Q16611,DP02539,Homo sapiens,9606,Human,Bcl-2 homologous antagonist/killer,BAK1,211,211,6,35,35,0.16587677725118483,0.16587677725118483,0.16587677725118483,0.018957345971563982,True,False,UPI0000126777,UniRef50_Q16611,2021_06,disprot_taxon_9606_homo_sapiens.json
Q07812,DP02540,Homo sapiens,9606,Human,Apoptosis regulator BAX,BAX,192,192,4,35,35,0.18229166666666666,0.18229166666666666,0.18229166666666666,0.052083333333333336,True,False,UPI0000035C7E,UniRef50_Q07812,2021_06,disprot_taxon_9606_homo_sapiens.json
Q9NUM4,DP02543,Homo sapiens,9606,Human,Transmembrane protein 106B,TMEM106B,274,274,8,139,139,0.5072992700729927,0.5072992700729927,0.5072992700729927,0.21897810218978103,True,False,UPI0000073CA6,UniRef50_Q9NUM4,2023_12,disprot_taxon_9606_homo_sapiens.json
P07948,DP02545,Homo sapiens,9606,Human,Tyrosine-protein kinase Lyn,LYN,512,512,3,62,62,0.12109375,0.12109375,0.12109375,0.14453125,True,False,UPI000012EA83,UniRef50_P07948,2020_12,disprot_taxon_9606_homo_sapiens.json
P16070,DP02546,Homo sapiens,9606,Human,CD44 antigen,CD44,742,742,7,100,100,0.1347708894878706,0.1347708894878706,0.1347708894878706,0.6981132075471698,True,False,UPI000013D3FE,UniRef50_P16070,2023_12,disprot_taxon_9606_homo_sapiens.json
Q9Y6G9,DP02547,Homo sapiens,9606,Human,Cytoplasmic dynein 1 light intermediate chain 1,DYNC1LI1,523,523,9,136,136,0.26003824091778205,0.26003824091778205,0.26003824091778205,0.40344168260038243,True,False,UPI000006E91C,UniRef50_Q9Y6G9,2021_06,disprot_taxon_9606_homo_sapiens.json
Q8NBP7,DP02551,Homo sapiens,9606,Human,Proprotein convertase subtilisin/kexin type 9,PCSK9,692,692,8,30,30,0.04335260115606936,0.04335260115606936,0.04335260115606936,0.1315028901734104,True,False,UPI000003B099,UniRef50_Q8NBP7,2021_06,disprot_taxon_9606_homo_sapiens.json
P43629,DP02552,Homo sapiens,9606,Human,Killer cell immunoglobulin-like receptor 3DL1,KIR3DL1,444,444,5,84,84,0.1891891891891892,0.1891891891891892,0.1891891891891892,0.2725225225225225,True,False,UPI000012DB24,UniRef50_Q8N743,2021_06,disprot_taxon_9606_homo_sapiens.json
Q6P5W5,DP02554,Homo sapiens,9606,Human,Zinc transporter ZIP4,SLC39A4,647,647,6,75,75,0.11591962905718702,0.11591962905718702,0.11591962905718702,0.1901081916537867,True,False,UPI00000377A5,UniRef50_Q6P5W5,2021_06,disprot_taxon_9606_homo_sapiens.json
Q15109,DP02555,Homo sapiens,9606,Human,Advanced glycosylation end product-specific receptor,AGER,404,404,8,41,41,0.10148514851485149,0.10148514851485149,0.10148514851485149,0.12128712871287128,True,False,UPI00001330EF,UniRef50_Q15109,2021_06,disprot_taxon_9606_homo_sapiens.json
Q9NP70,DP02558,Homo sapiens,9606,Human,Ameloblastin,AMBN,447,447,7,421,421,0.941834451901566,0.941834451901566,0.941834451901566,0.8702460850111857,True,False,UPI000000DCCB,UniRef50_Q9NP70,2023_06,disprot_taxon_9606_homo_sapiens.json
Q969R2,DP02559,Homo sapiens,9606,Human,Oxysterol-binding protein 2,OSBP2,916,916,2,184,184,0.20087336244541484,0.20087336244541484,0.20087336244541484,0.2925764192139738,True,False,UPI0000130EB2,UniRef50_Q969R2,2023_12,disprot_taxon_9606_homo_sapiens.json
P60880,DP02561,Homo sapiens,9606,Human,Synaptosomal-associated protein 25,SNAP25,206,206,11,59,59,0.28640776699029125,0.28640776699029125,0.28640776699029125,0.10679611650485436,True,False,UPI0000001103,UniRef50_P60880,2021_06,disprot_taxon_9606_homo_sapiens.json
Q15717,DP02564,Homo sapiens,9606,Human,ELAV-like protein 1,ELAVL1,326,326,1,19,19,0.05828220858895705,0.05828220858895705,0.05828220858895705,0.2116564417177914,True,False,UPI000004C562,UniRef50_Q15717,2021_06,disprot_taxon_9606_homo_sapiens.json
P01266,DP02567,Homo sapiens,9606,Human,Thyroglobulin,TG,2768,2768,11,200,200,0.07225433526011561,0.07225433526011561,0.07225433526011561,,False,False,UPI00001734A1,UniRef50_P01266,2023_12,disprot_taxon_9606_homo_sapiens.json
P80192,DP02571,Homo sapiens,9606,Human,Mitogen-activated protein kinase kinase kinase 9,MAP3K9,1104,1104,3,24,24,0.021739130434782608,0.021739130434782608,0.021739130434782608,0.5788043478260869,True,False,UPI0000052A4B,UniRef50_P80192,2023_12,disprot_taxon_9606_homo_sapiens.json
P55042,DP02572,Homo sapiens,9606,Human,GTP-binding protein RAD,RRAD,308,308,2,22,22,0.07142857142857142,0.07142857142857142,0.07142857142857142,0.288961038961039,True,False,UPI00001330D1,UniRef50_P55042,2021_06,disprot_taxon_9606_homo_sapiens.json
P39905,DP02574,Homo sapiens,9606,Human,Glial cell line-derived neurotrophic factor,GDNF,211,211,1,40,40,0.1895734597156398,0.1895734597156398,0.1895734597156398,0.1895734597156398,True,False,UPI00000326A1,UniRef50_P39905,2020_12,disprot_taxon_9606_homo_sapiens.json
Q16647,DP02578,Homo sapiens,9606,Human,Prostacyclin synthase,PTGIS,500,500,1,12,12,0.024,0.024,0.024,0.0,True,False,UPI00001328DF,UniRef50_Q16647,2021_06,disprot_taxon_9606_homo_sapiens.json
P28827,DP02580,Homo sapiens,9606,Human,Receptor-type tyrosine-protein phosphatase mu,PTPRM,1452,1452,3,154,154,0.10606060606060606,0.10606060606060606,0.10606060606060606,0.10674931129476584,True,False,UPI0000132997,UniRef50_P28827,2021_06,disprot_taxon_9606_homo_sapiens.json
Q9H900,DP02585,Homo sapiens,9606,Human,Protein zwilch homolog,ZWILCH,591,591,7,95,95,0.16074450084602368,0.16074450084602368,0.16074450084602368,0.12521150592216582,True,False,UPI0000070024,UniRef50_Q9H900,2023_12,disprot_taxon_9606_homo_sapiens.json
Q96PM5,DP02587,Homo sapiens,9606,Human,RING finger and CHY zinc finger domain-containing protein 1,RCHY1,261,261,2,29,29,0.1111111111111111,0.1111111111111111,0.1111111111111111,0.06130268199233716,True,False,UPI000013C366,UniRef50_Q96PM5,2021_06,disprot_taxon_9606_homo_sapiens.json
P78362,DP02591,Homo sapiens,9606,Human,SRSF protein kinase 2,SRPK2,688,688,10,361,361,0.5247093023255814,0.5247093023255814,0.5247093023255814,0.3386627906976744,True,False,UPI000006D371,UniRef50_P78362,2021_06,disprot_taxon_9606_homo_sapiens.json
Q9H8Y8,DP02592,Homo sapiens,9606,Human,Golgi reassembly-stacking protein 2,GORASP2,452,452,3,244,244,0.5398230088495575,0.5398230088495575,0.5398230088495575,0.5066371681415929,True,False,UPI0000070B86,UniRef50_Q9H8Y8,2021_06,disprot_taxon_9606_homo_sapiens.json
P63241,DP02594,Homo sapiens,9606,Human,Eukaryotic translation initiation factor 5A-1,EIF5A,154,154,1,14,14,0.09090909090909091,0.09090909090909091,0.09090909090909091,0.06493506493506493,True,False,UPI0000006BEE,UniRef50_P63241,2021_06,disprot_taxon_9606_homo_sapiens.json
P25490,DP02595,Homo sapiens,9606,Human,Transcriptional repressor protein YY1,YY1,414,414,9,295,295,0.7125603864734299,0.7125603864734299,0.7125603864734299,0.6521739130434783,True,False,UPI00001378FC,UniRef50_P25490,2023_06,disprot_taxon_9606_homo_sapiens.json
Q96H20,DP02598,Homo sapiens,9606,Human,Vacuolar-sorting protein SNF8,SNF8,258,258,3,25,25,0.09689922480620156,0.09689922480620156,0.09689922480620156,0.027131782945736434,True,False,UPI0000071826,UniRef50_Q96H20,2021_06,disprot_taxon_9606_homo_sapiens.json
Q86VN1,DP02599,Homo sapiens,9606,Human,Vacuolar protein-sorting-associated protein 36,VPS36,386,386,2,21,21,0.054404145077720206,0.054404145077720206,0.054404145077720206,0.06735751295336788,True,False,UPI000013CFE6,UniRef50_Q86VN1,2021_06,disprot_taxon_9606_homo_sapiens.json
P35916,DP02600,Homo sapiens,9606,Human,Vascular endothelial growth factor receptor 3,FLT4,1363,1363,4,37,37,0.02714600146735143,0.02714600146735143,0.02714600146735143,0.23404255319148937,True,False,UPI000003CA99,UniRef50_P35916,2020_12,disprot_taxon_9606_homo_sapiens.json
Q96NW4,DP02601,Homo sapiens,9606,Human,Ankyrin repeat domain-containing protein 27,ANKRD27,1050,1050,4,62,62,0.05904761904761905,0.05904761904761905,0.05904761904761905,0.24952380952380954,True,False,UPI000006D08A,UniRef50_Q96NW4,2023_12,disprot_taxon_9606_homo_sapiens.json
P20020-1,DP02604,Homo sapiens,9606,Human,Isoform D of Plasma membrane calcium-transporting ATPase 1,ATP2B1,1258,1258,2,196,196,0.15580286168521462,0.15580286168521462,0.15580286168521462,,False,False,UPI00001261E9,,2023_12,disprot_taxon_9606_homo_sapiens.json
P02533,DP02605,Homo sapiens,9606,Human,"Keratin, type I cytoskeletal 14",KRT14,472,472,2,37,37,0.07838983050847458,0.07838983050847458,0.07838983050847458,0.3072033898305085,True,False,UPI000000D9D9,UniRef50_P02533,2020_12,disprot_taxon_9606_homo_sapiens.json
P13647,DP02606,Homo sapiens,9606,Human,"Keratin, type II cytoskeletal 5",KRT5,590,590,6,312,312,0.5288135593220339,0.5288135593220339,0.5288135593220339,0.4542372881355932,True,False,UPI000012DB0D,UniRef50_P13647,2023_12,disprot_taxon_9606_homo_sapiens.json
Q9UNA0,DP02607,Homo sapiens,9606,Human,A disintegrin and metalloproteinase with thrombospondin motifs 5,ADAMTS5,930,930,2,72,72,0.07741935483870968,0.07741935483870968,0.07741935483870968,0.1827956989247312,True,False,UPI00001AEAC2,UniRef50_Q9UNA0,2021_06,disprot_taxon_9606_homo_sapiens.json
Q8IUQ4,DP02608,Homo sapiens,9606,Human,E3 ubiquitin-protein ligase SIAH1,SIAH1,282,282,1,35,35,0.12411347517730496,0.12411347517730496,0.12411347517730496,0.09219858156028368,True,False,UPI0000073CF6,UniRef50_Q8IUQ4,2021_06,disprot_taxon_9606_homo_sapiens.json
Q96PY5,DP02609,Homo sapiens,9606,Human,Formin-like protein 2,FMNL2,1086,1086,3,55,55,0.05064456721915286,0.05064456721915286,0.05064456721915286,0.2302025782688766,True,False,UPI00000717E2,UniRef50_Q96PY5,2020_12,disprot_taxon_9606_homo_sapiens.json
Q8N1G2,DP02611,Homo sapiens,9606,Human,Cap-specific mRNA (nucleoside-2'-O-)-methyltransferase 1,CMTR1,835,835,1,15,15,0.017964071856287425,0.017964071856287425,0.017964071856287425,0.09700598802395209,True,False,UPI00000700C2,UniRef50_Q8N1G2,2021_06,disprot_taxon_9606_homo_sapiens.json
Q9Y6D6,DP02612,Homo sapiens,9606,Human,Brefeldin A-inhibited guanine nucleotide-exchange protein 1,ARFGEF1,1849,1849,7,27,27,0.014602487831260141,0.014602487831260141,0.014602487831260141,0.20497566252028124,True,False,UPI0000126939,UniRef50_Q9Y6D6,2023_06,disprot_taxon_9606_homo_sapiens.json
Q3MIT2,DP02614,Homo sapiens,9606,Human,Putative tRNA pseudouridine synthase Pus10,PUS10,529,529,5,62,62,0.11720226843100189,0.11720226843100189,0.11720226843100189,0.09262759924385633,True,False,UPI000013E1F4,UniRef50_Q3MIT2,2021_06,disprot_taxon_9606_homo_sapiens.json
O75817,DP02615,Homo sapiens,9606,Human,Ribonuclease P protein subunit p20,POP7,140,140,1,28,28,0.2,0.2,0.2,0.08571428571428572,True,False,UPI0000131F3B,UniRef50_O75817,2021_06,disprot_taxon_9606_homo_sapiens.json
Q9BUL9,DP02616,Homo sapiens,9606,Human,Ribonuclease P protein subunit p25,RPP25,199,199,2,63,63,0.3165829145728643,0.3165829145728643,0.3165829145728643,0.1407035175879397,True,False,UPI0000072730,UniRef50_Q9BUL9,2020_12,disprot_taxon_9606_homo_sapiens.json
Q14194,DP02620,Homo sapiens,9606,Human,Dihydropyrimidinase-related protein 1,CRMP1,572,572,3,90,90,0.15734265734265734,0.15734265734265734,0.15734265734265734,0.08741258741258741,True,False,UPI0000047FA2,UniRef50_Q14194,2021_06,disprot_taxon_9606_homo_sapiens.json
Q15113,DP02622,Homo sapiens,9606,Human,Procollagen C-endopeptidase enhancer 1,PCOLCE,449,449,6,67,67,0.1492204899777283,0.1492204899777283,0.1492204899777283,0.17817371937639198,True,False,UPI0000161B54,UniRef50_Q15113,2021_06,disprot_taxon_9606_homo_sapiens.json
Q8TEP8,DP02627,Homo sapiens,9606,Human,Centrosomal protein of 192 kDa,CEP192,2537,2537,8,31,31,0.012219156484036263,0.012219156484036263,0.012219156484036263,0.5916436736302719,True,False,UPI000006D5E6,UniRef50_Q8TEP8,2023_12,disprot_taxon_9606_homo_sapiens.json
O94986,DP02628,Homo sapiens,9606,Human,Centrosomal protein of 152 kDa,CEP152,1710,1710,9,29,29,0.01695906432748538,0.01695906432748538,0.01695906432748538,0.4298245614035088,True,False,UPI000006FDC0,UniRef50_O94986,2023_06,disprot_taxon_9606_homo_sapiens.json
O14958,DP02630,Homo sapiens,9606,Human,Calsequestrin-2,CASQ2,399,399,6,29,29,0.07268170426065163,0.07268170426065163,0.07268170426065163,0.08270676691729323,True,False,UPI0000161BE0,UniRef50_O14958,2021_06,disprot_taxon_9606_homo_sapiens.json
P31321,DP02632,Homo sapiens,9606,Human,cAMP-dependent protein kinase type I-beta regulatory subunit,PRKAR1B,381,381,4,36,36,0.09448818897637795,0.09448818897637795,0.09448818897637795,0.06299212598425197,True,False,UPI00001724F4,UniRef50_P31321,2020_12,disprot_taxon_9606_homo_sapiens.json
Q9UBV7,DP02634,Homo sapiens,9606,Human,"Beta-1,4-galactosyltransferase 7",B4GALT7,327,327,10,26,26,0.07951070336391437,0.07951070336391437,0.07951070336391437,0.08868501529051988,True,False,UPI00000361E1,UniRef50_Q9UBV7,2021_06,disprot_taxon_9606_homo_sapiens.json
P07237,DP02637,Homo sapiens,9606,Human,Protein disulfide-isomerase,P4HB,508,508,4,52,52,0.10236220472440945,0.10236220472440945,0.10236220472440945,0.09055118110236221,True,False,UPI000016AF0F,UniRef50_P07237,2021_06,disprot_taxon_9606_homo_sapiens.json
P78330,DP02639,Homo sapiens,9606,Human,Phosphoserine phosphatase,PSPH,225,225,5,12,12,0.05333333333333334,0.05333333333333334,0.05333333333333334,0.0044444444444444444,True,False,UPI0000135875,UniRef50_P78330,2021_06,disprot_taxon_9606_homo_sapiens.json
Q9HC35,DP02645,Homo sapiens,9606,Human,Echinoderm microtubule-associated protein-like 4,EML4,981,981,1,20,20,0.020387359836901122,0.020387359836901122,0.020387359836901122,0.2803261977573904,True,False,UPI000052BFE0,UniRef50_Q9HC35,2022_06,disprot_taxon_9606_homo_sapiens.json
O95278,DP02647,Homo sapiens,9606,Human,Laforin,EPM2A,331,331,1,11,11,0.03323262839879154,0.03323262839879154,0.03323262839879154,0.015105740181268883,True,False,UPI00004FD228,UniRef50_O95278,2021_06,disprot_taxon_9606_homo_sapiens.json
P01023,DP02649,Homo sapiens,9606,Human,Alpha-2-macroglobulin,A2M,1474,1474,5,46,46,0.031207598371777476,0.031207598371777476,0.031207598371777476,0.05223880597014925,True,False,UPI0000155718,UniRef50_P01023,2023_06,disprot_taxon_9606_homo_sapiens.json
P30542,DP02651,Homo sapiens,9606,Human,Adenosine receptor A1,ADORA1,326,326,1,26,26,0.07975460122699386,0.07975460122699386,0.07975460122699386,0.006134969325153374,True,False,UPI00000503E1,UniRef50_P30542,2020_12,disprot_taxon_9606_homo_sapiens.json
Q96FQ6,DP02652,Homo sapiens,9606,Human,Protein S100-A16,S100A16,103,103,2,21,21,0.20388349514563106,0.20388349514563106,0.20388349514563106,0.0,True,False,UPI0000135414,UniRef50_Q96FQ6,2021_06,disprot_taxon_9606_homo_sapiens.json
Q9H5I1,DP02654,Homo sapiens,9606,Human,Histone-lysine N-methyltransferase SUV39H2,SUV39H2,410,410,1,14,14,0.03414634146341464,0.03414634146341464,0.03414634146341464,0.05853658536585366,True,False,UPI0000136177,UniRef50_Q9H5I1,2021_06,disprot_taxon_9606_homo_sapiens.json
P08294,DP02656,Homo sapiens,9606,Human,Extracellular superoxide dismutase [Cu-Zn],SOD3,240,240,5,53,53,0.22083333333333333,0.22083333333333333,0.22083333333333333,0.1,True,False,UPI0000000DE0,UniRef50_P08294,2021_06,disprot_taxon_9606_homo_sapiens.json
Q8N807,DP02658,Homo sapiens,9606,Human,Protein disulfide-isomerase-like protein of the testis,PDILT,584,584,4,96,96,0.1643835616438356,0.1643835616438356,0.1643835616438356,0.15753424657534246,True,False,UPI000006DBC2,UniRef50_Q8N807,2023_12,disprot_taxon_9606_homo_sapiens.json
Q6ZVN8,DP02661,Homo sapiens,9606,Human,Hemojuvelin,HJV,426,426,2,16,16,0.03755868544600939,0.03755868544600939,0.03755868544600939,0.16901408450704225,True,False,UPI000013EB58,UniRef50_Q6ZVN8,2021_06,disprot_taxon_9606_homo_sapiens.json
Q9Y5C1,DP02665,Homo sapiens,9606,Human,Angiopoietin-related protein 3,ANGPTL3,460,460,1,10,10,0.021739130434782608,0.021739130434782608,0.021739130434782608,0.15,True,False,UPI000003722C,UniRef50_Q9Y5C1,2021_06,disprot_taxon_9606_homo_sapiens.json
P15848,DP02670,Homo sapiens,9606,Human,Arylsulfatase B,ARSB,533,533,1,17,17,0.03189493433395872,0.03189493433395872,0.03189493433395872,0.054409005628517824,True,False,UPI00001260A3,UniRef50_P15848,2021_06,disprot_taxon_9606_homo_sapiens.json
P11926,DP02673,Homo sapiens,9606,Human,Ornithine decarboxylase,ODC1,461,461,7,58,58,0.12581344902386118,0.12581344902386118,0.12581344902386118,0.10845986984815618,True,False,UPI0000156A46,UniRef50_P11926,2020_12,disprot_taxon_9606_homo_sapiens.json
P54368,DP02674,Homo sapiens,9606,Human,Ornithine decarboxylase antizyme 1,OAZ1,228,228,2,40,40,0.17543859649122806,0.17543859649122806,0.17543859649122806,0.22807017543859648,True,False,UPI0000161BAA,UniRef50_P54368,2023_12,disprot_taxon_9606_homo_sapiens.json
O14977,DP02675,Homo sapiens,9606,Human,Antizyme inhibitor 1,AZIN1,448,448,2,33,33,0.07366071428571429,0.07366071428571429,0.07366071428571429,0.060267857142857144,True,False,UPI0000130BCC,UniRef50_O14977,2021_06,disprot_taxon_9606_homo_sapiens.json
Q9HD36,DP02676,Homo sapiens,9606,Human,Bcl-2-like protein 10,BCL2L10,204,204,1,15,15,0.07352941176470588,0.07352941176470588,0.07352941176470588,0.029411764705882353,True,False,UPI000013D0DA,UniRef50_Q9HD36,2021_06,disprot_taxon_9606_homo_sapiens.json
O75936,DP02678,Homo sapiens,9606,Human,Gamma-butyrobetaine dioxygenase,BBOX1,387,387,1,11,11,0.028423772609819122,0.028423772609819122,0.028423772609819122,0.002583979328165375,True,False,UPI0000126A4C,UniRef50_O75936,2020_12,disprot_taxon_9606_homo_sapiens.json
P23280,DP02680,Homo sapiens,9606,Human,Carbonic anhydrase 6,CA6,308,308,1,11,11,0.03571428571428571,0.03571428571428571,0.03571428571428571,0.06818181818181818,True,False,UPI0000161B17,UniRef50_P23280,2021_06,disprot_taxon_9606_homo_sapiens.json
P13797,DP02682,Homo sapiens,9606,Human,Plastin-3,PLS3,630,630,1,20,20,0.031746031746031744,0.031746031746031744,0.031746031746031744,0.03968253968253968,True,False,UPI000016AEC5,UniRef50_P13797,2021_06,disprot_taxon_9606_homo_sapiens.json
P53816,DP02684,Homo sapiens,9606,Human,Phospholipase A and acyltransferase 3,PLAAT3,162,162,4,18,18,0.1111111111111111,0.1111111111111111,0.1111111111111111,0.32098765432098764,True,False,UPI00001539AB,UniRef50_P53816,2021_06,disprot_taxon_9606_homo_sapiens.json
Q92608,DP02691,Homo sapiens,9606,Human,Dedicator of cytokinesis protein 2,DOCK2,1830,1830,6,247,247,0.13497267759562842,0.13497267759562842,0.13497267759562842,0.12459016393442623,True,False,UPI000006CED8,UniRef50_Q92608,2023_12,disprot_taxon_9606_homo_sapiens.json
Q6R327,DP02692,Homo sapiens,9606,Human,Rapamycin-insensitive companion of mTOR,RICTOR,1708,1708,9,785,785,0.4596018735362998,0.4596018735362998,0.4596018735362998,0.35655737704918034,True,False,UPI00003529F3,UniRef50_Q6R327,2021_12,disprot_taxon_9606_homo_sapiens.json
Q9BPZ7,DP02693,Homo sapiens,9606,Human,Target of rapamycin complex 2 subunit MAPKAP1,MAPKAP1,522,522,5,275,275,0.5268199233716475,0.5268199233716475,0.5268199233716475,0.15134099616858238,True,False,UPI000002B3BD,UniRef50_Q9BPZ7,2021_06,disprot_taxon_9606_homo_sapiens.json
Q8WUN7,DP02694,Homo sapiens,9606,Human,Ubiquitin domain-containing protein 2,UBTD2,234,234,1,20,20,0.08547008547008547,0.08547008547008547,0.08547008547008547,0.2094017094017094,True,False,UPI00000733F2,UniRef50_Q9HAC8,2021_06,disprot_taxon_9606_homo_sapiens.json
Q02363,DP02697,Homo sapiens,9606,Human,DNA-binding protein inhibitor ID-2,ID2,134,134,1,23,23,0.17164179104477612,0.17164179104477612,0.17164179104477612,0.14925373134328357,True,False,UPI00000012EE,UniRef50_Q02363,2021_06,disprot_taxon_9606_homo_sapiens.json
P54687,DP02698,Homo sapiens,9606,Human,"Branched-chain-amino-acid aminotransferase, cytosolic",BCAT1,386,386,1,21,21,0.054404145077720206,0.054404145077720206,0.054404145077720206,0.04404145077720207,True,False,UPI00001267D1,UniRef50_P54687,2020_12,disprot_taxon_9606_homo_sapiens.json
Q6V1X1,DP02699,Homo sapiens,9606,Human,Dipeptidyl peptidase 8,DPP8,898,898,3,74,74,0.08240534521158129,0.08240534521158129,0.08240534521158129,0.04788418708240535,True,False,UPI00001BFAFE,UniRef50_Q6V1X1,2023_12,disprot_taxon_9606_homo_sapiens.json
Q15631,DP02701,Homo sapiens,9606,Human,Translin,TSN,228,228,1,11,11,0.04824561403508772,0.04824561403508772,0.04824561403508772,0.03508771929824561,True,False,UPI0000000C3D,UniRef50_Q15631,2021_06,disprot_taxon_9606_homo_sapiens.json
Q14995,DP02702,Homo sapiens,9606,Human,Nuclear receptor subfamily 1 group D member 2,NR1D2,579,579,2,20,20,0.03454231433506045,0.03454231433506045,0.03454231433506045,0.43350604490500866,True,False,UPI0000209A6C,UniRef50_Q14995,2020_12,disprot_taxon_9606_homo_sapiens.json
O00411,DP02703,Homo sapiens,9606,Human,"DNA-directed RNA polymerase, mitochondrial",POLRMT,1230,1230,8,250,250,0.2032520325203252,0.2032520325203252,0.2032520325203252,0.11463414634146342,True,False,UPI00001347BF,UniRef50_O00411,2021_06,disprot_taxon_9606_homo_sapiens.json
P41214,DP02704,Homo sapiens,9606,Human,Eukaryotic translation initiation factor 2D,EIF2D,584,584,4,102,102,0.17465753424657535,0.17465753424657535,0.17465753424657535,0.1523972602739726,True,False,UPI000006CDB6,UniRef50_P41214,2021_06,disprot_taxon_9606_homo_sapiens.json
P45379,DP02705,Homo sapiens,9606,Human,"Troponin T, cardiac muscle",TNNT2,298,298,4,103,103,0.34563758389261745,0.34563758389261745,0.34563758389261745,0.10067114093959731,True,False,UPI0000137657,UniRef50_P45379,2020_12,disprot_taxon_9606_homo_sapiens.json
Q9NXV2,DP02706,Homo sapiens,9606,Human,BTB/POZ domain-containing protein KCTD5,KCTD5,234,234,2,36,36,0.15384615384615385,0.15384615384615385,0.15384615384615385,0.21794871794871795,True,False,UPI0000073110,UniRef50_Q9NXV2,2021_06,disprot_taxon_9606_homo_sapiens.json
P04035,DP02709,Homo sapiens,9606,Human,3-hydroxy-3-methylglutaryl-coenzyme A reductase,HMGCR,888,888,3,28,28,0.03153153153153153,0.03153153153153153,0.03153153153153153,0.19594594594594594,True,False,UPI000012C9E2,UniRef50_P04035,2021_06,disprot_taxon_9606_homo_sapiens.json
Q9BQ50,DP02710,Homo sapiens,9606,Human,Three prime repair exonuclease 2,TREX2,236,236,5,10,10,0.0423728813559322,0.0423728813559322,0.0423728813559322,0.029661016949152543,True,False,UPI000006ECFE,UniRef50_Q9BQ50,2021_06,disprot_taxon_9606_homo_sapiens.json
Q9H3P2,DP02712,Homo sapiens,9606,Human,Negative elongation factor A,NELFA,528,528,7,340,340,0.6439393939393939,0.6439393939393939,0.6439393939393939,0.42613636363636365,True,False,UPI000006DE29,UniRef50_Q9H3P2,2021_06,disprot_taxon_9606_homo_sapiens.json
P18615,DP02713,Homo sapiens,9606,Human,Negative elongation factor E,NELFE,380,380,3,225,225,0.5921052631578947,0.5921052631578947,0.5921052631578947,0.22631578947368422,True,False,UPI000016AF7C,UniRef50_P18615,2020_12,disprot_taxon_9606_homo_sapiens.json
O60880,DP02714,Homo sapiens,9606,Human,SH2 domain-containing protein 1A,SH2D1A,128,128,1,26,26,0.203125,0.203125,0.203125,0.0859375,True,False,UPI0000000D0B,UniRef50_O60880,2021_06,disprot_taxon_9606_homo_sapiens.json
O95071,DP02717,Homo sapiens,9606,Human,E3 ubiquitin-protein ligase UBR5,UBR5,2799,2799,17,10,10,0.0035727045373347625,0.0035727045373347625,0.0035727045373347625,,False,False,UPI0000129BCB,UniRef50_O95071,2022_06,disprot_taxon_9606_homo_sapiens.json
Q53FT3,DP02719,Homo sapiens,9606,Human,Protein Hikeshi,HIKESHI,197,197,4,19,19,0.09644670050761421,0.09644670050761421,0.09644670050761421,0.01015228426395939,True,False,UPI000050A8EF,UniRef50_Q53FT3,2021_06,disprot_taxon_9606_homo_sapiens.json
Q13838,DP02724,Homo sapiens,9606,Human,Spliceosome RNA helicase DDX39B,DDX39B,428,428,2,11,11,0.02570093457943925,0.02570093457943925,0.02570093457943925,0.102803738317757,True,False,UPI0000001D0B,UniRef50_Q13838,2021_06,disprot_taxon_9606_homo_sapiens.json
Q13526,DP02727,Homo sapiens,9606,Human,Peptidyl-prolyl cis-trans isomerase NIMA-interacting 1,PIN1,163,163,2,12,12,0.0736196319018405,0.0736196319018405,0.0736196319018405,0.05521472392638037,True,False,UPI000004062D,UniRef50_Q13526,2020_12,disprot_taxon_9606_homo_sapiens.json
P42166,DP02728,Homo sapiens,9606,Human,"Lamina-associated polypeptide 2, isoform alpha",TMPO,694,694,2,60,60,0.08645533141210375,0.08645533141210375,0.08645533141210375,0.49135446685878964,True,False,UPI000013D709,UniRef50_P42166,2023_12,disprot_taxon_9606_homo_sapiens.json
Q96EP1,DP02729,Homo sapiens,9606,Human,E3 ubiquitin-protein ligase CHFR,CHFR,664,664,2,27,27,0.04066265060240964,0.04066265060240964,0.04066265060240964,0.338855421686747,True,False,UPI000006EA87,UniRef50_Q96EP1,2021_06,disprot_taxon_9606_homo_sapiens.json
Q6P1M3,DP02730,Homo sapiens,9606,Human,LLGL scribble cell polarity complex component 2,LLGL2,1020,1020,6,92,92,0.09019607843137255,0.09019607843137255,0.09019607843137255,0.1450980392156863,True,False,UPI0000232A48,UniRef50_Q6P1M3,2021_06,disprot_taxon_9606_homo_sapiens.json
Q5U651,DP02731,Homo sapiens,9606,Human,Ras-interacting protein 1,RASIP1,963,963,4,29,29,0.030114226375908618,0.030114226375908618,0.030114226375908618,0.2782969885773624,True,False,UPI000020283D,UniRef50_Q5U651,2023_12,disprot_taxon_9606_homo_sapiens.json
Q8IWJ2,DP02732,Homo sapiens,9606,Human,GRIP and coiled-coil domain-containing protein 2,GCC2,1684,1684,1,23,23,0.013657957244655582,0.013657957244655582,0.013657957244655582,0.13657957244655583,True,False,UPI00000744D3,UniRef50_Q8IWJ2,2024_06,disprot_taxon_9606_homo_sapiens.json
P20340,DP02733,Homo sapiens,9606,Human,Ras-related protein Rab-6A,RAB6A,208,208,2,32,32,0.15384615384615385,0.15384615384615385,0.15384615384615385,0.16346153846153846,True,False,UPI0000037BDB,UniRef50_P20340,2021_06,disprot_taxon_9606_homo_sapiens.json
P07355,DP02735,Homo sapiens,9606,Human,Annexin A2,ANXA2,339,339,9,32,32,0.0943952802359882,0.0943952802359882,0.0943952802359882,0.04129793510324484,True,False,UPI0000125B76,UniRef50_P07355,2020_12,disprot_taxon_9606_homo_sapiens.json
Q9NWW9,DP02737,Homo sapiens,9606,Human,Phospholipase A and acyltransferase 2,PLAAT2,162,162,2,12,12,0.07407407407407407,0.07407407407407407,0.07407407407407407,0.22839506172839505,True,False,UPI000012CBE3,UniRef50_Q9NWW9,2021_06,disprot_taxon_9606_homo_sapiens.json
P08581,DP02738,Homo sapiens,9606,Human,Hepatocyte growth factor receptor,MET,1390,1390,4,20,20,0.014388489208633094,0.014388489208633094,0.014388489208633094,0.1316546762589928,True,False,UPI000016AD2F,UniRef50_P08581,2021_06,disprot_taxon_9606_homo_sapiens.json
P06756,DP02742,Homo sapiens,9606,Human,Integrin alpha-V,ITGAV,1048,1048,2,30,30,0.02862595419847328,0.02862595419847328,0.02862595419847328,0.07633587786259542,True,False,UPI000013D12E,UniRef50_P06756,2021_06,disprot_taxon_9606_homo_sapiens.json
Q92574,DP02744,Homo sapiens,9606,Human,Hamartin,TSC1,1164,1164,7,15,15,0.01288659793814433,0.01288659793814433,0.01288659793814433,0.4424398625429553,True,False,UPI000016A7B6,UniRef50_Q92574,2021_06,disprot_taxon_9606_homo_sapiens.json
P05231,DP02745,Homo sapiens,9606,Human,Interleukin-6,IL6,212,212,2,19,19,0.08962264150943396,0.08962264150943396,0.08962264150943396,0.0330188679245283,True,False,UPI000002C4A6,UniRef50_P05231,2021_06,disprot_taxon_9606_homo_sapiens.json
Q14565,DP02746,Homo sapiens,9606,Human,Meiotic recombination protein DMC1/LIM15 homolog,DMC1,340,340,3,101,101,0.29705882352941176,0.29705882352941176,0.29705882352941176,0.05,True,False,UPI000016AAAD,UniRef50_Q14565,2020_12,disprot_taxon_9606_homo_sapiens.json
Q9GZN7,DP02747,Homo sapiens,9606,Human,Protein rogdi homolog,ROGDI,287,287,4,10,10,0.03484320557491289,0.03484320557491289,0.03484320557491289,0.04878048780487805,True,False,UPI0000037B8E,UniRef50_Q9GZN7,2021_06,disprot_taxon_9606_homo_sapiens.json
P36871,DP02748,Homo sapiens,9606,Human,Phosphoglucomutase-1,PGM1,562,562,1,12,12,0.021352313167259787,0.021352313167259787,0.021352313167259787,0.0,True,False,UPI0000131860,UniRef50_P36871,2021_06,disprot_taxon_9606_homo_sapiens.json
Q13617,DP02753,Homo sapiens,9606,Human,Cullin-2,CUL2,745,745,6,44,44,0.05906040268456376,0.05906040268456376,0.05906040268456376,0.012080536912751677,True,False,UPI0000154743,UniRef50_Q13617,2023_12,disprot_taxon_9606_homo_sapiens.json
Q9GZU1,DP02757,Homo sapiens,9606,Human,Mucolipin-1,MCOLN1,580,580,7,123,123,0.2120689655172414,0.2120689655172414,0.2120689655172414,0.12586206896551724,True,False,UPI00000377A2,UniRef50_Q9GZU1,2023_06,disprot_taxon_9606_homo_sapiens.json
Q13563,DP02758,Homo sapiens,9606,Human,Polycystin-2,PKD2,968,968,2,28,28,0.028925619834710745,0.028925619834710745,0.028925619834710745,0.29132231404958675,True,False,UPI0000131B69,UniRef50_Q13563,2021_06,disprot_taxon_9606_homo_sapiens.json
Q14181,DP02759,Homo sapiens,9606,Human,DNA polymerase alpha subunit B,POLA2,598,598,3,156,156,0.2608695652173913,0.2608695652173913,0.2608695652173913,0.09531772575250837,True,False,UPI000012977B,UniRef50_Q14181,2023_12,disprot_taxon_9606_homo_sapiens.json
Q13162,DP02764,Homo sapiens,9606,Human,Peroxiredoxin-4,PRDX4,271,271,3,75,75,0.2767527675276753,0.2767527675276753,0.2767527675276753,0.22140221402214022,True,False,UPI00001314E8,UniRef50_Q13162,2021_06,disprot_taxon_9606_homo_sapiens.json
Q14118,DP02765,Homo sapiens,9606,Human,Dystroglycan,DAG1,895,895,5,28,28,0.03128491620111732,0.03128491620111732,0.03128491620111732,0.358659217877095,True,False,UPI000013EDAE,UniRef50_Q14118,2020_12,disprot_taxon_9606_homo_sapiens.json
P01127,DP02770,Homo sapiens,9606,Human,Platelet-derived growth factor subunit B,PDGFB,241,241,3,14,14,0.058091286307053944,0.058091286307053944,0.058091286307053944,0.18672199170124482,True,False,UPI000004110E,UniRef50_P01127,2021_06,disprot_taxon_9606_homo_sapiens.json
Q9UPY3,DP02781,Homo sapiens,9606,Human,Endoribonuclease Dicer,DICER1,1922,1922,4,27,27,0.01404786680541103,0.01404786680541103,0.01404786680541103,0.2892819979188345,True,False,UPI0000044294,UniRef50_Q8R418,2022_06,disprot_taxon_9606_homo_sapiens.json
Q9NPI8,DP02782,Homo sapiens,9606,Human,Fanconi anemia group F protein,FANCF,374,374,3,36,36,0.0962566844919786,0.0962566844919786,0.0962566844919786,0.11497326203208556,True,False,UPI000012A4CA,UniRef50_Q9NPI8,2021_06,disprot_taxon_9606_homo_sapiens.json
P49189,DP02783,Homo sapiens,9606,Human,4-trimethylaminobutyraldehyde dehydrogenase,ALDH9A1,494,494,6,24,26,0.048582995951417005,0.05263157894736842,0.05263157894736842,0.0,True,True,UPI000016A525,UniRef50_P49189,2021_06,disprot_taxon_9606_homo_sapiens.json
P16278,DP02785,Homo sapiens,9606,Human,Beta-galactosidase,GLB1,677,677,3,44,44,0.06499261447562776,0.06499261447562776,0.06499261447562776,0.10487444608567208,True,False,UPI0000E9BBE7,UniRef50_P16278,2021_06,disprot_taxon_9606_homo_sapiens.json
P22234,DP02794,Homo sapiens,9606,Human,Multifunctional protein ADE2,PAICS,425,425,2,33,33,0.07764705882352942,0.07764705882352942,0.07764705882352942,0.007058823529411765,True,False,UPI000042AB67,UniRef50_P22234,2021_06,disprot_taxon_9606_homo_sapiens.json
Q9NV23,DP02795,Homo sapiens,9606,Human,"S-acyl fatty acid synthase thioesterase, medium chain",OLAH,265,265,3,42,42,0.15849056603773584,0.15849056603773584,0.15849056603773584,0.04150943396226415,True,False,UPI0000047465,UniRef50_P08635,2020_12,disprot_taxon_9606_homo_sapiens.json
P20061,DP02797,Homo sapiens,9606,Human,Transcobalamin-1,TCN1,433,433,3,36,36,0.08314087759815242,0.08314087759815242,0.08314087759815242,0.07159353348729793,True,False,UPI0000136AE1,UniRef50_P20061,2023_12,disprot_taxon_9606_homo_sapiens.json
P23771,DP02798,Homo sapiens,9606,Human,Trans-acting T-cell-specific transcription factor GATA-3,GATA3,443,443,4,11,11,0.024830699774266364,0.024830699774266364,0.024830699774266364,0.5282167042889391,True,False,UPI000004904B,UniRef50_P23772,2022_06,disprot_taxon_9606_homo_sapiens.json
P05452,DP02801,Homo sapiens,9606,Human,Tetranectin,CLEC3B,202,202,3,25,25,0.12376237623762376,0.12376237623762376,0.12376237623762376,0.12871287128712872,True,False,UPI0000174155,UniRef50_P05452,2021_06,disprot_taxon_9606_homo_sapiens.json
Q96Q11,DP02803,Homo sapiens,9606,Human,"CCA tRNA nucleotidyltransferase 1, mitochondrial",TRNT1,434,434,3,63,63,0.14516129032258066,0.14516129032258066,0.14516129032258066,0.06221198156682028,True,False,UPI000013CD08,UniRef50_Q96Q11,2021_06,disprot_taxon_9606_homo_sapiens.json
P61587,DP02804,Homo sapiens,9606,Human,Rho-related GTP-binding protein RhoE,RND3,244,244,3,19,19,0.0778688524590164,0.0778688524590164,0.0778688524590164,0.2336065573770492,True,False,UPI0000003FE9,UniRef50_P61587,2021_06,disprot_taxon_9606_homo_sapiens.json
A6NI73,DP02812,Homo sapiens,9606,Human,Leukocyte immunoglobulin-like receptor subfamily A member 5,LILRA5,299,299,3,11,11,0.03678929765886288,0.03678929765886288,0.03678929765886288,0.15384615384615385,True,False,UPI0000034C06,UniRef50_A6NI73,2021_06,disprot_taxon_9606_homo_sapiens.json
P62330,DP02815,Homo sapiens,9606,Human,ADP-ribosylation factor 6,ARF6,175,175,5,23,23,0.13142857142857142,0.13142857142857142,0.13142857142857142,0.005714285714285714,True,False,UPI0000027915,UniRef50_P62330,2021_06,disprot_taxon_9606_homo_sapiens.json
P48740-3,DP02816,Homo sapiens,9606,Human,Isoform 3 of Mannan-binding lectin serine protease 1,MASP1,380,380,1,17,17,0.04473684210526316,0.04473684210526316,0.04473684210526316,,False,False,UPI000020A983,,2021_06,disprot_taxon_9606_homo_sapiens.json
Q07157,DP02818,Homo sapiens,9606,Human,Tight junction protein ZO-1,TJP1,1748,1748,5,1045,1045,0.5978260869565217,0.5978260869565217,0.5978260869565217,0.6332951945080092,True,False,UPI000013C445,UniRef50_Q07157,2023_12,disprot_taxon_9606_homo_sapiens.json
Q8IVH8,DP02822,Homo sapiens,9606,Human,Mitogen-activated protein kinase kinase kinase kinase 3,MAP4K3,894,894,3,66,66,0.0738255033557047,0.0738255033557047,0.0738255033557047,0.2986577181208054,True,False,UPI00000747E6,UniRef50_Q8IVH8,2021_06,disprot_taxon_9606_homo_sapiens.json
Q9UKY0,DP02823,Homo sapiens,9606,Human,Prion-like protein doppel,PRND,176,176,1,28,28,0.1590909090909091,0.1590909090909091,0.1590909090909091,0.09659090909090909,True,False,UPI000000DA73,UniRef50_Q9UKY0,2021_06,disprot_taxon_9606_homo_sapiens.json
Q14019,DP02824,Homo sapiens,9606,Human,Coactosin-like protein,COTL1,142,142,2,11,11,0.07746478873239436,0.07746478873239436,0.07746478873239436,0.056338028169014086,True,False,UPI0000505468,UniRef50_Q14019,2021_06,disprot_taxon_9606_homo_sapiens.json
P31153,DP02825,Homo sapiens,9606,Human,S-adenosylmethionine synthase isoform type-2,MAT2A,395,395,5,14,14,0.035443037974683546,0.035443037974683546,0.035443037974683546,0.007594936708860759,True,False,UPI0000000C32,UniRef50_P31153,2021_06,disprot_taxon_9606_homo_sapiens.json
P46379,DP02829,Homo sapiens,9606,Human,Large proline-rich protein BAG6,BAG6,1132,1132,9,711,711,0.6280918727915195,0.6280918727915195,0.6280918727915195,0.519434628975265,True,False,UPI00001267A0,UniRef50_P46379,2023_12,disprot_taxon_9606_homo_sapiens.json
Q13164,DP02831,Homo sapiens,9606,Human,Mitogen-activated protein kinase 7,MAPK7,816,816,2,46,46,0.056372549019607844,0.056372549019607844,0.056372549019607844,0.4227941176470588,True,False,UPI000012F179,UniRef50_Q13164,2020_12,disprot_taxon_9606_homo_sapiens.json
Q7L2J0,DP02832,Homo sapiens,9606,Human,7SK snRNA methylphosphate capping enzyme,MEPCE,689,689,7,80,80,0.11611030478955008,0.11611030478955008,0.11611030478955008,0.5094339622641509,True,False,UPI0000227DFA,UniRef50_Q7L2J0,2021_06,disprot_taxon_9606_homo_sapiens.json
Q9Y4F1,DP02833,Homo sapiens,9606,Human,"FERM, ARHGEF and pleckstrin domain-containing protein 1",FARP1,1045,1045,2,48,48,0.045933014354066985,0.045933014354066985,0.045933014354066985,0.2555023923444976,True,False,UPI000007052C,UniRef50_F1LYQ8,2021_06,disprot_taxon_9606_homo_sapiens.json
Q9Y2Z0,DP02834,Homo sapiens,9606,Human,Protein SGT1 homolog,SUGT1,365,365,4,15,15,0.0410958904109589,0.0410958904109589,0.0410958904109589,0.12602739726027398,True,False,UPI00001CDFF4,UniRef50_Q9Y2Z0,2021_06,disprot_taxon_9606_homo_sapiens.json
Q14849,DP02835,Homo sapiens,9606,Human,StAR-related lipid transfer protein 3,STARD3,445,445,2,15,15,0.033707865168539325,0.033707865168539325,0.033707865168539325,0.16404494382022472,True,False,UPI000012F1BC,UniRef50_Q14849,2021_06,disprot_taxon_9606_homo_sapiens.json
P20807,DP02838,Homo sapiens,9606,Human,Calpain-3,CAPN3,821,821,4,52,52,0.06333739342265529,0.06333739342265529,0.06333739342265529,0.16930572472594396,True,False,UPI000000103F,UniRef50_P20807,2021_06,disprot_taxon_9606_homo_sapiens.json
O60934,DP02840,Homo sapiens,9606,Human,Nibrin,NBN,754,754,4,82,82,0.10875331564986737,0.10875331564986737,0.10875331564986737,0.4403183023872679,True,False,UPI0000073BF4,UniRef50_O60934,2022_06,disprot_taxon_9606_homo_sapiens.json
O43521,DP02849,Homo sapiens,9606,Human,Bcl-2-like protein 11,BCL2L11,198,198,14,110,110,0.5555555555555556,0.5555555555555556,0.5555555555555556,0.36363636363636365,True,False,UPI0000033ABA,UniRef50_O43521,2023_12,disprot_taxon_9606_homo_sapiens.json
O60239,DP02850,Homo sapiens,9606,Human,SH3 domain-binding protein 5,SH3BP5,455,455,1,187,187,0.41098901098901097,0.41098901098901097,0.41098901098901097,0.3516483516483517,True,False,UPI0000124ED9,UniRef50_O60239,2020_12,disprot_taxon_9606_homo_sapiens.json
Q5FWF5,DP02851,Homo sapiens,9606,Human,N-acetyltransferase ESCO1,ESCO1,840,840,2,29,29,0.034523809523809526,0.034523809523809526,0.034523809523809526,0.6761904761904762,True,False,UPI00004C96E2,UniRef50_Q5FWF5,2023_12,disprot_taxon_9606_homo_sapiens.json
P55197,DP02852,Homo sapiens,9606,Human,Protein AF-10,MLLT10,1068,1068,6,33,33,0.03089887640449438,0.03089887640449438,0.03089887640449438,0.7209737827715356,True,False,UPI000012564D,UniRef50_P55197,2022_06,disprot_taxon_9606_homo_sapiens.json
Q9BYF1,DP02854,Homo sapiens,9606,Human,Angiotensin-converting enzyme 2,ACE2,805,805,3,37,37,0.04596273291925466,0.04596273291925466,0.04596273291925466,0.04720496894409938,True,False,UPI000006D4E0,UniRef50_Q9BYF1,2020_06,disprot_taxon_9606_homo_sapiens.json
P11166,DP02855,Homo sapiens,9606,Human,"Solute carrier family 2, facilitated glucose transporter member 1",SLC2A1,492,492,2,37,37,0.07520325203252033,0.07520325203252033,0.07520325203252033,0.04878048780487805,True,False,UPI000004F0B2,UniRef50_P11166,2021_06,disprot_taxon_9606_homo_sapiens.json
P83916,DP02856,Homo sapiens,9606,Human,Chromobox protein homolog 1,CBX1,185,185,9,45,45,0.24324324324324326,0.24324324324324326,0.24324324324324326,0.12972972972972974,True,False,UPI0000021A5B,UniRef50_P83916,2021_06,disprot_taxon_9606_homo_sapiens.json
P18206-2,DP02858,Homo sapiens,9606,Human,Isoform 1 of Vinculin,VCL,1066,1066,11,33,33,0.03095684803001876,0.03095684803001876,0.03095684803001876,,False,False,UPI00000424F8,,2020_12,disprot_taxon_9606_homo_sapiens.json
P55211,DP02860,Homo sapiens,9606,Human,Caspase-9,CASP9,416,416,3,46,46,0.11057692307692307,0.11057692307692307,0.11057692307692307,0.17548076923076922,True,False,UPI000003AEFF,UniRef50_P55211,2021_06,disprot_taxon_9606_homo_sapiens.json
P08670,DP02862,Homo sapiens,9606,Human,Vimentin,VIM,466,466,4,46,46,0.09871244635193133,0.09871244635193133,0.09871244635193133,0.2317596566523605,True,False,UPI0000465140,UniRef50_P08670,2020_12,disprot_taxon_9606_homo_sapiens.json
Q9Y5S9,DP02868,Homo sapiens,9606,Human,RNA-binding protein 8A,RBM8A,174,174,1,14,14,0.08045977011494253,0.08045977011494253,0.08045977011494253,0.07471264367816093,True,False,UPI0000004160,UniRef50_Q9Y5S9,2021_06,disprot_taxon_9606_homo_sapiens.json
Q16630,DP02869,Homo sapiens,9606,Human,Cleavage and polyadenylation specificity factor subunit 6,CPSF6,551,551,11,190,190,0.3448275862068966,0.3448275862068966,0.3448275862068966,0.33212341197822143,True,False,UPI000006D566,UniRef50_Q16630,2021_06,disprot_taxon_9606_homo_sapiens.json
Q8N5H7,DP02872,Homo sapiens,9606,Human,SH2 domain-containing protein 3C,SH2D3C,860,860,1,14,14,0.01627906976744186,0.01627906976744186,0.01627906976744186,0.46744186046511627,True,False,UPI000006EC87,UniRef50_Q9QZS8,2023_12,disprot_taxon_9606_homo_sapiens.json
P55789,DP02875,Homo sapiens,9606,Human,FAD-linked sulfhydryl oxidase ALR,GFER,205,205,1,13,13,0.06341463414634146,0.06341463414634146,0.06341463414634146,0.22439024390243903,True,False,UPI0000140A12,UniRef50_P55789,2021_06,disprot_taxon_9606_homo_sapiens.json
Q8N884,DP02876,Homo sapiens,9606,Human,Cyclic GMP-AMP synthase,CGAS,522,522,1,17,17,0.032567049808429116,0.032567049808429116,0.032567049808429116,0.2988505747126437,True,False,UPI000006DE5D,UniRef50_Q8N884,2020_12,disprot_taxon_9606_homo_sapiens.json
Q09428,DP02881,Homo sapiens,9606,Human,ATP-binding cassette sub-family C member 8,ABCC8,1581,1581,2,56,56,0.03542061986084757,0.03542061986084757,0.03542061986084757,0.08855154965211891,True,False,UPI000016B078,UniRef50_Q09428,2020_12,disprot_taxon_9606_homo_sapiens.json
Q10589,DP02885,Homo sapiens,9606,Human,Bone marrow stromal antigen 2,BST2,180,180,2,11,11,0.06111111111111111,0.06111111111111111,0.06111111111111111,0.06666666666666667,True,False,UPI000004494D,UniRef50_Q10589,2021_06,disprot_taxon_9606_homo_sapiens.json
Q9BZZ5-2,DP02894,Homo sapiens,9606,Human,Isoform 2 of Apoptosis inhibitor 5,API5,504,504,4,64,64,0.12698412698412698,0.12698412698412698,0.12698412698412698,,False,False,UPI000007086D,,2021_06,disprot_taxon_9606_homo_sapiens.json
Q96E14,DP02895,Homo sapiens,9606,Human,RecQ-mediated genome instability protein 2,RMI2,147,147,1,16,16,0.10884353741496598,0.10884353741496598,0.10884353741496598,0.08843537414965986,True,False,UPI000006EA0A,UniRef50_Q96E14,2021_06,disprot_taxon_9606_homo_sapiens.json
Q8NBI3,DP02904,Homo sapiens,9606,Human,Draxin,DRAXIN,349,349,5,221,221,0.6332378223495702,0.6332378223495702,0.6332378223495702,0.47564469914040114,True,False,UPI000013E16C,UniRef50_Q8NBI3,2023_12,disprot_taxon_9606_homo_sapiens.json
Q8N3V7,DP02911,Homo sapiens,9606,Human,Synaptopodin,SYNPO,929,929,5,929,929,1.0,1.0,1.0,0.6340150699677072,True,False,UPI000006CF19,UniRef50_Q8CC35,2023_12,disprot_taxon_9606_homo_sapiens.json
P04004,DP02913,Homo sapiens,9606,Human,Vitronectin,VTN,478,478,10,130,130,0.2719665271966527,0.2719665271966527,0.2719665271966527,0.3075313807531381,True,False,UPI0000138E65,UniRef50_P04004,2021_06,disprot_taxon_9606_homo_sapiens.json
P48443,DP02915,Homo sapiens,9606,Human,Retinoic acid receptor RXR-gamma,RXRG,463,463,6,126,126,0.27213822894168466,0.27213822894168466,0.27213822894168466,0.31533477321814257,True,False,UPI000004989F,UniRef50_P48443,2021_06,disprot_taxon_9606_homo_sapiens.json
Q14444,DP02916,Homo sapiens,9606,Human,Caprin-1,CAPRIN1,709,709,4,103,103,0.14527503526093088,0.14527503526093088,0.14527503526093088,0.6276445698166432,True,False,UPI0000130F9E,UniRef50_Q14444,2023_06,disprot_taxon_9606_homo_sapiens.json
P17947,DP02918,Homo sapiens,9606,Human,Transcription factor PU.1,SPI1,270,270,9,181,181,0.6703703703703704,0.6703703703703704,0.6703703703703704,0.3925925925925926,True,False,UPI00001329E8,UniRef50_P17947,2021_06,disprot_taxon_9606_homo_sapiens.json
P26368,DP02921,Homo sapiens,9606,Human,Splicing factor U2AF 65 kDa subunit,U2AF2,475,475,5,28,28,0.05894736842105263,0.05894736842105263,0.05894736842105263,0.21894736842105264,True,False,UPI000017A38C,UniRef50_P26368,2021_06,disprot_taxon_9606_homo_sapiens.json
P01215,DP02922,Homo sapiens,9606,Human,Glycoprotein hormones alpha chain,CGA,116,116,2,35,35,0.3017241379310345,0.3017241379310345,0.3017241379310345,0.0,True,False,UPI000003FF94,UniRef50_P01215,2021_06,disprot_taxon_9606_homo_sapiens.json
Q9Y6I3,DP02930,Homo sapiens,9606,Human,Epsin-1,EPN1,576,576,5,18,18,0.03125,0.03125,0.03125,0.4027777777777778,True,False,UPI0000070B74,UniRef50_O88339,2020_12,disprot_taxon_9606_homo_sapiens.json
Q96RD7,DP02945,Homo sapiens,9606,Human,Pannexin-1,PANX1,426,426,4,81,81,0.19014084507042253,0.19014084507042253,0.19014084507042253,0.176056338028169,True,False,UPI0000169BEA,UniRef50_Q96RD7,2021_12,disprot_taxon_9606_homo_sapiens.json
P08572,DP02953,Homo sapiens,9606,Human,Collagen alpha-2(IV) chain,COL4A2,1712,1712,10,27,27,0.015771028037383176,0.015771028037383176,0.015771028037383176,0.7710280373831776,True,False,UPI0000126D42,UniRef50_P08572,2023_06,disprot_taxon_9606_homo_sapiens.json
Q12888,DP02954,Homo sapiens,9606,Human,TP53-binding protein 1,TP53BP1,1972,1972,9,1511,1511,0.7662271805273834,0.7662271805273834,0.7662271805273834,0.7936105476673428,True,False,UPI000016A0A6,UniRef50_Q12888,2020_12,disprot_taxon_9606_homo_sapiens.json
P47992,DP02957,Homo sapiens,9606,Human,Lymphotactin,XCL1,114,114,4,33,33,0.2894736842105263,0.2894736842105263,0.2894736842105263,0.02631578947368421,True,False,UPI000013633F,UniRef50_P47992,2020_12,disprot_taxon_9606_homo_sapiens.json
Q5JRX3,DP02971,Homo sapiens,9606,Human,"Presequence protease, mitochondrial",PITRM1,1037,1037,3,14,14,0.013500482160077145,0.013500482160077145,0.013500482160077145,0.03857280617164899,True,False,UPI000013C859,UniRef50_Q5JRX3,2023_06,disprot_taxon_9606_homo_sapiens.json
P06734,DP02975,Homo sapiens,9606,Human,Low affinity immunoglobulin epsilon Fc receptor,FCER2,321,321,9,54,54,0.16822429906542055,0.16822429906542055,0.16822429906542055,0.059190031152647975,True,False,UPI000002BEF3,UniRef50_P06734,2021_12,disprot_taxon_9606_homo_sapiens.json
Q05193,DP02976,Homo sapiens,9606,Human,Dynamin-1,DNM1,864,864,6,60,60,0.06944444444444445,0.06944444444444445,0.06944444444444445,0.16203703703703703,True,False,UPI0000129A1E,UniRef50_P21575,2020_12,disprot_taxon_9606_homo_sapiens.json
O75962,DP02977,Homo sapiens,9606,Human,Triple functional domain protein,TRIO,3097,3097,1,14,14,0.004520503713270907,0.004520503713270907,0.004520503713270907,,False,False,UPI0000049BA9,UniRef50_O75962,2023_06,disprot_taxon_9606_homo_sapiens.json
Q9BSQ5,DP02978,Homo sapiens,9606,Human,Cerebral cavernous malformations 2 protein,CCM2,444,444,3,75,75,0.16891891891891891,0.16891891891891891,0.16891891891891891,0.3400900900900901,True,False,UPI000006CE51,UniRef50_Q9BSQ5,2021_12,disprot_taxon_9606_homo_sapiens.json
P04275,DP02981,Homo sapiens,9606,Human,von Willebrand factor,VWF,2813,2813,1,16,16,0.005687877710629221,0.005687877710629221,0.005687877710629221,,False,False,UPI0000046823,UniRef50_P04275,2021_12,disprot_taxon_9606_homo_sapiens.json
P58004,DP03004,Homo sapiens,9606,Human,Sestrin-2,SESN2,480,480,21,107,107,0.22291666666666668,0.22291666666666668,0.22291666666666668,0.1625,True,False,UPI0000001C01,UniRef50_P58004,2021_12,disprot_taxon_9606_homo_sapiens.json
Q53TN4,DP03005,Homo sapiens,9606,Human,Cytochrome b reductase 1,CYBRD1,286,286,1,56,56,0.1958041958041958,0.1958041958041958,0.1958041958041958,0.11538461538461539,True,False,UPI0000140B22,UniRef50_Q53TN4,2020_12,disprot_taxon_9606_homo_sapiens.json
O95843,DP03006,Homo sapiens,9606,Human,Guanylyl cyclase-activating protein 3,GUCA1C,209,209,4,46,46,0.22009569377990432,0.22009569377990432,0.22009569377990432,0.13875598086124402,True,False,UPI000013D131,UniRef50_O95843,2020_12,disprot_taxon_9606_homo_sapiens.json
Q5D1E8,DP03010,Homo sapiens,9606,Human,Endoribonuclease ZC3H12A,ZC3H12A,599,599,3,60,60,0.1001669449081803,0.1001669449081803,0.1001669449081803,0.44073455759599334,True,False,UPI000004D30E,UniRef50_Q5D1E8,2021_12,disprot_taxon_9606_homo_sapiens.json
P51787,DP03011,Homo sapiens,9606,Human,Potassium voltage-gated channel subfamily KQT member 1,KCNQ1,676,676,2,11,11,0.016272189349112426,0.016272189349112426,0.016272189349112426,0.3757396449704142,True,False,UPI0000030D13,UniRef50_P51787,2020_12,disprot_taxon_9606_homo_sapiens.json
P40818,DP03012,Homo sapiens,9606,Human,Ubiquitin carboxyl-terminal hydrolase 8,USP8,1118,1118,3,39,39,0.03488372093023256,0.03488372093023256,0.03488372093023256,0.30590339892665475,True,False,UPI0000030306,UniRef50_P40818,2021_12,disprot_taxon_9606_homo_sapiens.json
Q16821,DP03013,Homo sapiens,9606,Human,Protein phosphatase 1 regulatory subunit 3A,PPP1R3A,1122,1122,2,77,77,0.06862745098039216,0.06862745098039216,0.06862745098039216,0.7878787878787878,True,False,UPI000013DDAA,UniRef50_Q16821,2023_12,disprot_taxon_9606_homo_sapiens.json
Q86XI6,DP03015,Homo sapiens,9606,Human,Protein phosphatase 1 regulatory subunit 3B,PPP1R3B,285,285,2,56,56,0.19649122807017544,0.19649122807017544,0.19649122807017544,0.24210526315789474,True,False,UPI000000DA40,UniRef50_Q86XI6,2021_12,disprot_taxon_9606_homo_sapiens.json
P11274,DP03016,Homo sapiens,9606,Human,Breakpoint cluster region protein,BCR,1271,1271,2,17,17,0.013375295043273014,0.013375295043273014,0.013375295043273014,0.38630999213217937,True,False,UPI0000126848,UniRef50_P11274,2022_06,disprot_taxon_9606_homo_sapiens.json
P35269,DP03035,Homo sapiens,9606,Human,General transcription factor IIF subunit 1,GTF2F1,517,517,4,38,38,0.0735009671179884,0.0735009671179884,0.0735009671179884,0.4332688588007737,True,False,UPI00001367FB,UniRef50_P35269,2021_12,disprot_taxon_9606_homo_sapiens.json
Q96GX5,DP03037,Homo sapiens,9606,Human,Serine/threonine-protein kinase greatwall,MASTL,879,879,1,25,25,0.02844141069397042,0.02844141069397042,0.02844141069397042,0.5870307167235495,True,False,UPI000004060D,UniRef50_Q96GX5,2023_12,disprot_taxon_9606_homo_sapiens.json
Q00653,DP03039,Homo sapiens,9606,Human,Nuclear factor NF-kappa-B p100 subunit,NFKB2,900,900,3,24,24,0.02666666666666667,0.02666666666666667,0.02666666666666667,0.24,True,False,UPI0000160EAA,UniRef50_Q00653,2021_12,disprot_taxon_9606_homo_sapiens.json
Q9UBU7,DP03042,Homo sapiens,9606,Human,Protein DBF4 homolog A,DBF4,674,674,2,39,39,0.057863501483679525,0.057863501483679525,0.057863501483679525,0.6275964391691394,True,False,UPI000000DC33,UniRef50_Q9UBU7,2023_12,disprot_taxon_9606_homo_sapiens.json
Q9UIF9,DP03044,Homo sapiens,9606,Human,Bromodomain adjacent to zinc finger domain protein 2A,BAZ2A,1905,1905,4,134,134,0.07034120734908136,0.07034120734908136,0.07034120734908136,0.573228346456693,True,False,UPI0000163B83,UniRef50_Q91YE5,2023_12,disprot_taxon_9606_homo_sapiens.json
Q58F21,DP03058,Homo sapiens,9606,Human,Bromodomain testis-specific protein,BRDT,947,947,7,479,479,0.5058078141499472,0.5058078141499472,0.5058078141499472,0.48785638859556496,True,False,UPI00004F6EC3,UniRef50_Q58F21,2023_12,disprot_taxon_9606_homo_sapiens.json
Q15059,DP03059,Homo sapiens,9606,Human,Bromodomain-containing protein 3,BRD3,726,726,2,210,210,0.2892561983471074,0.2892561983471074,0.2892561983471074,0.41735537190082644,True,False,UPI0000126ACD,UniRef50_Q15059,2021_12,disprot_taxon_9606_homo_sapiens.json
P54132,DP03061,Homo sapiens,9606,Human,Bloom syndrome protein,BLM,1417,1417,8,44,44,0.031051517290049402,0.031051517290049402,0.031051517290049402,0.5137614678899083,True,False,UPI00001269FA,UniRef50_P54132,2022_06,disprot_taxon_9606_homo_sapiens.json
P40692,DP03062,Homo sapiens,9606,Human,DNA mismatch repair protein Mlh1,MLH1,756,756,2,31,31,0.041005291005291,0.041005291005291,0.041005291005291,0.19576719576719576,True,False,UPI0000000C7E,UniRef50_P40692,2021_12,disprot_taxon_9606_homo_sapiens.json
Q9BRZ2,DP03063,Homo sapiens,9606,Human,E3 ubiquitin-protein ligase TRIM56,TRIM56,755,755,1,17,17,0.022516556291390728,0.022516556291390728,0.022516556291390728,0.16556291390728478,True,False,UPI000013EAE8,UniRef50_Q9BRZ2,2023_12,disprot_taxon_9606_homo_sapiens.json
Q8TEQ6,DP03070,Homo sapiens,9606,Human,Gem-associated protein 5,GEMIN5,1508,1508,5,116,116,0.07692307692307693,0.07692307692307693,0.07692307692307693,0.15915119363395225,True,False,UPI000020D072,UniRef50_Q8TEQ6,2021_12,disprot_taxon_9606_homo_sapiens.json
Q92499,DP03071,Homo sapiens,9606,Human,ATP-dependent RNA helicase DDX1,DDX1,740,740,1,14,14,0.01891891891891892,0.01891891891891892,0.01891891891891892,0.052702702702702706,True,False,UPI0000527EC5,UniRef50_Q92499,2023_12,disprot_taxon_9606_homo_sapiens.json
P53420,DP03072,Homo sapiens,9606,Human,Collagen alpha-4(IV) chain,COL4A4,1690,1690,2,16,16,0.009467455621301775,0.009467455621301775,0.009467455621301775,0.7520710059171598,True,False,UPI0000000769,UniRef50_P53420,2021_12,disprot_taxon_9606_homo_sapiens.json
O60825,DP03074,Homo sapiens,9606,Human,"6-phosphofructo-2-kinase/fructose-2,6-bisphosphatase 2",PFKFB2,505,505,2,85,85,0.16831683168316833,0.16831683168316833,0.16831683168316833,0.1485148514851485,True,False,UPI0000163B6A,UniRef50_O60825,2023_12,disprot_taxon_9606_homo_sapiens.json
Q9H3M7,DP03075,Homo sapiens,9606,Human,Thioredoxin-interacting protein,TXNIP,391,391,1,18,18,0.04603580562659847,0.04603580562659847,0.04603580562659847,0.20460358056265984,True,False,UPI0000072AFB,UniRef50_Q9H3M7,2023_12,disprot_taxon_9606_homo_sapiens.json
P0DJI8,DP03081,Homo sapiens,9606,Human,Serum amyloid A-1 protein,SAA1,122,122,1,12,12,0.09836065573770492,0.09836065573770492,0.09836065573770492,0.0,True,False,UPI00001354CB,UniRef50_P0DJI8,2021_12,disprot_taxon_9606_homo_sapiens.json
Q9BV68,DP03088,Homo sapiens,9606,Human,E3 ubiquitin-protein ligase RNF126,RNF126,311,311,1,26,26,0.08360128617363344,0.08360128617363344,0.08360128617363344,0.36012861736334406,True,False,UPI0000073A73,UniRef50_Q9BV68,2023_12,disprot_taxon_9606_homo_sapiens.json
O00308,DP03092,Homo sapiens,9606,Human,NEDD4-like E3 ubiquitin-protein ligase WWP2,WWP2,870,870,1,41,41,0.047126436781609195,0.047126436781609195,0.047126436781609195,0.21724137931034482,True,False,UPI000006E5A2,UniRef50_O00308,2021_06,disprot_taxon_9606_homo_sapiens.json
P02774,DP03098,Homo sapiens,9606,Human,Vitamin D-binding protein,GC,474,474,2,21,21,0.04430379746835443,0.04430379746835443,0.04430379746835443,0.0379746835443038,True,False,UPI000013D9E0,UniRef50_P02774,2021_12,disprot_taxon_9606_homo_sapiens.json
Q14258,DP03100,Homo sapiens,9606,Human,E3 ubiquitin/ISG15 ligase TRIM25,TRIM25,630,630,2,73,73,0.11587301587301588,0.11587301587301588,0.11587301587301588,0.14603174603174604,True,False,UPI00001AE6B8,UniRef50_Q14258,2021_06,disprot_taxon_9606_homo_sapiens.json
O15344,DP03101,Homo sapiens,9606,Human,E3 ubiquitin-protein ligase Midline-1,MID1,667,667,2,30,30,0.044977511244377814,0.044977511244377814,0.044977511244377814,0.047976011994003,True,False,UPI000012F0E6,UniRef50_O15344,2023_06,disprot_taxon_9606_homo_sapiens.json
P29590,DP03104,Homo sapiens,9606,Human,Protein PML,PML,882,882,1,11,11,0.012471655328798186,0.012471655328798186,0.012471655328798186,0.3321995464852608,True,False,UPI000013D78F,UniRef50_P29590,2022_06,disprot_taxon_9606_homo_sapiens.json
P15374,DP03108,Homo sapiens,9606,Human,Ubiquitin carboxyl-terminal hydrolase isozyme L3,UCHL3,230,230,2,20,20,0.08695652173913043,0.08695652173913043,0.08695652173913043,0.004347826086956522,True,False,UPI000004D00E,UniRef50_P15374,2021_12,disprot_taxon_9606_homo_sapiens.json
Q9BYI3,DP03109,Homo sapiens,9606,Human,Hyccin,FAM126A,521,521,1,105,105,0.20153550863723607,0.20153550863723607,0.20153550863723607,0.40115163147792704,True,False,UPI00000714E2,UniRef50_Q9BYI3,2021_12,disprot_taxon_9606_homo_sapiens.json
Q6ZNA4,DP03113,Homo sapiens,9606,Human,E3 ubiquitin-protein ligase Arkadia,RNF111,994,994,2,98,98,0.09859154929577464,0.09859154929577464,0.09859154929577464,0.8219315895372233,True,False,UPI000035E767,UniRef50_Q6ZNA4,2023_12,disprot_taxon_9606_homo_sapiens.json
Q86TV6,DP03114,Homo sapiens,9606,Human,Tetratricopeptide repeat protein 7B,TTC7B,843,843,4,110,110,0.13048635824436536,0.13048635824436536,0.13048635824436536,0.099644128113879,True,False,UPI000000CC5D,UniRef50_Q86TV6,2023_12,disprot_taxon_9606_homo_sapiens.json
Q6P4R8,DP03115,Homo sapiens,9606,Human,Nuclear factor related to kappa-B-binding protein,NFRKB,1299,1299,1,13,13,0.010007698229407237,0.010007698229407237,0.010007698229407237,0.5742879137798307,True,False,UPI0000226313,UniRef50_Q6P4R8,2023_12,disprot_taxon_9606_homo_sapiens.json
O95155,DP03116,Homo sapiens,9606,Human,Ubiquitin conjugation factor E4 B,UBE4B,1302,1302,3,20,20,0.015360983102918587,0.015360983102918587,0.015360983102918587,0.24961597542242703,True,False,UPI0000137944,UniRef50_Q9ES00,2023_12,disprot_taxon_9606_homo_sapiens.json
P30793,DP03118,Homo sapiens,9606,Human,GTP cyclohydrolase 1,GCH1,250,250,2,57,57,0.228,0.228,0.228,0.096,True,False,UPI0000001289,UniRef50_P30793,2021_12,disprot_taxon_9606_homo_sapiens.json
Q9HC77,DP03120,Homo sapiens,9606,Human,Centromere protein J,CENPJ,1338,1338,3,100,100,0.07473841554559044,0.07473841554559044,0.07473841554559044,0.6150971599402093,True,False,UPI000006F758,UniRef50_Q9HC77,2023_06,disprot_taxon_9606_homo_sapiens.json
P11686,DP03121,Homo sapiens,9606,Human,Pulmonary surfactant-associated protein C,SFTPC,197,197,3,63,63,0.3197969543147208,0.3197969543147208,0.3197969543147208,0.2639593908629442,True,False,UPI000016AED0,UniRef50_P11686,2021_06,disprot_taxon_9606_homo_sapiens.json
Q14691,DP03122,Homo sapiens,9606,Human,DNA replication complex GINS protein PSF1,GINS1,196,196,2,51,51,0.2602040816326531,0.2602040816326531,0.2602040816326531,0.0,True,False,UPI00001393F9,UniRef50_Q14691,2021_12,disprot_taxon_9606_homo_sapiens.json
Q9BRX5,DP03123,Homo sapiens,9606,Human,DNA replication complex GINS protein PSF3,GINS3,216,216,2,23,23,0.10648148148148148,0.10648148148148148,0.10648148148148148,0.004629629629629629,True,False,UPI000006D678,UniRef50_Q9BRX5,2021_12,disprot_taxon_9606_homo_sapiens.json
O95835,DP03124,Homo sapiens,9606,Human,Serine/threonine-protein kinase LATS1,LATS1,1130,1130,2,221,221,0.19557522123893806,0.19557522123893806,0.19557522123893806,0.5796460176991151,True,False,UPI0000073DC2,UniRef50_O95835,2022_06,disprot_taxon_9606_homo_sapiens.json
O14965,DP03125,Homo sapiens,9606,Human,Aurora kinase A,AURKA,403,403,6,48,48,0.11910669975186104,0.11910669975186104,0.11910669975186104,0.31265508684863524,True,False,UPI000016A02C,UniRef50_O14965,2021_12,disprot_taxon_9606_homo_sapiens.json
Q7KZI7,DP03130,Homo sapiens,9606,Human,Serine/threonine-protein kinase MARK2,MARK2,788,788,4,16,16,0.02030456852791878,0.02030456852791878,0.02030456852791878,0.4530456852791878,True,False,UPI00004F6F00,UniRef50_Q7KZI7,2021_12,disprot_taxon_9606_homo_sapiens.json
Q96AE4,DP03131,Homo sapiens,9606,Human,Far upstream element-binding protein 1,FUBP1,644,644,2,31,31,0.04813664596273292,0.04813664596273292,0.04813664596273292,0.39906832298136646,True,False,UPI00000715F3,UniRef50_Q96AE4,2022_06,disprot_taxon_9606_homo_sapiens.json
Q9NPF0,DP03134,Homo sapiens,9606,Human,CD320 antigen,CD320,282,282,2,43,43,0.1524822695035461,0.1524822695035461,0.1524822695035461,0.3900709219858156,True,False,UPI0000037B71,UniRef50_Q9NPF0,2021_12,disprot_taxon_9606_homo_sapiens.json
P35680,DP03135,Homo sapiens,9606,Human,Hepatocyte nuclear factor 1-beta,HNF1B,557,557,1,43,43,0.07719928186714542,0.07719928186714542,0.07719928186714542,0.5709156193895871,True,False,UPI000012CA96,UniRef50_P35680,2021_12,disprot_taxon_9606_homo_sapiens.json
Q9BYG3,DP03141,Homo sapiens,9606,Human,MKI67 FHA domain-interacting nucleolar phosphoprotein,NIFK,293,293,9,44,44,0.15017064846416384,0.15017064846416384,0.15017064846416384,0.24914675767918087,True,False,UPI00000738EB,UniRef50_Q9BYG3,2023_12,disprot_taxon_9606_homo_sapiens.json
Q16667,DP03142,Homo sapiens,9606,Human,Cyclin-dependent kinase inhibitor 3,CDKN3,212,212,2,34,34,0.16037735849056603,0.16037735849056603,0.16037735849056603,0.08018867924528301,True,False,UPI000000D8BB,UniRef50_Q16667,2021_12,disprot_taxon_9606_homo_sapiens.json
P49327,DP03143,Homo sapiens,9606,Human,Fatty acid synthase,FASN,2511,2511,5,38,38,0.015133412982875348,0.015133412982875348,0.015133412982875348,0.022700119474313024,True,False,UPI000013EB82,UniRef50_P49327,2021_12,disprot_taxon_9606_homo_sapiens.json
Q05397,DP03144,Homo sapiens,9606,Human,Focal adhesion kinase 1,PTK2,1052,1052,2,19,19,0.01806083650190114,0.01806083650190114,0.01806083650190114,0.26045627376425856,True,False,UPI000016A8D5,UniRef50_Q05397,2021_12,disprot_taxon_9606_homo_sapiens.json
P29317,DP03145,Homo sapiens,9606,Human,Ephrin type-A receptor 2,EPHA2,976,976,2,17,17,0.017418032786885244,0.017418032786885244,0.017418032786885244,0.09938524590163934,True,False,UPI000012A070,UniRef50_P29317,2021_12,disprot_taxon_9606_homo_sapiens.json
Q86Y38,DP03147,Homo sapiens,9606,Human,Xylosyltransferase 1,XYLT1,959,959,1,20,20,0.020855057351407715,0.020855057351407715,0.020855057351407715,0.22314911366006257,True,False,UPI000000DCCE,UniRef50_Q86Y38,2023_06,disprot_taxon_9606_homo_sapiens.json
P41227,DP03148,Homo sapiens,9606,Human,N-alpha-acetyltransferase 10,NAA10,235,235,1,75,75,0.3191489361702128,0.3191489361702128,0.3191489361702128,0.2297872340425532,True,False,UPI0000125DBA,UniRef50_P41227,2021_12,disprot_taxon_9606_homo_sapiens.json
Q9BXJ9,DP03149,Homo sapiens,9606,Human,"N-alpha-acetyltransferase 15, NatA auxiliary subunit",NAA15,866,866,4,92,92,0.10623556581986143,0.10623556581986143,0.10623556581986143,0.050808314087759814,True,False,UPI000004B631,UniRef50_Q9BXJ9,2021_12,disprot_taxon_9606_homo_sapiens.json
Q99598,DP03150,Homo sapiens,9606,Human,Translin-associated protein X,TSNAX,290,290,3,66,66,0.22758620689655173,0.22758620689655173,0.22758620689655173,0.16206896551724137,True,False,UPI0000137768,UniRef50_Q99598,2021_12,disprot_taxon_9606_homo_sapiens.json
Q13363,DP03151,Homo sapiens,9606,Human,C-terminal-binding protein 1,CTBP1,440,440,1,22,22,0.05,0.05,0.05,0.21136363636363636,True,False,UPI00001487FE,UniRef50_P56545,2021_12,disprot_taxon_9606_homo_sapiens.json
P42574,DP03152,Homo sapiens,9606,Human,Caspase-3,CASP3,277,277,4,42,42,0.15162454873646208,0.15162454873646208,0.15162454873646208,0.1552346570397112,True,False,UPI000003AEF9,UniRef50_P42574,2021_12,disprot_taxon_9606_homo_sapiens.json
Q658P3,DP03153,Homo sapiens,9606,Human,Metalloreductase STEAP3,STEAP3,488,488,1,28,28,0.05737704918032787,0.05737704918032787,0.05737704918032787,0.07991803278688525,True,False,UPI0000207E04,UniRef50_Q658P3,2021_12,disprot_taxon_9606_homo_sapiens.json
P01019,DP03155,Homo sapiens,9606,Human,Angiotensinogen,AGT,476,476,7,36,36,0.07563025210084033,0.07563025210084033,0.07563025210084033,0.07216494845360824,True,False,UPI0000125B13,UniRef50_P01019,2021_12,disprot_taxon_9606_homo_sapiens.json
P54578,DP03158,Homo sapiens,9606,Human,Ubiquitin carboxyl-terminal hydrolase 14,USP14,494,494,4,11,11,0.022267206477732792,0.022267206477732792,0.022267206477732792,0.0708502024291498,True,False,UPI00001379F5,UniRef50_P54578,2023_12,disprot_taxon_9606_homo_sapiens.json
Q9UBR1,DP03159,Homo sapiens,9606,Human,Beta-ureidopropionase,UPB1,384,384,3,32,32,0.08333333333333333,0.08333333333333333,0.08333333333333333,0.0026041666666666665,True,False,UPI0000126B4C,UniRef50_Q9UBR1,2021_12,disprot_taxon_9606_homo_sapiens.json
Q8WVQ1,DP03161,Homo sapiens,9606,Human,Soluble calcium-activated nucleotidase 1,CANT1,401,401,1,14,14,0.034912718204488775,0.034912718204488775,0.034912718204488775,0.08977556109725686,True,False,UPI00000734F8,UniRef50_Q8WVQ1,2021_12,disprot_taxon_9606_homo_sapiens.json
O00299,DP03162,Homo sapiens,9606,Human,Chloride intracellular channel protein 1,CLIC1,241,241,3,32,32,0.13278008298755187,0.13278008298755187,0.13278008298755187,0.004149377593360996,True,False,UPI00001698DA,UniRef50_O00299,2021_12,disprot_taxon_9606_homo_sapiens.json
O15247,DP03163,Homo sapiens,9606,Human,Chloride intracellular channel protein 2,CLIC2,247,247,1,14,14,0.05668016194331984,0.05668016194331984,0.05668016194331984,0.02834008097165992,True,False,UPI000015C44D,UniRef50_O15247,2021_12,disprot_taxon_9606_homo_sapiens.json
Q9Y696,DP03164,Homo sapiens,9606,Human,Chloride intracellular channel protein 4,CLIC4,253,253,2,14,14,0.05533596837944664,0.05533596837944664,0.05533596837944664,0.039525691699604744,True,False,UPI00006A7837,UniRef50_Q9Y696,2021_12,disprot_taxon_9606_homo_sapiens.json
P00519,DP03166,Homo sapiens,9606,Human,Tyrosine-protein kinase ABL1,ABL1,1130,1130,2,17,17,0.01504424778761062,0.01504424778761062,0.01504424778761062,0.4982300884955752,True,False,UPI0000072191,UniRef50_P00519,2021_12,disprot_taxon_9606_homo_sapiens.json
P00519-2,DP03168,Homo sapiens,9606,Human,Isoform IB of Tyrosine-protein kinase ABL1,ABL1,1149,1149,3,144,144,0.12532637075718014,0.12532637075718014,0.12532637075718014,,False,False,UPI000013E4DE,,2021_12,disprot_taxon_9606_homo_sapiens.json
Q9NQC7,DP03169,Homo sapiens,9606,Human,Ubiquitin carboxyl-terminal hydrolase CYLD,CYLD,956,956,1,17,17,0.01778242677824268,0.01778242677824268,0.01778242677824268,0.2395397489539749,True,False,UPI0000073A15,UniRef50_Q9NQC7,2021_12,disprot_taxon_9606_homo_sapiens.json
Q8NBZ7,DP03170,Homo sapiens,9606,Human,UDP-glucuronic acid decarboxylase 1,UXS1,420,420,1,26,26,0.06190476190476191,0.06190476190476191,0.06190476190476191,0.04047619047619048,True,False,UPI0000047828,UniRef50_Q8NBZ7,2021_12,disprot_taxon_9606_homo_sapiens.json
Q16831,DP03171,Homo sapiens,9606,Human,Uridine phosphorylase 1,UPP1,310,310,1,15,15,0.04838709677419355,0.04838709677419355,0.04838709677419355,0.041935483870967745,True,False,UPI0000137AC5,UniRef50_P52624,2021_12,disprot_taxon_9606_homo_sapiens.json
Q9NRN7,DP03172,Homo sapiens,9606,Human,L-aminoadipate-semialdehyde dehydrogenase-phosphopantetheinyl transferase,AASDHPPT,309,309,1,16,16,0.05177993527508091,0.05177993527508091,0.05177993527508091,0.0744336569579288,True,False,UPI000006D980,UniRef50_Q9NRN7,2021_12,disprot_taxon_9606_homo_sapiens.json
O14727,DP03173,Homo sapiens,9606,Human,Apoptotic protease-activating factor 1,APAF1,1248,1248,3,104,104,0.08333333333333333,0.08333333333333333,0.08333333333333333,0.016025641025641024,True,False,UPI000002A3D9,UniRef50_O14727,2021_12,disprot_taxon_9606_homo_sapiens.json
Q99250,DP03178,Homo sapiens,9606,Human,Sodium channel protein type 2 subunit alpha,SCN2A,2005,2005,14,875,875,0.43640897755610975,0.43640897755610975,0.43640897755610975,0.25885286783042394,True,False,UPI00001684BB,UniRef50_Q99250,2021_12,disprot_taxon_9606_homo_sapiens.json
O95391,DP03179,Homo sapiens,9606,Human,Pre-mRNA-splicing factor SLU7,SLU7,586,586,9,344,344,0.5870307167235495,0.5870307167235495,0.5870307167235495,0.14334470989761092,True,False,UPI000013E3CE,UniRef50_O95391,2021_12,disprot_taxon_9606_homo_sapiens.json
Q03692,DP03180,Homo sapiens,9606,Human,Collagen alpha-1(X) chain,COL10A1,680,680,1,28,28,0.041176470588235294,0.041176470588235294,0.041176470588235294,0.35,True,False,UPI000016A719,UniRef50_Q03692,2021_12,disprot_taxon_9606_homo_sapiens.json
Q17RS7,DP03182,Homo sapiens,9606,Human,Flap endonuclease GEN homolog 1,GEN1,908,908,3,65,65,0.07158590308370044,0.07158590308370044,0.07158590308370044,0.46806167400881055,True,False,UPI00004113DA,UniRef50_Q17RS7,2021_12,disprot_taxon_9606_homo_sapiens.json
P09919,DP03184,Homo sapiens,9606,Human,Granulocyte colony-stimulating factor,CSF3,207,207,1,10,10,0.04830917874396135,0.04830917874396135,0.04830917874396135,0.03864734299516908,True,False,UPI0000128525,UniRef50_P09919,2021_12,disprot_taxon_9606_homo_sapiens.json
O75223,DP03185,Homo sapiens,9606,Human,Gamma-glutamylcyclotransferase,GGCT,188,188,4,13,13,0.06914893617021277,0.06914893617021277,0.06914893617021277,0.026595744680851064,True,False,UPI00000473DC,UniRef50_O75223,2021_12,disprot_taxon_9606_homo_sapiens.json
P28325,DP03186,Homo sapiens,9606,Human,Cystatin-D,CST5,142,142,2,11,11,0.07746478873239436,0.07746478873239436,0.07746478873239436,0.007042253521126761,True,False,UPI0000128D6F,UniRef50_P28325,2021_12,disprot_taxon_9606_homo_sapiens.json
P43250,DP03187,Homo sapiens,9606,Human,G protein-coupled receptor kinase 6,GRK6,576,576,5,71,71,0.1232638888888889,0.1232638888888889,0.1232638888888889,0.0555555555555555,True,False,UPI0000161B2C,UniRef50_P43250,2021_12,disprot_taxon_9606_homo_sapiens.json
P49257,DP03190,Homo sapiens,9606,Human,Protein ERGIC-53,LMAN1,510,510,4,10,10,0.0196078431372549,0.0196078431372549,0.0196078431372549,0.13725490196078433,True,False,UPI000016A8AE,UniRef50_P49257,2021_12,disprot_taxon_9606_homo_sapiens.json
P55145,DP03191,Homo sapiens,9606,Human,Mesencephalic astrocyte-derived neurotrophic factor,MANF,182,182,4,21,21,0.11538461538461539,0.11538461538461539,0.11538461538461539,0.02197802197802198,True,False,UPI000015C44A,UniRef50_P55145,2021_12,disprot_taxon_9606_homo_sapiens.json
Q15013,DP03192,Homo sapiens,9606,Human,MAD2L1-binding protein,MAD2L1BP,274,274,2,40,40,0.145985401459854,0.145985401459854,0.145985401459854,0.17883211678832117,True,False,UPI0000000C4A,UniRef50_Q15013,2021_12,disprot_taxon_9606_homo_sapiens.json
Q9HAV4,DP03195,Homo sapiens,9606,Human,Exportin-5,XPO5,1204,1204,10,129,129,0.10714285714285714,0.10714285714285714,0.10714285714285714,0.058970099667774084,True,False,UPI000006CC97,UniRef50_Q9HAV4,2021_12,disprot_taxon_9606_homo_sapiens.json
Q8N1Q8,DP03196,Homo sapiens,9606,Human,Acyl-coenzyme A thioesterase THEM5,THEM5,247,247,1,10,10,0.04048582995951417,0.04048582995951417,0.04048582995951417,0.13765182186234817,True,False,UPI0000071FE4,UniRef50_Q8N1Q8,2021_12,disprot_taxon_9606_homo_sapiens.json
P00749,DP03199,Homo sapiens,9606,Human,Urokinase-type plasminogen activator,PLAU,431,431,2,21,21,0.048723897911832945,0.048723897911832945,0.048723897911832945,0.11136890951276102,True,False,UPI0000137E15,UniRef50_P00749,2021_12,disprot_taxon_9606_homo_sapiens.json
Q96CV9,DP03201,Homo sapiens,9606,Human,Optineurin,OPTN,577,577,4,27,27,0.04679376083188908,0.04679376083188908,0.04679376083188908,0.22876949740034663,True,False,UPI0000073FF7,UniRef50_Q96CV9,2022_06,disprot_taxon_9606_homo_sapiens.json
P55210,DP03203,Homo sapiens,9606,Human,Caspase-7,CASP7,303,303,3,15,15,0.04950495049504951,0.04950495049504951,0.04950495049504951,0.20132013201320131,True,False,UPI000003AEFD,UniRef50_P55210,2021_12,disprot_taxon_9606_homo_sapiens.json
Q16629,DP03204,Homo sapiens,9606,Human,Serine/arginine-rich splicing factor 7,SRSF7,238,238,4,90,90,0.37815126050420167,0.37815126050420167,0.37815126050420167,0.3949579831932773,True,False,UPI000000D853,UniRef50_Q16629,2021_12,disprot_taxon_9606_homo_sapiens.json
O95696,DP03205,Homo sapiens,9606,Human,Bromodomain-containing protein 1,BRD1,1058,1058,1,18,18,0.017013232514177693,0.017013232514177693,0.017013232514177693,0.2523629489603025,True,False,UPI0000126ACA,UniRef50_O95696,2023_12,disprot_taxon_9606_homo_sapiens.json
Q8IYB8,DP03206,Homo sapiens,9606,Human,"ATP-dependent RNA helicase SUPV3L1, mitochondrial",SUPV3L1,786,786,4,69,69,0.08778625954198473,0.08778625954198473,0.08778625954198473,0.15394402035623408,True,False,UPI000007428D,UniRef50_Q8IYB8,2021_12,disprot_taxon_9606_homo_sapiens.json
Q8IYV9,DP03207,Homo sapiens,9606,Human,Izumo sperm-egg fusion protein 1,IZUMO1,350,350,2,26,26,0.07428571428571429,0.07428571428571429,0.07428571428571429,0.18,True,False,UPI00000741D7,UniRef50_Q8IYV9,2021_12,disprot_taxon_9606_homo_sapiens.json
A6ND01,DP03209,Homo sapiens,9606,Human,Sperm-egg fusion protein Juno,IZUMO1R,250,250,2,12,12,0.048,0.048,0.048,0.068,True,False,UPI00003D6FE9,UniRef50_Q9EQF4,2021_12,disprot_taxon_9606_homo_sapiens.json
Q9BRT9,DP03211,Homo sapiens,9606,Human,DNA replication complex GINS protein SLD5,GINS4,223,223,1,20,20,0.08968609865470852,0.08968609865470852,0.08968609865470852,0.07623318385650224,True,False,UPI000007007B,UniRef50_Q9BRT9,2021_12,disprot_taxon_9606_homo_sapiens.json
O60508,DP03214,Homo sapiens,9606,Human,Pre-mRNA-processing factor 17,CDC40,579,579,1,82,82,0.14162348877374784,0.14162348877374784,0.14162348877374784,0.11226252158894647,True,False,UPI0000132145,UniRef50_O60508,2021_12,disprot_taxon_9606_homo_sapiens.json
Q9H875,DP03215,Homo sapiens,9606,Human,PRKR-interacting protein 1,PRKRIP1,184,184,2,92,92,0.5,0.5,0.5,0.14673913043478262,True,False,UPI000003587A,UniRef50_Q9CWV6,2021_12,disprot_taxon_9606_homo_sapiens.json
Q96EQ8,DP03216,Homo sapiens,9606,Human,E3 ubiquitin-protein ligase RNF125,RNF125,232,232,1,32,32,0.13793103448275862,0.13793103448275862,0.13793103448275862,0.1336206896551724,True,False,UPI0000073E70,UniRef50_Q96EQ8,2021_12,disprot_taxon_9606_homo_sapiens.json
P55265,DP03221,Homo sapiens,9606,Human,Double-stranded RNA-specific adenosine deaminase,ADAR,1226,1226,2,95,95,0.07748776508972267,0.07748776508972267,0.07748776508972267,0.34991843393148453,True,False,UPI0000001C6A,UniRef50_P55265,2023_06,disprot_taxon_9606_homo_sapiens.json
Q92783,DP03222,Homo sapiens,9606,Human,Signal transducing adapter molecule 1,STAM,540,540,2,31,31,0.05740740740740741,0.05740740740740741,0.05740740740740741,0.37777777777777777,True,False,UPI000006E278,UniRef50_Q92783,2023_12,disprot_taxon_9606_homo_sapiens.json
P33316-2,DP03223,Homo sapiens,9606,Human,"Isoform 2 of Deoxyuridine 5'-triphosphate nucleotidohydrolase, mitochondrial",DUT,164,164,1,23,23,0.1402439024390244,0.1402439024390244,0.1402439024390244,,False,False,UPI0000001639,,2021_12,disprot_taxon_9606_homo_sapiens.json
P19957,DP03225,Homo sapiens,9606,Human,Elafin,PI3,117,117,1,38,38,0.3247863247863248,0.3247863247863248,0.3247863247863248,0.24786324786324787,True,False,UPI000059C625,UniRef50_P19957,2021_12,disprot_taxon_9606_homo_sapiens.json
P26447,DP03228,Homo sapiens,9606,Human,Protein S100-A4,S100A4,101,101,1,11,11,0.10891089108910891,0.10891089108910891,0.10891089108910891,0.039603960396039604,True,False,UPI000003417D,UniRef50_P26447,2021_06,disprot_taxon_9606_homo_sapiens.json
P05451,DP03229,Homo sapiens,9606,Human,Lithostathine-1-alpha,REG1A,166,166,5,13,13,0.0783132530120482,0.0783132530120482,0.0783132530120482,0.0,True,False,UPI000017415C,UniRef50_P05451,2021_06,disprot_taxon_9606_homo_sapiens.json
P11940,DP03230,Homo sapiens,9606,Human,Polyadenylate-binding protein 1,PABPC1,636,636,8,31,31,0.04874213836477988,0.04874213836477988,0.04874213836477988,0.25,True,False,UPI0000161C54,UniRef50_P11940,2021_12,disprot_taxon_9606_homo_sapiens.json
P15498,DP03231,Homo sapiens,9606,Human,Proto-oncogene vav,VAV1,845,845,2,32,32,0.0378698224852071,0.0378698224852071,0.0378698224852071,0.0485207100591716,True,False,UPI000016B2E9,UniRef50_P15498,2021_12,disprot_taxon_9606_homo_sapiens.json
Q7KZF4,DP03232,Homo sapiens,9606,Human,Staphylococcal nuclease domain-containing protein 1,SND1,910,910,2,10,10,0.01098901098901099,0.01098901098901099,0.01098901098901099,0.03626373626373627,True,False,UPI00000727E5,UniRef50_Q7KZF4,2022_06,disprot_taxon_9606_homo_sapiens.json
Q92900-2,DP03233,Homo sapiens,9606,Human,Isoform 2 of Regulator of nonsense transcripts 1,UPF1,1118,1118,2,10,10,0.008944543828264758,0.008944543828264758,0.008944543828264758,,False,False,UPI0000001C89,,2021_12,disprot_taxon_9606_homo_sapiens.json
P49915,DP03234,Homo sapiens,9606,Human,GMP synthase [glutamine-hydrolyzing],GMPS,693,693,1,10,10,0.01443001443001443,0.01443001443001443,0.01443001443001443,0.05194805194805195,True,False,UPI0000000CC6,UniRef50_P49915,2021_12,disprot_taxon_9606_homo_sapiens.json
P50148,DP03235,Homo sapiens,9606,Human,Guanine nucleotide-binding protein G(q) subunit alpha,GNAQ,359,359,1,216,216,0.6016713091922006,0.6016713091922006,0.6016713091922006,0.011142061281337047,True,False,UPI000016A979,UniRef50_P50148,2021_12,disprot_taxon_9606_homo_sapiens.json
Q9UDY8,DP03236,Homo sapiens,9606,Human,Mucosa-associated lymphoid tissue lymphoma translocation protein 1,MALT1,824,824,6,30,30,0.03640776699029126,0.03640776699029126,0.03640776699029126,0.19053398058252427,True,False,UPI000004D05E,UniRef50_Q9UDY8,2021_12,disprot_taxon_9606_homo_sapiens.json
Q9BZE9,DP03237,Homo sapiens,9606,Human,Tether containing UBX domain for GLUT4,ASPSCR1,553,553,1,56,56,0.10126582278481013,0.10126582278481013,0.10126582278481013,0.3309222423146474,True,False,UPI000004EF25,UniRef50_Q9BZE9,2022_06,disprot_taxon_9606_homo_sapiens.json
P55072,DP03238,Homo sapiens,9606,Human,Transitional endoplasmic reticulum ATPase,VCP,806,806,10,76,76,0.09429280397022333,0.09429280397022333,0.09429280397022333,0.06699751861042183,True,False,UPI00003BF806,UniRef50_P55072,2021_12,disprot_taxon_9606_homo_sapiens.json
P23588,DP03242,Homo sapiens,9606,Human,Eukaryotic translation initiation factor 4B,EIF4B,611,611,3,536,536,0.8772504091653028,0.8772504091653028,0.8772504091653028,0.602291325695581,True,False,UPI000004BA76,UniRef50_P23588,2021_12,disprot_taxon_9606_homo_sapiens.json
Q68D10,DP03243,Homo sapiens,9606,Human,Protein SPT2 homolog,SPTY2D1,685,685,8,34,34,0.049635036496350364,0.049635036496350364,0.049635036496350364,0.5255474452554745,True,False,UPI000041A189,UniRef50_Q68D10,2023_12,disprot_taxon_9606_homo_sapiens.json
Q9UQ35,DP03245,Homo sapiens,9606,Human,Serine/arginine repetitive matrix protein 2,SRRM2,2752,2752,9,2726,2726,0.9905523255813954,0.9905523255813954,0.9905523255813954,,False,False,UPI000006E353,UniRef50_Q9UQ35,2023_12,disprot_taxon_9606_homo_sapiens.json
O75475,DP03246,Homo sapiens,9606,Human,PC4 and SFRS1-interacting protein,PSIP1,530,530,2,86,86,0.16226415094339622,0.16226415094339622,0.16226415094339622,0.46226415094339623,True,False,UPI0000073FC4,UniRef50_O75475,2021_12,disprot_taxon_9606_homo_sapiens.json
Q9NYV4,DP03248,Homo sapiens,9606,Human,Cyclin-dependent kinase 12,CDK12,1490,1490,1,41,41,0.027516778523489934,0.027516778523489934,0.027516778523489934,0.6859060402684564,True,False,UPI0000035B71,UniRef50_Q9NYV4,2023_12,disprot_taxon_9606_homo_sapiens.json
Q96RJ3,DP03249,Homo sapiens,9606,Human,Tumor necrosis factor receptor superfamily member 13C,TNFRSF13C,184,184,2,167,167,0.907608695652174,0.907608695652174,0.907608695652174,0.27717391304347827,True,False,UPI0000049F80,UniRef50_Q96RJ3,2021_12,disprot_taxon_9606_homo_sapiens.json
Q9UBW5,DP03250,Homo sapiens,9606,Human,Bridging integrator 2,BIN2,565,565,1,37,37,0.06548672566371681,0.06548672566371681,0.06548672566371681,0.49380530973451325,True,False,UPI000006FE75,UniRef50_Q9UBW5,2021_12,disprot_taxon_9606_homo_sapiens.json
Q8N300,DP03251,Homo sapiens,9606,Human,Small vasohibin-binding protein,SVBP,66,66,5,23,23,0.3484848484848485,0.3484848484848485,0.3484848484848485,0.030303030303030304,True,False,UPI000006CFBA,UniRef50_Q8N300,2021_12,disprot_taxon_9606_homo_sapiens.json
P52848,DP03254,Homo sapiens,9606,Human,Bifunctional heparan sulfate N-deacetylase/N-sulfotransferase 1,NDST1,882,882,2,35,35,0.03968253968253968,0.03968253968253968,0.03968253968253968,0.06575963718820861,True,False,UPI000012CDA5,UniRef50_Q3UHN9,2021_06,disprot_taxon_9606_homo_sapiens.json
P16035,DP03255,Homo sapiens,9606,Human,Metalloproteinase inhibitor 2,TIMP2,220,220,3,12,12,0.05454545454545454,0.05454545454545454,0.05454545454545454,0.0,True,False,UPI000052A5A4,UniRef50_P16035,2021_06,disprot_taxon_9606_homo_sapiens.json
P08253,DP03256,Homo sapiens,9606,Human,72 kDa type IV collagenase,MMP2,660,660,2,11,11,0.016666666666666666,0.016666666666666666,0.016666666666666666,0.05909090909090909,True,False,UPI0000172CE7,UniRef50_P08253,2021_06,disprot_taxon_9606_homo_sapiens.json
P03956,DP03257,Homo sapiens,9606,Human,Interstitial collagenase,MMP1,469,469,3,24,24,0.0511727078891258,0.0511727078891258,0.0511727078891258,0.0511727078891258,True,False,UPI000014E06D,UniRef50_P03956,2021_06,disprot_taxon_9606_homo_sapiens.json
P13674,DP03259,Homo sapiens,9606,Human,Prolyl 4-hydroxylase subunit alpha-1,P4HA1,534,534,3,10,10,0.018726591760299626,0.018726591760299626,0.018726591760299626,0.056179775280898875,True,False,UPI000016AF4E,UniRef50_P13674,2023_06,disprot_taxon_9606_homo_sapiens.json
O60568,DP03260,Homo sapiens,9606,Human,Multifunctional procollagen lysine hydroxylase and glycosyltransferase LH3,PLOD3,738,738,10,29,29,0.03929539295392954,0.03929539295392954,0.03929539295392954,0.04200542005420054,True,False,UPI0000046664,UniRef50_O60568,2021_06,disprot_taxon_9606_homo_sapiens.json
P01009,DP03262,Homo sapiens,9606,Human,Alpha-1-antitrypsin,SERPINA1,418,418,3,23,23,0.05502392344497608,0.05502392344497608,0.05502392344497608,0.10526315789473684,True,False,UPI000000CBEC,UniRef50_P01009,2021_06,disprot_taxon_9606_homo_sapiens.json
P21580,DP03271,Homo sapiens,9606,Human,Tumor necrosis factor alpha-induced protein 3,TNFAIP3,790,790,5,28,28,0.035443037974683546,0.035443037974683546,0.035443037974683546,0.24050632911392406,True,False,UPI000000D92D,UniRef50_P21580,2021_12,disprot_taxon_9606_homo_sapiens.json
Q6GQQ9,DP03272,Homo sapiens,9606,Human,OTU domain-containing protein 7B,OTUD7B,843,843,2,67,67,0.07947805456702253,0.07947805456702253,0.07947805456702253,0.4246737841043891,True,False,UPI000020415D,UniRef50_Q6GQQ9,2023_12,disprot_taxon_9606_homo_sapiens.json
Q99835,DP03273,Homo sapiens,9606,Human,Smoothened homolog,SMO,787,787,1,102,102,0.12960609911054638,0.12960609911054638,0.12960609911054638,0.2795425667090216,True,False,UPI0000050447,UniRef50_Q99835,2021_12,disprot_taxon_9606_homo_sapiens.json
Q9Y4K0,DP03274,Homo sapiens,9606,Human,Lysyl oxidase homolog 2,LOXL2,774,774,1,12,12,0.015503875968992248,0.015503875968992248,0.015503875968992248,0.07235142118863049,True,False,UPI000012E7AB,UniRef50_Q9Y4K0,2023_06,disprot_taxon_9606_homo_sapiens.json
Q15276,DP03275,Homo sapiens,9606,Human,Rab GTPase-binding effector protein 1,RABEP1,862,862,1,20,20,0.02320185614849188,0.02320185614849188,0.02320185614849188,0.18677494199535963,True,False,UPI0000038DA4,UniRef50_Q15276,2022_06,disprot_taxon_9606_homo_sapiens.json
Q96PU8,DP03276,Homo sapiens,9606,Human,Protein quaking,QKI,341,341,1,10,10,0.02932551319648094,0.02932551319648094,0.02932551319648094,0.3460410557184751,True,False,UPI0000029EBD,UniRef50_Q96PU8,2021_12,disprot_taxon_9606_homo_sapiens.json
P18065,DP03278,Homo sapiens,9606,Human,Insulin-like growth factor-binding protein 2,IGFBP2,325,325,5,14,14,0.043076923076923075,0.043076923076923075,0.043076923076923075,0.28615384615384615,True,False,UPI000012D112,UniRef50_P18065,2021_06,disprot_taxon_9606_homo_sapiens.json
Q08188,DP03279,Homo sapiens,9606,Human,Protein-glutamine gamma-glutamyltransferase E,TGM3,693,693,4,10,10,0.01443001443001443,0.01443001443001443,0.01443001443001443,0.01875901875901876,True,False,UPI00001452F1,UniRef50_Q08188,2021_06,disprot_taxon_9606_homo_sapiens.json
P19827,DP03280,Homo sapiens,9606,Human,Inter-alpha-trypsin inhibitor heavy chain H1,ITIH1,911,911,4,30,30,0.03293084522502744,0.03293084522502744,0.03293084522502744,0.0845225027442371,True,False,UPI000016AAD9,UniRef50_P19827,2021_06,disprot_taxon_9606_homo_sapiens.json
Q2MKA7,DP03281,Homo sapiens,9606,Human,R-spondin-1,RSPO1,263,263,3,16,16,0.060836501901140684,0.060836501901140684,0.060836501901140684,0.22433460076045628,True,False,UPI0000674A16,UniRef50_Q2MKA7,2021_06,disprot_taxon_9606_homo_sapiens.json
Q9UK55,DP03291,Homo sapiens,9606,Human,Protein Z-dependent protease inhibitor,SERPINA10,444,444,2,39,39,0.08783783783783784,0.08783783783783784,0.08783783783783784,0.1373873873873874,True,False,UPI000013C46E,UniRef50_Q9UK55,2021_06,disprot_taxon_9606_homo_sapiens.json
P00742,DP03292,Homo sapiens,9606,Human,Coagulation factor X,F10,488,488,16,37,37,0.07581967213114754,0.07581967213114754,0.07581967213114754,0.13729508196721313,True,False,UPI000016A93C,UniRef50_P00742,2021_12,disprot_taxon_9606_homo_sapiens.json
O43791,DP03293,Homo sapiens,9606,Human,Speckle-type POZ protein,SPOP,374,374,6,28,28,0.0748663101604278,0.0748663101604278,0.0748663101604278,0.053475935828877004,True,False,UPI0000003F5C,UniRef50_O43791,2021_12,disprot_taxon_9606_homo_sapiens.json
P02760,DP03294,Homo sapiens,9606,Human,Protein AMBP,AMBP,352,352,4,49,49,0.13920454545454544,0.13920454545454544,0.13920454545454544,0.16477272727272727,True,False,UPI000000D9AF,UniRef50_P02760,2021_06,disprot_taxon_9606_homo_sapiens.json
Q92854,DP03295,Homo sapiens,9606,Human,Semaphorin-4D,SEMA4D,862,862,1,29,29,0.033642691415313224,0.033642691415313224,0.033642691415313224,0.21809744779582366,True,False,UPI0000135A6C,UniRef50_Q92854,2021_12,disprot_taxon_9606_homo_sapiens.json
P60484,DP03296,Homo sapiens,9606,Human,"Phosphatidylinositol 3,4,5-trisphosphate 3-phosphatase and dual-specificity protein phosphatase PTEN",PTEN,403,403,10,75,75,0.18610421836228289,0.18610421836228289,0.18610421836228289,0.1687344913151365,True,False,UPI00001328C5,UniRef50_P60484,2021_12,disprot_taxon_9606_homo_sapiens.json
P01034,DP03297,Homo sapiens,9606,Human,Cystatin-C,CST3,146,146,4,11,11,0.07534246575342465,0.07534246575342465,0.07534246575342465,0.00684931506849315,True,False,UPI000002B9AD,UniRef50_P01034,2021_06,disprot_taxon_9606_homo_sapiens.json
P63000,DP03298,Homo sapiens,9606,Human,Ras-related C3 botulinum toxin substrate 1,RAC1,192,192,10,14,14,0.07291666666666667,0.07291666666666667,0.07291666666666667,0.005208333333333333,True,False,UPI000000060F,UniRef50_P63000,2021_12,disprot_taxon_9606_homo_sapiens.json
P00734,DP03299,Homo sapiens,9606,Human,Prothrombin,F2,622,622,9,65,65,0.1045016077170418,0.1045016077170418,0.1045016077170418,0.08681672025723473,True,False,UPI0000143316,UniRef50_P00734,2021_06,disprot_taxon_9606_homo_sapiens.json
P31749,DP03300,Homo sapiens,9606,Human,RAC-alpha serine/threonine-protein kinase,AKT1,480,480,2,31,31,0.06458333333333334,0.06458333333333334,0.06458333333333334,0.1,True,False,UPI000002E75B,UniRef50_P31749,2021_12,disprot_taxon_9606_homo_sapiens.json
P09237,DP03301,Homo sapiens,9606,Human,Matrilysin,MMP7,267,267,5,45,45,0.16853932584269662,0.16853932584269662,0.16853932584269662,0.052434456928838954,True,False,UPI00000422BD,UniRef50_P09237,2021_12,disprot_taxon_9606_homo_sapiens.json
Q8IW75,DP03303,Homo sapiens,9606,Human,Serpin A12,SERPINA12,414,414,3,11,11,0.026570048309178744,0.026570048309178744,0.026570048309178744,0.07246376811594203,True,False,UPI000000D86C,UniRef50_Q8IW75,2021_06,disprot_taxon_9606_homo_sapiens.json
P36952,DP03304,Homo sapiens,9606,Human,Serpin B5,SERPINB5,375,375,2,12,12,0.032,0.032,0.032,0.005333333333333333,True,False,UPI000004750D,UniRef50_P36952,2021_12,disprot_taxon_9606_homo_sapiens.json
Q02297,DP03306,Homo sapiens,9606,Human,"Pro-neuregulin-1, membrane-bound isoform",NRG1,640,640,2,16,16,0.025,0.025,0.025,0.60625,True,False,UPI000013DED6,UniRef50_Q02297,2022_06,disprot_taxon_9606_homo_sapiens.json
Q9UMD9,DP03307,Homo sapiens,9606,Human,Collagen alpha-1(XVII) chain,COL17A1,1497,1497,3,454,454,0.3032732130928524,0.3032732130928524,0.3032732130928524,0.7107548430193721,True,False,UPI000006F1D3,UniRef50_Q9UMD9,2023_06,disprot_taxon_9606_homo_sapiens.json
Q96MS0,DP03308,Homo sapiens,9606,Human,Roundabout homolog 3,ROBO3,1386,1386,2,14,14,0.010101010101010102,0.010101010101010102,0.010101010101010102,0.42207792207792205,True,False,UPI000006DEA8,UniRef50_Q96MS0,2021_06,disprot_taxon_9606_homo_sapiens.json
O60486,DP03309,Homo sapiens,9606,Human,Plexin-C1,PLXNC1,1568,1568,2,18,18,0.011479591836734694,0.011479591836734694,0.011479591836734694,0.08482142857142858,True,False,UPI0000038AF4,UniRef50_O60486,2021_06,disprot_taxon_9606_homo_sapiens.json
P00740,DP03311,Homo sapiens,9606,Human,Coagulation factor IX,F9,461,461,17,47,47,0.1019522776572668,0.1019522776572668,0.1019522776572668,0.11279826464208242,True,False,UPI0000042504,UniRef50_P00740,2021_06,disprot_taxon_9606_homo_sapiens.json
P10619,DP03312,Homo sapiens,9606,Human,Lysosomal protective protein,CTSA,480,480,1,40,40,0.08333333333333333,0.08333333333333333,0.08333333333333333,0.0125,True,False,UPI00000362E6,UniRef50_P10619,2021_06,disprot_taxon_9606_homo_sapiens.json
P00488,DP03313,Homo sapiens,9606,Human,Coagulation factor XIII A chain,F13A1,732,732,3,37,37,0.050546448087431695,0.050546448087431695,0.050546448087431695,0.00819672131147541,True,False,UPI0000142757,UniRef50_P00488,2021_12,disprot_taxon_9606_homo_sapiens.json
Q06141,DP03314,Homo sapiens,9606,Human,Regenerating islet-derived protein 3-alpha,REG3A,175,175,6,11,11,0.06285714285714286,0.06285714285714286,0.06285714285714286,0.022857142857142857,True,False,UPI0000001C5B,UniRef50_P25031,2021_06,disprot_taxon_9606_homo_sapiens.json
Q13316,DP03323,Homo sapiens,9606,Human,Dentin matrix acidic phosphoprotein 1,DMP1,513,513,18,497,497,0.9688109161793372,0.9688109161793372,0.9688109161793372,0.7251461988304093,True,False,UPI000016A23C,UniRef50_Q13316,2023_06,disprot_taxon_9606_homo_sapiens.json
P35052,DP03324,Homo sapiens,9606,Human,Glypican-1,GPC1,558,558,3,12,12,0.021505376344086023,0.021505376344086023,0.021505376344086023,0.15591397849462366,True,False,UPI0000032F5D,UniRef50_P35052,2021_06,disprot_taxon_9606_homo_sapiens.json
Q9HCB6,DP03343,Homo sapiens,9606,Human,Spondin-1,SPON1,807,807,3,29,29,0.03593556381660471,0.03593556381660471,0.03593556381660471,0.12763320941759604,True,False,UPI0000038A5A,UniRef50_Q9HCB6,2021_06,disprot_taxon_9606_homo_sapiens.json
P36955,DP03344,Homo sapiens,9606,Human,Pigment epithelium-derived factor,SERPINF1,418,418,3,15,15,0.03588516746411483,0.03588516746411483,0.03588516746411483,0.0861244019138756,True,False,UPI0000176321,UniRef50_P36955,2021_06,disprot_taxon_9606_homo_sapiens.json
O00214,DP03345,Homo sapiens,9606,Human,Galectin-8,LGALS8,317,317,2,22,22,0.0694006309148265,0.0694006309148265,0.0694006309148265,0.07255520504731862,True,False,UPI000014EA6F,UniRef50_O00214,2021_06,disprot_taxon_9606_homo_sapiens.json
Q5T1C6,DP03348,Homo sapiens,9606,Human,Acyl-coenzyme A thioesterase THEM4,THEM4,240,240,1,26,26,0.10833333333333334,0.10833333333333334,0.10833333333333334,0.16666666666666666,True,False,UPI000045625A,UniRef50_Q5T1C6,2021_12,disprot_taxon_9606_homo_sapiens.json
P23677,DP03351,Homo sapiens,9606,Human,Inositol-trisphosphate 3-kinase A,ITPKA,461,461,3,10,10,0.021691973969631236,0.021691973969631236,0.021691973969631236,0.3796095444685466,True,False,UPI0000049A1A,UniRef50_P23677,2021_12,disprot_taxon_9606_homo_sapiens.json
P05546,DP03353,Homo sapiens,9606,Human,Heparin cofactor 2,SERPIND1,499,499,2,83,83,0.16633266533066132,0.16633266533066132,0.16633266533066132,0.22645290581162325,True,False,UPI000002C4DB,UniRef50_P05546,2021_06,disprot_taxon_9606_homo_sapiens.json
Q92743,DP03358,Homo sapiens,9606,Human,Serine protease HTRA1,HTRA1,480,480,5,26,26,0.05416666666666667,0.05416666666666667,0.05416666666666667,0.0875,True,False,UPI0000114888,UniRef50_Q92743,2021_06,disprot_taxon_9606_homo_sapiens.json
Q15582,DP03364,Homo sapiens,9606,Human,Transforming growth factor-beta-induced protein ig-h3,TGFBI,683,683,7,67,67,0.09809663250366032,0.09809663250366032,0.09809663250366032,0.07759882869692533,True,False,UPI0000000C6A,UniRef50_Q15582,2021_12,disprot_taxon_9606_homo_sapiens.json
P27469,DP03365,Homo sapiens,9606,Human,G0/G1 switch protein 2,G0S2,103,103,3,103,103,1.0,1.0,1.0,0.0,True,False,UPI000012AE19,UniRef50_P27469,2021_12,disprot_taxon_9606_homo_sapiens.json
P53778,DP03366,Homo sapiens,9606,Human,Mitogen-activated protein kinase 12,MAPK12,367,367,1,14,14,0.03814713896457766,0.03814713896457766,0.03814713896457766,0.05449591280653951,True,False,UPI000059CD65,UniRef50_P53778,2021_12,disprot_taxon_9606_homo_sapiens.json
O15391,DP03369,Homo sapiens,9606,Human,Transcription factor YY2,YY2,372,372,4,372,372,1.0,1.0,1.0,0.6344086021505376,True,False,UPI000006CE0D,UniRef50_O15391,2023_12,disprot_taxon_9606_homo_sapiens.json
P04554,DP03372,Homo sapiens,9606,Human,Protamine-2,PRM2,102,102,4,57,57,0.5588235294117647,0.5588235294117647,0.5588235294117647,0.3333333333333333,True,False,UPI0000163B50,UniRef50_P04554,2023_12,disprot_taxon_9606_homo_sapiens.json
P20849,DP03378,Homo sapiens,9606,Human,Collagen alpha-1(IX) chain,COL9A1,921,921,7,18,18,0.019543973941368076,0.019543973941368076,0.019543973941368076,0.31813246471226925,True,False,UPI000016A716,UniRef50_P20849,2021_12,disprot_taxon_9606_homo_sapiens.json
Q14766,DP03379,Homo sapiens,9606,Human,Latent-transforming growth factor beta-binding protein 1,LTBP1,1721,1721,9,71,71,0.04125508425334108,0.04125508425334108,0.04125508425334108,0.37303893085415457,True,False,UPI000016AC27,UniRef50_Q14766,2023_06,disprot_taxon_9606_homo_sapiens.json
P83110,DP03380,Homo sapiens,9606,Human,Serine protease HTRA3,HTRA3,453,453,1,11,11,0.024282560706401765,0.024282560706401765,0.024282560706401765,0.024282560706401765,True,False,UPI0000001647,UniRef50_P83110,2021_12,disprot_taxon_9606_homo_sapiens.json
P98066,DP03382,Homo sapiens,9606,Human,Tumor necrosis factor-inducible gene 6 protein,TNFAIP6,277,277,6,28,28,0.10108303249097472,0.10108303249097472,0.10108303249097472,0.1588447653429603,True,False,UPI0000137748,UniRef50_P98066,2021_12,disprot_taxon_9606_homo_sapiens.json
Q8WVM7,DP03383,Homo sapiens,9606,Human,Cohesin subunit SA-1,STAG1,1258,1258,6,318,318,0.2527821939586645,0.2527821939586645,0.2527821939586645,0.23052464228934816,True,False,UPI0000169F8F,UniRef50_Q8WVM7,2021_12,disprot_taxon_9606_homo_sapiens.json
P20592,DP03385,Homo sapiens,9606,Human,Interferon-induced GTP-binding protein Mx2,MX2,715,715,3,115,115,0.16083916083916083,0.16083916083916083,0.16083916083916083,0.15524475524475526,True,False,UPI0000001C2D,UniRef50_P20592,2021_12,disprot_taxon_9606_homo_sapiens.json
Q9Y237-2,DP03386,Homo sapiens,9606,Human,Isoform 2 of Peptidyl-prolyl cis-trans isomerase NIMA-interacting 4,PIN4,156,156,3,59,59,0.3782051282051282,0.3782051282051282,0.3782051282051282,,False,False,UPI00002263A9,,2021_12,disprot_taxon_9606_homo_sapiens.json
Q9Y237-1,DP03387,Homo sapiens,9606,Human,Isoform 1 of Peptidyl-prolyl cis-trans isomerase NIMA-interacting 4,PIN4,131,131,1,35,35,0.26717557251908397,0.26717557251908397,0.26717557251908397,,False,False,UPI0000131AF2,,2021_12,disprot_taxon_9606_homo_sapiens.json
Q9UBT3,DP03389,Homo sapiens,9606,Human,Dickkopf-related protein 4,DKK4,224,224,3,67,67,0.29910714285714285,0.29910714285714285,0.29910714285714285,0.20535714285714285,True,False,UPI0000051057,UniRef50_Q9UBT3,2021_12,disprot_taxon_9606_homo_sapiens.json
O60493,DP03394,Homo sapiens,9606,Human,Sorting nexin-3,SNX3,162,162,2,44,44,0.2716049382716049,0.2716049382716049,0.2716049382716049,0.006172839506172839,True,False,UPI00000013A7,UniRef50_O60493,2021_12,disprot_taxon_9606_homo_sapiens.json
P13051-1,DP03397,Homo sapiens,9606,Human,Isoform 2 of Uracil-DNA glycosylase,UNG,313,313,1,92,92,0.2939297124600639,0.2939297124600639,0.2939297124600639,,False,False,UPI000002E951,,2021_12,disprot_taxon_9606_homo_sapiens.json
P60484-2,DP03399,Homo sapiens,9606,Human,"Isoform alpha of Phosphatidylinositol 3,4,5-trisphosphate 3-phosphatase and dual-specificity protein phosphatase PTEN",PTEN,576,576,3,145,145,0.2517361111111111,0.2517361111111111,0.2517361111111111,,False,False,UPI0002578083,,2021_12,disprot_taxon_9606_homo_sapiens.json
Q9H4L7,DP03400,Homo sapiens,9606,Human,SWI/SNF-related matrix-associated actin-dependent regulator of chromatin subfamily A containing DEAD/H box 1,SMARCAD1,1026,1026,3,93,93,0.09064327485380116,0.09064327485380116,0.09064327485380116,0.29922027290448344,True,False,UPI000013E22F,UniRef50_Q9H4L7,2023_12,disprot_taxon_9606_homo_sapiens.json
Q8WXS3-1,DP03403,Homo sapiens,9606,Human,Isoform 2 of Brain and acute leukemia cytoplasmic protein,BAALC,180,180,1,180,180,1.0,1.0,1.0,,False,False,UPI0000071FE0,,2023_12,disprot_taxon_9606_homo_sapiens.json
P56211,DP03404,Homo sapiens,9606,Human,cAMP-regulated phosphoprotein 19,ARPP19,112,112,22,112,112,1.0,1.0,1.0,0.07142857142857142,True,False,UPI000000030A,UniRef50_P56211,2023_12,disprot_taxon_9606_homo_sapiens.json
P56211-2,DP03405,Homo sapiens,9606,Human,Isoform ARPP-16 of cAMP-regulated phosphoprotein 19,ARPP19,96,96,1,96,96,1.0,1.0,1.0,,False,False,UPI00001FE4F6,,2023_12,disprot_taxon_9606_homo_sapiens.json
P51397,DP03407,Homo sapiens,9606,Human,Death-associated protein 1,DAP,102,102,1,102,102,1.0,1.0,1.0,0.06862745098039216,True,False,UPI0000128E2E,UniRef50_P51397,2023_12,disprot_taxon_9606_homo_sapiens.json
P10997,DP03417,Homo sapiens,9606,Human,Islet amyloid polypeptide,IAPP,89,89,9,67,67,0.7528089887640449,0.7528089887640449,0.7528089887640449,0.0,True,False,UPI000012D0C4,UniRef50_P10997,2021_12,disprot_taxon_9606_homo_sapiens.json
Q96PU8-9,DP03418,Homo sapiens,9606,Human,Isoform 6 of Protein quaking,QKI,319,319,2,115,115,0.3605015673981191,0.3605015673981191,0.3605015673981191,,False,False,UPI0000071672,,2021_12,disprot_taxon_9606_homo_sapiens.json
P80303,DP03424,Homo sapiens,9606,Human,Nucleobindin-2,NUCB2,420,420,12,231,231,0.55,0.55,0.55,0.09047619047619047,True,False,UPI000013D6B1,UniRef50_P80303,2023_12,disprot_taxon_9606_homo_sapiens.json
P25024,DP03426,Homo sapiens,9606,Human,C-X-C chemokine receptor type 1,CXCR1,350,350,7,54,54,0.15428571428571428,0.15428571428571428,0.15428571428571428,0.1,True,False,UPI0000043589,UniRef50_P35407,2021_12,disprot_taxon_9606_homo_sapiens.json
P31327,DP03427,Homo sapiens,9606,Human,"Carbamoyl-phosphate synthase [ammonia], mitochondrial",CPS1,1500,1500,8,76,76,0.050666666666666665,0.050666666666666665,0.050666666666666665,0.03133333333333333,True,False,UPI0000156409,UniRef50_P31327,2021_12,disprot_taxon_9606_homo_sapiens.json
P40763,DP03428,Homo sapiens,9606,Human,Signal transducer and activator of transcription 3,STAT3,770,770,2,34,34,0.04415584415584416,0.04415584415584416,0.04415584415584416,0.1025974025974026,True,False,UPI00000473FD,UniRef50_P40763,2021_12,disprot_taxon_9606_homo_sapiens.json
Q13153,DP03433,Homo sapiens,9606,Human,Serine/threonine-protein kinase PAK 1,PAK1,545,545,18,264,264,0.48440366972477067,0.48440366972477067,0.48440366972477067,0.30825688073394497,True,False,,UniRef50_Q13153,2021_12,disprot_taxon_9606_homo_sapiens.json
Q9UPP1,DP03444,Homo sapiens,9606,Human,Histone lysine demethylase PHF8,PHF8,1060,1060,2,13,13,0.012264150943396227,0.012264150943396227,0.012264150943396227,0.5386792452830189,True,False,,UniRef50_Q9UPP1,2021_12,disprot_taxon_9606_homo_sapiens.json
Q9NR48,DP03446,Homo sapiens,9606,Human,Histone-lysine N-methyltransferase ASH1L,ASH1L,2969,2969,10,42,42,0.014146177164028292,0.014146177164028292,0.014146177164028292,,False,False,,UniRef50_Q9NR48,2023_06,disprot_taxon_9606_homo_sapiens.json
Q13177,DP03447,Homo sapiens,9606,Human,Serine/threonine-protein kinase PAK 2,PAK2,524,524,15,240,240,0.4580152671755725,0.4580152671755725,0.4580152671755725,0.2881679389312977,True,False,,UniRef50_Q13177,2021_12,disprot_taxon_9606_homo_sapiens.json
P56524,DP03448,Homo sapiens,9606,Human,Histone deacetylase 4,HDAC4,1084,1084,2,56,56,0.05166051660516605,0.05166051660516605,0.05166051660516605,0.4474169741697417,True,False,,UniRef50_P56524,2021_12,disprot_taxon_9606_homo_sapiens.json
P21675-1,DP03451,Homo sapiens,9606,Human,Transcription initiation factor TFIID subunit 1,TAF1,1872,1872,2,95,95,0.05074786324786325,0.05074786324786325,0.05074786324786325,0.4188034188034188,True,False,,UniRef50_P21675,2021_12,disprot_taxon_9606_homo_sapiens.json
Q6P1X5,DP03452,Homo sapiens,9606,Human,Transcription initiation factor TFIID subunit 2,TAF2,1199,1199,1,223,223,0.1859883236030025,0.1859883236030025,0.1859883236030025,0.195162635529608,True,False,,UniRef50_Q6P1X5,2023_06,disprot_taxon_9606_homo_sapiens.json
P51513,DP03453,Homo sapiens,9606,Human,RNA-binding protein Nova-1,NOVA1,507,507,1,19,19,0.03747534516765286,0.03747534516765286,0.03747534516765286,0.40631163708086787,True,False,,UniRef50_Q9JKN6,2021_12,disprot_taxon_9606_homo_sapiens.json
Q9UBP0,DP03454,Homo sapiens,9606,Human,Spastin,SPAST,616,616,4,96,96,0.15584415584415584,0.15584415584415584,0.15584415584415584,0.22727272727272727,True,False,,UniRef50_Q9UBP0,2021_12,disprot_taxon_9606_homo_sapiens.json
O00189,DP03455,Homo sapiens,9606,Human,AP-4 complex subunit mu-1,AP4M1,453,453,3,41,41,0.09050772626931568,0.09050772626931568,0.09050772626931568,0.0728476821192053,True,False,,UniRef50_O00189,2021_12,disprot_taxon_9606_homo_sapiens.json
P27635,DP03456,Homo sapiens,9606,Human,60S ribosomal protein L10,RPL10,214,214,1,29,29,0.13551401869158877,0.13551401869158877,0.13551401869158877,0.0,True,False,,UniRef50_P27635,2021_12,disprot_taxon_9606_homo_sapiens.json
Q15542,DP03459,Homo sapiens,9606,Human,Transcription initiation factor TFIID subunit 5,TAF5,800,800,2,49,49,0.06125,0.06125,0.06125,0.25875,True,False,,UniRef50_Q15542,2021_12,disprot_taxon_9606_homo_sapiens.json
Q9GZZ9,DP03487,Homo sapiens,9606,Human,Ubiquitin-like modifier-activating enzyme 5,UBA5,404,404,19,80,80,0.19801980198019803,0.19801980198019803,0.19801980198019803,0.04702970297029703,True,False,,UniRef50_Q9GZZ9,2021_12,disprot_taxon_9606_homo_sapiens.json
P43026,DP03488,Homo sapiens,9606,Human,Growth/differentiation factor 5,GDF5,501,501,1,15,15,0.029940119760479042,0.029940119760479042,0.029940119760479042,0.29740518962075846,True,False,,UniRef50_P43026,2023_12,disprot_taxon_9606_homo_sapiens.json
P18075,DP03490,Homo sapiens,9606,Human,Bone morphogenetic protein 7,BMP7,431,431,1,35,35,0.08120649651972157,0.08120649651972157,0.08120649651972157,0.22041763341067286,True,False,,UniRef50_P18075,2021_12,disprot_taxon_9606_homo_sapiens.json
P27361,DP03497,Homo sapiens,9606,Human,Mitogen-activated protein kinase 3,MAPK3,379,379,1,23,23,0.06068601583113457,0.06068601583113457,0.06068601583113457,0.079155672823219,True,False,,UniRef50_P28482,2021_12,disprot_taxon_9606_homo_sapiens.json
Q04637-8,DP03499,Homo sapiens,9606,Human,Isoform 8 of Eukaryotic translation initiation factor 4 gamma 1,EIF4G1,1600,1600,3,165,165,0.103125,0.103125,0.103125,,False,False,,,2021_12,disprot_taxon_9606_homo_sapiens.json
P49753,DP03510,Homo sapiens,9606,Human,"Acyl-coenzyme A thioesterase 2, mitochondrial",ACOT2,483,483,2,22,22,0.045548654244306416,0.045548654244306416,0.045548654244306416,0.12836438923395446,True,False,,UniRef50_P49753,2023_12,disprot_taxon_9606_homo_sapiens.json
P18827,DP03512,Homo sapiens,9606,Human,Syndecan-1,SDC1,310,310,6,232,232,0.7483870967741936,0.7483870967741936,0.7483870967741936,0.45806451612903226,True,False,,UniRef50_P18827,2023_12,disprot_taxon_9606_homo_sapiens.json
P34741,DP03513,Homo sapiens,9606,Human,Syndecan-2,SDC2,201,201,6,126,126,0.6268656716417911,0.6268656716417911,0.6268656716417911,0.30845771144278605,True,False,,UniRef50_P34741,2023_12,disprot_taxon_9606_homo_sapiens.json
O75056,DP03514,Homo sapiens,9606,Human,Syndecan-3,SDC3,442,442,6,341,341,0.7714932126696833,0.7714932126696833,0.7714932126696833,0.5294117647058824,True,False,,UniRef50_O75056,2023_12,disprot_taxon_9606_homo_sapiens.json
P31431-2,DP03515,Homo sapiens,9606,Human,Isoform 2 of Syndecan-4,SDC4,153,153,6,135,135,0.8823529411764706,0.8823529411764706,0.8823529411764706,,False,False,,,2023_12,disprot_taxon_9606_homo_sapiens.json
Q9NP98,DP03529,Homo sapiens,9606,Human,Myozenin-1,MYOZ1,299,299,23,299,299,1.0,1.0,1.0,0.38461538461538464,True,False,,UniRef50_Q9NP98,2021_12,disprot_taxon_9606_homo_sapiens.json
P49789,DP03531,Homo sapiens,9606,Human,Bis(5'-adenosyl)-triphosphatase,FHIT,147,147,3,21,21,0.14285714285714285,0.14285714285714285,0.14285714285714285,0.0,True,False,,UniRef50_P49789,2021_12,disprot_taxon_9606_homo_sapiens.json
Q68J44,DP03532,Homo sapiens,9606,Human,Dual specificity phosphatase 29,DUSP29,220,220,2,44,44,0.2,0.2,0.2,0.1318181818181818,True,False,,UniRef50_Q68J44,2021_12,disprot_taxon_9606_homo_sapiens.json
O95147,DP03533,Homo sapiens,9606,Human,Dual specificity protein phosphatase 14,DUSP14,198,198,1,22,22,0.1111111111111111,0.1111111111111111,0.1111111111111111,0.1414141414141414,True,False,,UniRef50_O95147,2021_12,disprot_taxon_9606_homo_sapiens.json
P10636-2,DP03552,Homo sapiens,9606,Human,Isoform Fetal-tau of Microtubule-associated protein tau,MAPT,352,352,1,352,352,1.0,1.0,1.0,,False,False,,,2021_12,disprot_taxon_9606_homo_sapiens.json
O94829,DP03553,Homo sapiens,9606,Human,Importin-13,IPO13,963,963,2,36,36,0.037383177570093455,0.037383177570093455,0.037383177570093455,0.03842159916926272,True,False,,UniRef50_O94829,2023_12,disprot_taxon_9606_homo_sapiens.json
Q9UKK9,DP03554,Homo sapiens,9606,Human,ADP-sugar pyrophosphatase,NUDT5,219,219,1,13,13,0.0593607305936073,0.0593607305936073,0.0593607305936073,0.0502283105022831,True,False,,UniRef50_Q9UKK9,2021_12,disprot_taxon_9606_homo_sapiens.json
P35813,DP03556,Homo sapiens,9606,Human,Protein phosphatase 1A,PPM1A,382,382,1,14,14,0.03664921465968586,0.03664921465968586,0.03664921465968586,0.034031413612565446,True,False,,UniRef50_P35813,2021_12,disprot_taxon_9606_homo_sapiens.json
Q96C86,DP03588,Homo sapiens,9606,Human,m7GpppX diphosphatase,DCPS,337,337,1,37,37,0.10979228486646884,0.10979228486646884,0.10979228486646884,0.10682492581602374,True,False,,,2023_06,disprot_taxon_9606_homo_sapiens.json
P47897,DP03589,Homo sapiens,9606,Human,Glutamine--tRNA ligase,QARS1,775,775,2,34,34,0.04387096774193548,0.04387096774193548,0.04387096774193548,0.03870967741935484,True,False,,,2023_06,disprot_taxon_9606_homo_sapiens.json
P50579,DP03594,Homo sapiens,9606,Human,Methionine aminopeptidase 2,METAP2,478,478,2,123,123,0.25732217573221755,0.25732217573221755,0.25732217573221755,0.19665271966527198,True,False,,,2023_12,disprot_taxon_9606_homo_sapiens.json
Q9NZD4,DP03619,Homo sapiens,9606,Human,Alpha-hemoglobin-stabilizing protein,AHSP,102,102,1,11,11,0.10784313725490197,0.10784313725490197,0.10784313725490197,0.0,True,False,,,2023_12,disprot_taxon_9606_homo_sapiens.json
Q12962,DP03622,Homo sapiens,9606,Human,Transcription initiation factor TFIID subunit 10,TAF10,218,218,5,136,136,0.6238532110091743,0.6238532110091743,0.6238532110091743,0.3623853211009174,True,False,,,2023_12,disprot_taxon_9606_homo_sapiens.json
Q6ZMT4,DP03624,Homo sapiens,9606,Human,Lysine-specific demethylase 7A,KDM7A,941,941,1,31,31,0.03294367693942614,0.03294367693942614,0.03294367693942614,0.47396386822529224,True,False,,,2023_12,disprot_taxon_9606_homo_sapiens.json
O15054,DP03626,Homo sapiens,9606,Human,Lysine-specific demethylase 6B,KDM6B,1643,1643,4,68,68,0.041387705416920266,0.041387705416920266,0.041387705416920266,0.5934266585514303,True,False,,,2023_06,disprot_taxon_9606_homo_sapiens.json
O15550,DP03627,Homo sapiens,9606,Human,Lysine-specific demethylase 6A,KDM6A,1401,1401,2,30,30,0.021413276231263382,0.021413276231263382,0.021413276231263382,0.35046395431834404,True,False,,,2023_06,disprot_taxon_9606_homo_sapiens.json
P52732,DP03628,Homo sapiens,9606,Human,Kinesin-like protein KIF11,KIF11,1056,1056,11,53,53,0.050189393939393936,0.050189393939393936,0.050189393939393936,0.13352272727272727,True,False,,,2023_06,disprot_taxon_9606_homo_sapiens.json
P07197,DP03630,Homo sapiens,9606,Human,Neurofilament medium polypeptide,NEFM,916,916,3,127,127,0.13864628820960698,0.13864628820960698,0.13864628820960698,0.574235807860262,True,False,,,2023_12,disprot_taxon_9606_homo_sapiens.json
Q92784-2,DP03634,Homo sapiens,9606,Human,Isoform 2 of Zinc finger protein DPF3,DPF3,357,357,6,244,244,0.6834733893557423,0.6834733893557423,0.6834733893557423,,False,False,,,2023_12,disprot_taxon_9606_homo_sapiens.json
P81605,DP03635,Homo sapiens,9606,Human,Dermcidin,DCD,110,110,9,48,48,0.43636363636363634,0.43636363636363634,0.43636363636363634,0.23636363636363636,True,False,,,2023_06,disprot_taxon_9606_homo_sapiens.json
Q8NC51,DP03637,Homo sapiens,9606,Human,Plasminogen activator inhibitor 1 RNA-binding protein,SERBP1,408,408,5,241,241,0.5906862745098039,0.5906862745098039,0.5906862745098039,0.4485294117647059,True,False,,,2023_12,disprot_taxon_9606_homo_sapiens.json
Q9Y4D1,DP03645,Homo sapiens,9606,Human,Disheveled-associated activator of morphogenesis 1,DAAM1,1078,1078,1,29,29,0.026901669758812616,0.026901669758812616,0.026901669758812616,0.13636363636363635,True,False,,,2023_12,disprot_taxon_9606_homo_sapiens.json
Q9UQ80,DP03649,Homo sapiens,9606,Human,Proliferation-associated protein 2G4,PA2G4,394,394,2,32,32,0.08121827411167512,0.08121827411167512,0.08121827411167512,0.04568527918781726,True,False,,,2023_12,disprot_taxon_9606_homo_sapiens.json
Q01484,DP03650,Homo sapiens,9606,Human,Ankyrin-2,ANK2,3957,3957,8,111,111,0.028051554207733132,0.028051554207733132,0.028051554207733132,,False,False,,,2022_06,disprot_taxon_9606_homo_sapiens.json
P63104,DP03654,Homo sapiens,9606,Human,14-3-3 protein zeta/delta,YWHAZ,245,245,5,12,12,0.04897959183673469,0.04897959183673469,0.04897959183673469,0.04081632653061224,True,False,,,2023_12,disprot_taxon_9606_homo_sapiens.json
Q14318,DP03659,Homo sapiens,9606,Human,Peptidyl-prolyl cis-trans isomerase FKBP8,FKBP8,412,412,16,73,73,0.17718446601941748,0.17718446601941748,0.17718446601941748,0.20388349514563106,True,False,,,2022_06,disprot_taxon_9606_homo_sapiens.json
A0A5F9ZHA1,DP03660,Homo sapiens,9606,Human,Ankyrin-2,ANK2,1849,1849,8,119,119,0.06435911303407248,0.06435911303407248,0.06435911303407248,,False,False,,,2022_06,disprot_taxon_9606_homo_sapiens.json
Q9BY41,DP03661,Homo sapiens,9606,Human,Histone deacetylase 8,HDAC8,377,377,1,12,12,0.03183023872679045,0.03183023872679045,0.03183023872679045,0.029177718832891247,True,False,,,2023_06,disprot_taxon_9606_homo_sapiens.json
Q12983,DP03666,Homo sapiens,9606,Human,BCL2/adenovirus E1B 19 kDa protein-interacting protein 3,BNIP3,194,194,1,13,13,0.06701030927835051,0.06701030927835051,0.06701030927835051,0.3281853281853282,True,False,,,2022_06,disprot_taxon_9606_homo_sapiens.json
Q4LE39,DP03669,Homo sapiens,9606,Human,AT-rich interactive domain-containing protein 4B,ARID4B,1312,1312,3,42,42,0.03201219512195122,0.03201219512195122,0.03201219512195122,0.614329268292683,True,False,,,2023_12,disprot_taxon_9606_homo_sapiens.json
P56962,DP03670,Homo sapiens,9606,Human,Syntaxin-17,STX17,302,302,15,115,115,0.38079470198675497,0.38079470198675497,0.38079470198675497,0.2947019867549669,True,False,,,2022_06,disprot_taxon_9606_homo_sapiens.json
Q8TDY2,DP03671,Homo sapiens,9606,Human,RB1-inducible coiled-coil protein 1,RB1CC1,1594,1594,5,10,10,0.006273525721455458,0.006273525721455458,0.006273525721455458,0.20075282308657466,True,False,,,2022_06,disprot_taxon_9606_homo_sapiens.json
O95197,DP03672,Homo sapiens,9606,Human,Reticulon-3,RTN3,1032,1032,6,72,72,0.06976744186046512,0.06976744186046512,0.06976744186046512,0.7296511627906976,True,False,,,2022_06,disprot_taxon_9606_homo_sapiens.json
P49023,DP03680,Homo sapiens,9606,Human,Paxillin,PXN,591,591,3,60,60,0.10152284263959391,0.10152284263959391,0.10152284263959391,0.4196277495769882,True,False,,,2022_06,disprot_taxon_9606_homo_sapiens.json
P55285,DP03681,Homo sapiens,9606,Human,Cadherin-6,CDH6,790,790,1,16,16,0.020253164556962026,0.020253164556962026,0.020253164556962026,0.1860759493670886,True,False,,,2022_06,disprot_taxon_9606_homo_sapiens.json
Q13043,DP03682,Homo sapiens,9606,Human,Serine/threonine-protein kinase 4,STK4,487,487,5,76,76,0.15605749486652978,0.15605749486652978,0.15605749486652978,0.2464065708418891,True,False,,,2022_06,disprot_taxon_9606_homo_sapiens.json
Q13137,DP03683,Homo sapiens,9606,Human,Calcium-binding and coiled-coil domain-containing protein 2,CALCOCO2,446,446,19,64,64,0.14349775784753363,0.14349775784753363,0.14349775784753363,0.18834080717488788,True,False,,,2022_06,disprot_taxon_9606_homo_sapiens.json
O00410,DP03687,Homo sapiens,9606,Human,Importin-5,IPO5,1097,1097,2,35,35,0.03190519598906107,0.03190519598906107,0.03190519598906107,0.0009115770282588879,True,False,,,2022_06,disprot_taxon_9606_homo_sapiens.json
Q6DD88,DP03688,Homo sapiens,9606,Human,Atlastin-3,ATL3,541,541,1,21,21,0.038817005545286505,0.038817005545286505,0.038817005545286505,0.05545286506469501,True,False,,,2022_06,disprot_taxon_9606_homo_sapiens.json
P30518,DP03690,Homo sapiens,9606,Human,Vasopressin V2 receptor,AVPR2,371,371,3,29,29,0.07816711590296496,0.07816711590296496,0.07816711590296496,0.18059299191374664,True,False,,,2023_12,disprot_taxon_9606_homo_sapiens.json
Q92847,DP03691,Homo sapiens,9606,Human,Growth hormone secretagogue receptor type 1,GHSR,366,366,3,28,28,0.07650273224043716,0.07650273224043716,0.07650273224043716,0.1092896174863388,True,False,,,2023_12,disprot_taxon_9606_homo_sapiens.json
P07550,DP03692,Homo sapiens,9606,Human,Beta-2 adrenergic receptor,ADRB2,413,413,3,72,72,0.17433414043583534,0.17433414043583534,0.17433414043583534,0.20823244552058112,True,False,,,2023_12,disprot_taxon_9606_homo_sapiens.json
P01732,DP03693,Homo sapiens,9606,Human,T-cell surface glycoprotein CD8 alpha chain,CD8A,235,235,2,55,55,0.23404255319148937,0.23404255319148937,0.23404255319148937,0.12340425531914893,True,False,,,2023_12,disprot_taxon_9606_homo_sapiens.json
Q8IY63,DP03694,Homo sapiens,9606,Human,Angiomotin-like protein 1,AMOTL1,956,956,7,207,207,0.21652719665271966,0.21652719665271966,0.21652719665271966,0.5543933054393305,True,False,,,2023_12,disprot_taxon_9606_homo_sapiens.json
Q07820,DP03697,Homo sapiens,9606,Human,Induced myeloid leukemia cell differentiation protein Mcl-1,MCL1,350,350,3,12,12,0.03428571428571429,0.03428571428571429,0.03428571428571429,0.47714285714285715,True,False,,,2022_06,disprot_taxon_9606_homo_sapiens.json
Q9H9R9,DP03700,Homo sapiens,9606,Human,Dysbindin domain-containing protein 1,DBNDD1,158,158,1,158,158,1.0,1.0,1.0,0.22784810126582278,True,False,,,2023_12,disprot_taxon_9606_homo_sapiens.json
Q9HBA0,DP03701,Homo sapiens,9606,Human,Transient receptor potential cation channel subfamily V member 4,TRPV4,871,871,3,148,148,0.16991963260619977,0.16991963260619977,0.16991963260619977,0.25832376578645233,True,False,,,2023_12,disprot_taxon_9606_homo_sapiens.json
Q8N660,DP03703,Homo sapiens,9606,Human,Neuroblastoma breakpoint family member 15,NBPF15,670,670,5,289,289,0.43134328358208956,0.43134328358208956,0.43134328358208956,0.746268656716418,True,False,,,2023_12,disprot_taxon_9606_homo_sapiens.json
A0A1B0GTR3,DP03704,Homo sapiens,9606,Human,Uncharacterized protein CXorf51A,CXorf51A,108,108,1,108,108,1.0,1.0,1.0,0.027777777777777776,True,False,,,2023_12,disprot_taxon_9606_homo_sapiens.json
Q13480,DP03706,Homo sapiens,9606,Human,GRB2-associated-binding protein 1,GAB1,694,694,5,578,578,0.8328530259365994,0.8328530259365994,0.8328530259365994,0.6325648414985591,True,False,,,2023_12,disprot_taxon_9606_homo_sapiens.json
P17706-2,DP03707,Homo sapiens,9606,Human,Isoform 2 of Tyrosine-protein phosphatase non-receptor type 2,PTPN2,387,387,5,85,85,0.21963824289405684,0.21963824289405684,0.21963824289405684,,False,False,,,2023_12,disprot_taxon_9606_homo_sapiens.json
O96018,DP03709,Homo sapiens,9606,Human,Amyloid-beta A4 precursor protein-binding family A member 3,APBA3,575,575,10,214,214,0.37217391304347824,0.37217391304347824,0.37217391304347824,0.391304347826087,True,False,,,2023_12,disprot_taxon_9606_homo_sapiens.json
Q8NEB9,DP03710,Homo sapiens,9606,Human,Phosphatidylinositol 3-kinase catalytic subunit type 3,PIK3C3,887,887,10,84,84,0.09470124013528748,0.09470124013528748,0.09470124013528748,0.0834272829763247,True,False,,,2022_06,disprot_taxon_9606_homo_sapiens.json
Q9BXW4,DP03711,Homo sapiens,9606,Human,Microtubule-associated proteins 1A/1B light chain 3C,MAP1LC3C,147,147,1,12,12,0.08163265306122448,0.08163265306122448,0.08163265306122448,0.10884353741496598,True,False,,,2022_06,disprot_taxon_9606_homo_sapiens.json
Q99623,DP03712,Homo sapiens,9606,Human,Prohibitin-2,PHB2,299,299,1,20,20,0.06688963210702341,0.06688963210702341,0.06688963210702341,0.023411371237458192,True,False,,,2022_06,disprot_taxon_9606_homo_sapiens.json
Q9H0E2,DP03713,Homo sapiens,9606,Human,Toll-interacting protein,TOLLIP,274,274,7,53,53,0.19343065693430658,0.19343065693430658,0.19343065693430658,0.12043795620437957,True,False,,,2022_06,disprot_taxon_9606_homo_sapiens.json
O15392,DP03719,Homo sapiens,9606,Human,Baculoviral IAP repeat-containing protein 5,BIRC5,142,142,2,99,99,0.6971830985915493,0.6971830985915493,0.6971830985915493,0.007042253521126761,True,False,,,2022_06,disprot_taxon_9606_homo_sapiens.json
P40939,DP03726,Homo sapiens,9606,Human,"Trifunctional enzyme subunit alpha, mitochondrial",HADHA,763,763,1,11,11,0.014416775884665793,0.014416775884665793,0.014416775884665793,0.045871559633027525,True,False,,,2022_06,disprot_taxon_9606_homo_sapiens.json
Q8IYT8,DP03729,Homo sapiens,9606,Human,Serine/threonine-protein kinase ULK2,ULK2,1036,1036,1,10,10,0.009652509652509652,0.009652509652509652,0.009652509652509652,0.525096525096525,True,False,,,2022_06,disprot_taxon_9606_homo_sapiens.json
Q13627,DP03730,Homo sapiens,9606,Human,Dual specificity tyrosine-phosphorylation-regulated kinase 1A,DYRK1A,763,763,5,10,10,0.01310615989515072,0.01310615989515072,0.01310615989515072,0.4705111402359109,True,False,,,2023_06,disprot_taxon_9606_homo_sapiens.json
Q9UHK0,DP03731,Homo sapiens,9606,Human,Nuclear fragile X mental retardation-interacting protein 1,NUFIP1,495,495,3,10,10,0.020202020202020204,0.020202020202020204,0.020202020202020204,0.5656565656565656,True,False,,,2022_06,disprot_taxon_9606_homo_sapiens.json
Q8NER1,DP03732,Homo sapiens,9606,Human,Transient receptor potential cation channel subfamily V member 1,TRPV1,839,839,1,99,99,0.11799761620977355,0.11799761620977355,0.11799761620977355,0.25148986889153757,True,False,,,2023_12,disprot_taxon_9606_homo_sapiens.json
Q9Y5S1,DP03733,Homo sapiens,9606,Human,Transient receptor potential cation channel subfamily V member 2,TRPV2,764,764,1,72,72,0.09424083769633508,0.09424083769633508,0.09424083769633508,0.13481675392670156,True,False,,,2023_12,disprot_taxon_9606_homo_sapiens.json
Q8NET8,DP03734,Homo sapiens,9606,Human,Transient receptor potential cation channel subfamily V member 3,TRPV3,790,790,1,118,118,0.14936708860759493,0.14936708860759493,0.14936708860759493,0.17341772151898735,True,False,,,2023_12,disprot_taxon_9606_homo_sapiens.json
Q8NE35-2,DP03737,Homo sapiens,9606,Human,Isoform 2 of Cytoplasmic polyadenylation element-binding protein 3,CPEB3,684,684,3,426,426,0.6228070175438597,0.6228070175438597,0.6228070175438597,,False,False,,,2023_12,disprot_taxon_9606_homo_sapiens.json
P24588,DP03739,Homo sapiens,9606,Human,A-kinase anchor protein 5,AKAP5,427,427,12,128,128,0.2997658079625293,0.2997658079625293,0.2997658079625293,0.5339578454332553,True,False,,,2023_12,disprot_taxon_9606_homo_sapiens.json
Q96QZ7,DP03743,Homo sapiens,9606,Human,"Membrane-associated guanylate kinase, WW and PDZ domain-containing protein 1",MAGI1,1491,1491,3,26,26,0.017437961099932932,0.017437961099932932,0.017437961099932932,0.4862508383635144,True,False,,,2023_12,disprot_taxon_9606_homo_sapiens.json
Q92871,DP03749,Homo sapiens,9606,Human,Phosphomannomutase 1,PMM1,262,262,1,11,11,0.04198473282442748,0.04198473282442748,0.04198473282442748,0.026717557251908396,True,False,,,2024_06,disprot_taxon_9606_homo_sapiens.json
P36888,DP03756,Homo sapiens,9606,Human,Receptor-type tyrosine-protein kinase FLT3,FLT3,993,993,2,32,32,0.032225579053373615,0.032225579053373615,0.032225579053373615,0.16515609264853978,True,False,,,2022_12,disprot_taxon_9606_homo_sapiens.json
Q96ST2,DP03758,Homo sapiens,9606,Human,Protein IWS1 homolog,IWS1,819,819,10,197,197,0.24053724053724054,0.24053724053724054,0.24053724053724054,0.608058608058608,True,False,,,2024_06,disprot_taxon_9606_homo_sapiens.json
Q15858,DP03805,Homo sapiens,9606,Human,Sodium channel protein type 9 subunit alpha,SCN9A,1988,1988,6,844,844,0.4245472837022133,0.4245472837022133,0.4245472837022133,0.2515090543259557,True,False,,,2023_06,disprot_taxon_9606_homo_sapiens.json
A8K2U0,DP03807,Homo sapiens,9606,Human,Alpha-2-macroglobulin-like protein 1,A2ML1,1454,1454,2,66,66,0.0453920220082531,0.0453920220082531,0.0453920220082531,0.06946354883081156,True,False,,,2023_12,disprot_taxon_9606_homo_sapiens.json
Q00266,DP03811,Homo sapiens,9606,Human,S-adenosylmethionine synthase isoform type-1,MAT1A,395,395,1,13,13,0.03291139240506329,0.03291139240506329,0.03291139240506329,0.02278481012658228,True,False,,,2023_06,disprot_taxon_9606_homo_sapiens.json
Q9BU02,DP03814,Homo sapiens,9606,Human,Thiamine-triphosphatase,THTPA,230,230,1,16,16,0.06956521739130435,0.06956521739130435,0.06956521739130435,0.05652173913043478,True,False,,,2024_06,disprot_taxon_9606_homo_sapiens.json
Q99986,DP03816,Homo sapiens,9606,Human,Serine/threonine-protein kinase VRK1,VRK1,396,396,4,43,43,0.10858585858585859,0.10858585858585859,0.10858585858585859,0.1691919191919192,True,False,,,2023_06,disprot_taxon_9606_homo_sapiens.json
P42658,DP03817,Homo sapiens,9606,Human,Dipeptidyl aminopeptidase-like protein 6,DPP6,865,865,2,26,26,0.03005780346820809,0.03005780346820809,0.03005780346820809,0.11791907514450867,True,False,,,2023_06,disprot_taxon_9606_homo_sapiens.json
P26196,DP03820,Homo sapiens,9606,Human,Probable ATP-dependent RNA helicase DDX6,DDX6,483,483,1,13,13,0.026915113871635612,0.026915113871635612,0.026915113871635612,0.15527950310559005,True,False,,,2023_06,disprot_taxon_9606_homo_sapiens.json
Q9UL18,DP03821,Homo sapiens,9606,Human,Protein argonaute-1,AGO1,857,857,3,51,51,0.059509918319719954,0.059509918319719954,0.059509918319719954,0.040840140023337225,True,False,,,2023_06,disprot_taxon_9606_homo_sapiens.json
P78563,DP03822,Homo sapiens,9606,Human,Double-stranded RNA-specific editase 1,ADARB1,741,741,6,49,49,0.06612685560053981,0.06612685560053981,0.06612685560053981,0.27530364372469635,True,False,,,2023_06,disprot_taxon_9606_homo_sapiens.json
P55011,DP03823,Homo sapiens,9606,Human,Solute carrier family 12 member 2,SLC12A2,1212,1212,4,302,302,0.24917491749174916,0.24917491749174916,0.24917491749174916,0.2566006600660066,True,False,,,2023_06,disprot_taxon_9606_homo_sapiens.json
P15056,DP03825,Homo sapiens,9606,Human,Serine/threonine-protein kinase B-raf,BRAF,766,766,9,34,34,0.044386422976501305,0.044386422976501305,0.044386422976501305,0.3825065274151436,True,False,,,2023_06,disprot_taxon_9606_homo_sapiens.json
Q00534,DP03829,Homo sapiens,9606,Human,Cyclin-dependent kinase 6,CDK6,326,326,6,38,38,0.1165644171779141,0.1165644171779141,0.1165644171779141,0.09815950920245399,True,False,,,2023_06,disprot_taxon_9606_homo_sapiens.json
Q9Y5P4,DP03830,Homo sapiens,9606,Human,Ceramide transfer protein,CERT1,624,624,4,114,114,0.18269230769230768,0.18269230769230768,0.18269230769230768,0.20993589743589744,True,False,,,2023_06,disprot_taxon_9606_homo_sapiens.json
Q16740,DP03832,Homo sapiens,9606,Human,"ATP-dependent Clp protease proteolytic subunit, mitochondrial",CLPP,277,277,3,44,44,0.1588447653429603,0.1588447653429603,0.1588447653429603,0.1588447653429603,True,False,,,2023_06,disprot_taxon_9606_homo_sapiens.json
Q9H9E3,DP03833,Homo sapiens,9606,Human,Conserved oligomeric Golgi complex subunit 4,COG4,785,785,1,12,12,0.015286624203821656,0.015286624203821656,0.015286624203821656,0.06751592356687898,True,False,,,2023_06,disprot_taxon_9606_homo_sapiens.json
A4D126,DP03834,Homo sapiens,9606,Human,D-ribitol-5-phosphate cytidylyltransferase,CRPPA,451,451,1,16,16,0.03547671840354767,0.03547671840354767,0.03547671840354767,0.09090909090909091,True,False,,,2023_06,disprot_taxon_9606_homo_sapiens.json
P14868,DP03835,Homo sapiens,9606,Human,"Aspartate--tRNA ligase, cytoplasmic",DARS1,501,501,7,64,64,0.1277445109780439,0.1277445109780439,0.1277445109780439,0.03992015968063872,True,False,,,2023_06,disprot_taxon_9606_homo_sapiens.json
Q6PI48,DP03836,Homo sapiens,9606,Human,"Aspartate--tRNA ligase, mitochondrial",DARS2,645,645,1,15,15,0.023255813953488372,0.023255813953488372,0.023255813953488372,0.07441860465116279,True,False,,,2023_06,disprot_taxon_9606_homo_sapiens.json
P49366,DP03837,Homo sapiens,9606,Human,Deoxyhypusine synthase,DHPS,369,369,3,44,44,0.11924119241192412,0.11924119241192412,0.11924119241192412,0.02168021680216802,True,False,,,2023_06,disprot_taxon_9606_homo_sapiens.json
O00548,DP03838,Homo sapiens,9606,Human,Delta-like protein 1,DLL1,723,723,1,109,109,0.1507607192254495,0.1507607192254495,0.1507607192254495,0.22130013831258644,True,False,,,2023_06,disprot_taxon_9606_homo_sapiens.json
Q92785,DP03839,Homo sapiens,9606,Human,Zinc finger protein ubi-d4,DPF2,391,391,1,15,15,0.03836317135549872,0.03836317135549872,0.03836317135549872,0.3145780051150895,True,False,,,2023_06,disprot_taxon_9606_homo_sapiens.json
P07814,DP03841,Homo sapiens,9606,Human,Bifunctional glutamate/proline--tRNA ligase,EPRS1,1512,1512,5,28,28,0.018518518518518517,0.018518518518518517,0.018518518518518517,0.10383597883597884,True,False,,,2023_06,disprot_taxon_9606_homo_sapiens.json
P37268,DP03842,Homo sapiens,9606,Human,Squalene synthase,FDFT1,417,417,1,13,13,0.03117505995203837,0.03117505995203837,0.03117505995203837,0.02877697841726619,True,False,,,2023_06,disprot_taxon_9606_homo_sapiens.json
Q9BYC5,DP03843,Homo sapiens,9606,Human,"Alpha-(1,6)-fucosyltransferase",FUT8,575,575,3,67,67,0.11652173913043479,0.11652173913043479,0.11652173913043479,0.017391304347826087,True,False,,,2023_06,disprot_taxon_9606_homo_sapiens.json
P07902,DP03845,Homo sapiens,9606,Human,Galactose-1-phosphate uridylyltransferase,GALT,379,379,5,49,49,0.12928759894459102,0.12928759894459102,0.12928759894459102,0.0316622691292876,True,False,,,2023_06,disprot_taxon_9606_homo_sapiens.json
O94925,DP03847,Homo sapiens,9606,Human,"Glutaminase kidney isoform, mitochondrial",GLS,669,669,8,90,90,0.13452914798206278,0.13452914798206278,0.13452914798206278,0.23019431988041852,True,False,,,2023_06,disprot_taxon_9606_homo_sapiens.json
Q9NQX3,DP03848,Homo sapiens,9606,Human,Gephyrin,GPHN,736,736,1,12,12,0.016304347826086956,0.016304347826086956,0.016304347826086956,0.17255434782608695,True,False,,,2023_06,disprot_taxon_9606_homo_sapiens.json
P00492,DP03849,Homo sapiens,9606,Human,Hypoxanthine-guanine phosphoribosyltransferase,HPRT1,218,218,4,22,22,0.10091743119266056,0.10091743119266056,0.10091743119266056,0.04128440366972477,True,False,,,2023_06,disprot_taxon_9606_homo_sapiens.json
P14678,DP03851,Homo sapiens,9606,Human,Small nuclear ribonucleoprotein-associated proteins B and B',SNRPB,240,240,5,172,172,0.7166666666666667,0.7166666666666667,0.7166666666666667,0.14583333333333334,True,False,,,2023_06,disprot_taxon_9606_homo_sapiens.json
Q99714,DP03854,Homo sapiens,9606,Human,3-hydroxyacyl-CoA dehydrogenase type-2,HSD17B10,261,261,3,40,40,0.1532567049808429,0.1532567049808429,0.1532567049808429,0.0038314176245210726,True,False,,,2023_06,disprot_taxon_9606_homo_sapiens.json
P35475,DP03856,Homo sapiens,9606,Human,Alpha-L-iduronidase,IDUA,653,653,2,11,11,0.016845329249617153,0.016845329249617153,0.016845329249617153,0.036753445635528334,True,False,,,2023_06,disprot_taxon_9606_homo_sapiens.json
P05019,DP03857,Homo sapiens,9606,Human,Insulin-like growth factor I,IGF1,195,195,1,21,21,0.1076923076923077,0.1076923076923077,0.1076923076923077,0.2717948717948718,True,False,,,2023_06,disprot_taxon_9606_homo_sapiens.json
Q2M1P5,DP03859,Homo sapiens,9606,Human,Kinesin-like protein KIF7,KIF7,1343,1343,4,220,220,0.16381236038719285,0.16381236038719285,0.16381236038719285,0.2933730454206999,True,False,,,2023_06,disprot_taxon_9606_homo_sapiens.json
P01116,DP03860,Homo sapiens,9606,Human,GTPase KRas,KRAS,189,189,4,34,34,0.17989417989417988,0.17989417989417988,0.17989417989417988,0.010582010582010581,True,False,,,2023_06,disprot_taxon_9606_homo_sapiens.json
P36776,DP03861,Homo sapiens,9606,Human,"Lon protease homolog, mitochondrial",LONP1,959,959,2,172,172,0.17935349322210636,0.17935349322210636,0.17935349322210636,0.16996871741397288,True,False,,,2023_06,disprot_taxon_9606_homo_sapiens.json
P21397,DP03862,Homo sapiens,9606,Human,Amine oxidase [flavin-containing] A,MAOA,527,527,3,74,74,0.14041745730550284,0.14041745730550284,0.14041745730550284,0.017077798861480076,True,False,,,2023_06,disprot_taxon_9606_homo_sapiens.json
O43318,DP03863,Homo sapiens,9606,Human,Mitogen-activated protein kinase kinase kinase 7,MAP3K7,606,606,2,28,28,0.0462046204620462,0.0462046204620462,0.0462046204620462,0.37293729372937295,True,False,,,2023_06,disprot_taxon_9606_homo_sapiens.json
P28482,DP03864,Homo sapiens,9606,Human,Mitogen-activated protein kinase 1,MAPK1,360,360,2,30,30,0.08333333333333333,0.08333333333333333,0.08333333333333333,0.041666666666666664,True,False,,,2023_06,disprot_taxon_9606_homo_sapiens.json
O95822,DP03865,Homo sapiens,9606,Human,"Malonyl-CoA decarboxylase, mitochondrial",MLYCD,493,493,1,28,28,0.056795131845841784,0.056795131845841784,0.056795131845841784,0.06693711967545639,True,False,,,2023_06,disprot_taxon_9606_homo_sapiens.json
Q8IVH4,DP03866,Homo sapiens,9606,Human,"Methylmalonic aciduria type A protein, mitochondrial",MMAA,418,418,4,28,28,0.06698564593301436,0.06698564593301436,0.06698564593301436,0.18899521531100477,True,False,,,2023_06,disprot_taxon_9606_homo_sapiens.json
Q9Y4U1,DP03867,Homo sapiens,9606,Human,Cyanocobalamin reductase / alkylcobalamin dealkylase,MMACHC,282,282,1,52,52,0.18439716312056736,0.18439716312056736,0.18439716312056736,0.15602836879432624,True,False,,,2023_06,disprot_taxon_9606_homo_sapiens.json
Q9H3L0,DP03868,Homo sapiens,9606,Human,Cobalamin trafficking protein CblD,MMADHC,296,296,2,26,26,0.08783783783783784,0.08783783783783784,0.08783783783783784,0.17229729729729729,True,False,,,2023_06,disprot_taxon_9606_homo_sapiens.json
P22033,DP03869,Homo sapiens,9606,Human,"Methylmalonyl-CoA mutase, mitochondrial",MMUT,750,750,2,24,24,0.032,0.032,0.032,0.042666666666666665,True,False,,,2023_06,disprot_taxon_9606_homo_sapiens.json
O75970,DP03872,Homo sapiens,9606,Human,Multiple PDZ domain protein,MPDZ,2070,2070,1,13,13,0.006280193236714976,0.006280193236714976,0.006280193236714976,0.37777777777777777,True,False,,,2023_06,disprot_taxon_9606_homo_sapiens.json
P42898,DP03873,Homo sapiens,9606,Human,Methylenetetrahydrofolate reductase,MTHFR,656,656,1,11,11,0.01676829268292683,0.01676829268292683,0.01676829268292683,0.06859756097560976,True,False,,,2023_06,disprot_taxon_9606_homo_sapiens.json
P42345,DP03874,Homo sapiens,9606,Human,Serine/threonine-protein kinase mTOR,MTOR,2549,2549,5,233,233,0.09140839544919577,0.09140839544919577,0.09140839544919577,0.10435464888191448,True,False,,,2023_06,disprot_taxon_9606_homo_sapiens.json
Q92913-2,DP03875,Homo sapiens,9606,Human,Isoform 2 of Fibroblast growth factor 13,FGF13,192,192,2,34,34,0.17708333333333334,0.17708333333333334,0.17708333333333334,,False,False,,,2023_06,disprot_taxon_9606_homo_sapiens.json
Q9UBK8,DP03876,Homo sapiens,9606,Human,Methionine synthase reductase,MTRR,698,698,3,80,80,0.11461318051575932,0.11461318051575932,0.11461318051575932,0.10458452722063037,True,False,,,2023_06,disprot_taxon_9606_homo_sapiens.json
O43776,DP03877,Homo sapiens,9606,Human,"Asparagine--tRNA ligase, cytoplasmic",NARS1,548,548,1,13,13,0.023722627737226276,0.023722627737226276,0.023722627737226276,0.0018248175182481751,True,False,,,2023_06,disprot_taxon_9606_homo_sapiens.json
Q15233,DP03878,Homo sapiens,9606,Human,Non-POU domain-containing octamer-binding protein,NONO,471,471,2,13,13,0.027600849256900213,0.027600849256900213,0.027600849256900213,0.2632696390658174,True,False,,,2023_06,disprot_taxon_9606_homo_sapiens.json
O15118,DP03881,Homo sapiens,9606,Human,NPC intracellular cholesterol transporter 1,NPC1,1278,1278,10,164,164,0.12832550860719874,0.12832550860719874,0.12832550860719874,0.03834115805946792,True,False,,,2023_06,disprot_taxon_9606_homo_sapiens.json
P01111,DP03882,Homo sapiens,9606,Human,GTPase NRas,NRAS,189,189,1,12,12,0.06349206349206349,0.06349206349206349,0.06349206349206349,0.037037037037037035,True,False,,,2023_06,disprot_taxon_9606_homo_sapiens.json
O96028,DP03884,Homo sapiens,9606,Human,Histone-lysine N-methyltransferase NSD2,NSD2,1365,1365,3,486,486,0.35604395604395606,0.35604395604395606,0.35604395604395606,0.38974358974358975,True,False,,,2023_06,disprot_taxon_9606_homo_sapiens.json
P49902,DP03885,Homo sapiens,9606,Human,Cytosolic purine 5'-nucleotidase,NT5C2,561,561,9,117,117,0.20855614973262032,0.20855614973262032,0.20855614973262032,0.0213903743315508,True,False,,,2023_06,disprot_taxon_9606_homo_sapiens.json
P61956,DP03888,Homo sapiens,9606,Human,Small ubiquitin-related modifier 2,SUMO2,95,95,3,14,14,0.14736842105263157,0.14736842105263157,0.14736842105263157,0.05263157894736842,True,False,,,2024_06,disprot_taxon_9606_homo_sapiens.json
Q16625,DP03889,Homo sapiens,9606,Human,Occludin,OCLN,522,522,2,33,33,0.06321839080459771,0.06321839080459771,0.06321839080459771,0.3716475095785441,True,False,,,2023_06,disprot_taxon_9606_homo_sapiens.json
Q01968,DP03890,Homo sapiens,9606,Human,Inositol polyphosphate 5-phosphatase OCRL,OCRL,901,901,2,33,33,0.03662597114317425,0.03662597114317425,0.03662597114317425,0.13540510543840178,True,False,,,2023_06,disprot_taxon_9606_homo_sapiens.json
O15294,DP03891,Homo sapiens,9606,Human,UDP-N-acetylglucosamine--peptide N-acetylglucosaminyltransferase 110 kDa subunit,OGT,1046,1046,5,15,15,0.014340344168260038,0.014340344168260038,0.014340344168260038,0.03154875717017208,True,False,,,2023_06,disprot_taxon_9606_homo_sapiens.json
P00439,DP03892,Homo sapiens,9606,Human,Phenylalanine-4-hydroxylase,PAH,452,452,3,20,20,0.04424778761061947,0.04424778761061947,0.04424778761061947,0.0420353982300885,True,False,,,2023_06,disprot_taxon_9606_homo_sapiens.json
O75151,DP03894,Homo sapiens,9606,Human,Lysine-specific demethylase PHF2,PHF2,1096,1096,1,20,20,0.01824817518248175,0.01824817518248175,0.01824817518248175,0.5228102189781022,True,False,,,2023_06,disprot_taxon_9606_homo_sapiens.json
Q13635,DP03896,Homo sapiens,9606,Human,Protein patched homolog 1,PTCH1,1447,1447,8,483,483,0.3337940566689703,0.3337940566689703,0.3337940566689703,0.27021423635107117,True,False,,,2023_06,disprot_taxon_9606_homo_sapiens.json
Q9UII6,DP03897,Homo sapiens,9606,Human,Dual specificity protein phosphatase 13 isoform B,DUSP13,198,198,1,24,24,0.12121212121212122,0.12121212121212122,0.12121212121212122,0.05555555555555555,True,False,,,2024_06,disprot_taxon_9606_homo_sapiens.json
Q8TDP1,DP03907,Homo sapiens,9606,Human,Ribonuclease H2 subunit C,RNASEH2C,164,164,3,44,44,0.2682926829268293,0.2682926829268293,0.2682926829268293,0.12804878048780488,True,False,,,2023_06,disprot_taxon_9606_homo_sapiens.json
P84243,DP03908,Homo sapiens,9606,Human,Histone H3.3,H3-3A,136,136,9,38,38,0.27941176470588236,0.27941176470588236,0.27941176470588236,0.007352941176470588,True,False,,,2023_06,disprot_taxon_9606_homo_sapiens.json
Q14011,DP03917,Homo sapiens,9606,Human,Cold-inducible RNA-binding protein,CIRBP,172,172,2,83,83,0.48255813953488375,0.48255813953488375,0.48255813953488375,0.4069767441860465,True,False,,,2023_12,disprot_taxon_9606_homo_sapiens.json
O15151,DP03919,Homo sapiens,9606,Human,Protein Mdm4,MDM4,490,490,3,120,120,0.24489795918367346,0.24489795918367346,0.24489795918367346,0.5510204081632653,True,False,,,2023_12,disprot_taxon_9606_homo_sapiens.json
Q13586,DP03922,Homo sapiens,9606,Human,Stromal interaction molecule 1,STIM1,685,685,1,10,10,0.014598540145985401,0.014598540145985401,0.014598540145985401,0.345985401459854,True,False,,,2023_06,disprot_taxon_9606_homo_sapiens.json
P78352,DP03924,Homo sapiens,9606,Human,Disks large homolog 4,DLG4,724,724,1,71,71,0.09806629834254144,0.09806629834254144,0.09806629834254144,0.19751381215469613,True,False,,,2023_06,disprot_taxon_9606_homo_sapiens.json
P81274,DP03926,Homo sapiens,9606,Human,G-protein-signaling modulator 2,GPSM2,684,684,2,147,147,0.2149122807017544,0.2149122807017544,0.2149122807017544,0.46637426900584794,True,False,,,2023_06,disprot_taxon_9606_homo_sapiens.json
Q7RTN6,DP03928,Homo sapiens,9606,Human,STE20-related kinase adapter protein alpha,STRADA,431,431,3,79,79,0.18329466357308585,0.18329466357308585,0.18329466357308585,0.21345707656612528,True,False,,,2023_06,disprot_taxon_9606_homo_sapiens.json
Q9NRI5,DP03931,Homo sapiens,9606,Human,Disrupted in schizophrenia 1 protein,DISC1,854,854,1,54,54,0.06323185011709602,0.06323185011709602,0.06323185011709602,0.47423887587822017,True,False,,,2024_06,disprot_taxon_9606_homo_sapiens.json
P29353-2,DP03938,Homo sapiens,9606,Human,Isoform p52Shc of SHC-transforming protein 1,SHC1,473,473,3,57,57,0.12050739957716702,0.12050739957716702,0.12050739957716702,,False,False,,,2024_06,disprot_taxon_9606_homo_sapiens.json
P19525,DP03944,Homo sapiens,9606,Human,"Interferon-induced, double-stranded RNA-activated protein kinase",EIF2AK2,551,551,10,147,147,0.26678765880217786,0.26678765880217786,0.26678765880217786,0.20508166969147004,True,False,,,2023_06,disprot_taxon_9606_homo_sapiens.json
Q16620,DP03945,Homo sapiens,9606,Human,BDNF/NT-3 growth factors receptor,NTRK2,822,822,1,42,42,0.051094890510948905,0.051094890510948905,0.051094890510948905,0.18856447688564476,True,False,,,2023_06,disprot_taxon_9606_homo_sapiens.json
Q9Y6K1,DP03946,Homo sapiens,9606,Human,DNA (cytosine-5)-methyltransferase 3A,DNMT3A,912,912,6,35,35,0.03837719298245614,0.03837719298245614,0.03837719298245614,0.3190789473684211,True,False,,,2023_06,disprot_taxon_9606_homo_sapiens.json
O15294-3,DP03949,Homo sapiens,9606,Human,Isoform 1 of UDP-N-acetylglucosamine--peptide N-acetylglucosaminyltransferase 110 kDa subunit,OGT,1036,1036,5,92,92,0.0888030888030888,0.0888030888030888,0.0888030888030888,,False,False,,,2023_06,disprot_taxon_9606_homo_sapiens.json
Q13224,DP03952,Homo sapiens,9606,Human,"Glutamate receptor ionotropic, NMDA 2B",GRIN2B,1484,1484,4,75,75,0.05053908355795148,0.05053908355795148,0.05053908355795148,0.4440700808625337,True,False,,,2023_06,disprot_taxon_9606_homo_sapiens.json
P43034,DP03953,Homo sapiens,9606,Human,Platelet-activating factor acetylhydrolase IB subunit beta,PAFAH1B1,410,410,2,10,10,0.024390243902439025,0.024390243902439025,0.024390243902439025,0.014634146341463415,True,False,,,2023_06,disprot_taxon_9606_homo_sapiens.json
P33897,DP03955,Homo sapiens,9606,Human,ATP-binding cassette sub-family D member 1,ABCD1,745,745,4,172,172,0.23087248322147652,0.23087248322147652,0.23087248322147652,0.10335570469798658,True,False,,,2023_06,disprot_taxon_9606_homo_sapiens.json
O14678,DP03956,Homo sapiens,9606,Human,Lysosomal cobalamin transporter ABCD4,ABCD4,606,606,3,38,38,0.0627062706270627,0.0627062706270627,0.0627062706270627,0.054455445544554455,True,False,,,2023_06,disprot_taxon_9606_homo_sapiens.json
P60709,DP03957,Homo sapiens,9606,Human,"Actin, cytoplasmic 1",ACTB,375,375,1,46,46,0.12266666666666666,0.12266666666666666,0.12266666666666666,0.0,True,False,,,2023_06,disprot_taxon_9606_homo_sapiens.json
O96019,DP03958,Homo sapiens,9606,Human,Actin-like protein 6A,ACTL6A,429,429,8,87,87,0.20279720279720279,0.20279720279720279,0.20279720279720279,0.055944055944055944,True,False,,,2023_06,disprot_taxon_9606_homo_sapiens.json
Q9Y653,DP03959,Homo sapiens,9606,Human,Adhesion G-protein coupled receptor G1,ADGRG1,693,693,2,41,41,0.05916305916305916,0.05916305916305916,0.05916305916305916,0.10245310245310245,True,False,,,2023_06,disprot_taxon_9606_homo_sapiens.json
P55263,DP03960,Homo sapiens,9606,Human,Adenosine kinase,ADK,362,362,1,15,15,0.04143646408839779,0.04143646408839779,0.04143646408839779,0.04419889502762431,True,False,,,2023_06,disprot_taxon_9606_homo_sapiens.json
Q9NX46,DP03961,Homo sapiens,9606,Human,ADP-ribosylhydrolase ARH3,ADPRS,363,363,2,23,23,0.06336088154269973,0.06336088154269973,0.06336088154269973,0.03856749311294766,True,False,,,2023_06,disprot_taxon_9606_homo_sapiens.json
P30566,DP03962,Homo sapiens,9606,Human,Adenylosuccinate lyase,ADSL,484,484,2,22,22,0.045454545454545456,0.045454545454545456,0.045454545454545456,0.010330578512396695,True,False,,,2023_06,disprot_taxon_9606_homo_sapiens.json
O95831,DP03963,Homo sapiens,9606,Human,"Apoptosis-inducing factor 1, mitochondrial",AIFM1,613,613,9,99,99,0.16150081566068517,0.16150081566068517,0.16150081566068517,0.14192495921696574,True,False,,,2023_06,disprot_taxon_9606_homo_sapiens.json
P47895,DP03964,Homo sapiens,9606,Human,Aldehyde dehydrogenase family 1 member A3,ALDH1A3,512,512,2,26,26,0.05078125,0.05078125,0.05078125,0.03125,True,False,,,2023_06,disprot_taxon_9606_homo_sapiens.json
P30038,DP03965,Homo sapiens,9606,Human,"Delta-1-pyrroline-5-carboxylate dehydrogenase, mitochondrial",ALDH4A1,563,563,2,38,38,0.0674955595026643,0.0674955595026643,0.0674955595026643,0.028419182948490232,True,False,,,2023_06,disprot_taxon_9606_homo_sapiens.json
P49419,DP03966,Homo sapiens,9606,Human,Alpha-aminoadipic semialdehyde dehydrogenase,ALDH7A1,539,539,3,35,35,0.06493506493506493,0.06493506493506493,0.06493506493506493,0.05380333951762523,True,False,,,2023_06,disprot_taxon_9606_homo_sapiens.json
Q96BT7,DP03967,Homo sapiens,9606,Human,Alkylated DNA repair protein alkB homolog 8,ALKBH8,664,664,2,25,25,0.03765060240963856,0.03765060240963856,0.03765060240963856,0.13855421686746988,True,False,,,2023_06,disprot_taxon_9606_homo_sapiens.json
Q01433,DP03968,Homo sapiens,9606,Human,AMP deaminase 2,AMPD2,825,825,3,73,73,0.08848484848484849,0.08848484848484849,0.08848484848484849,0.2229806598407281,True,False,,,2023_06,disprot_taxon_9606_homo_sapiens.json
Q9H1A4,DP03969,Homo sapiens,9606,Human,Anaphase-promoting complex subunit 1,ANAPC1,1944,1944,18,535,535,0.2752057613168724,0.2752057613168724,0.2752057613168724,0.16203703703703703,True,False,,,2023_06,disprot_taxon_9606_homo_sapiens.json
Q9NW15,DP03970,Homo sapiens,9606,Human,Anoctamin-10,ANO10,660,660,5,46,46,0.0696969696969697,0.0696969696969697,0.0696969696969697,0.022727272727272728,True,False,,,2023_06,disprot_taxon_9606_homo_sapiens.json
Q10567,DP03971,Homo sapiens,9606,Human,AP-1 complex subunit beta-1,AP1B1,949,949,2,13,13,0.0136986301369863,0.0136986301369863,0.0136986301369863,0.1327713382507903,True,False,,,2023_06,disprot_taxon_9606_homo_sapiens.json
P14867,DP03975,Homo sapiens,9606,Human,Gamma-aminobutyric acid receptor subunit alpha-1,GABRA1,456,456,1,60,60,0.13157894736842105,0.13157894736842105,0.13157894736842105,0.16228070175438597,True,False,,,2023_06,disprot_taxon_9606_homo_sapiens.json
P28472,DP03976,Homo sapiens,9606,Human,Gamma-aminobutyric acid receptor subunit beta-3,GABRB3,473,473,1,102,102,0.2156448202959831,0.2156448202959831,0.2156448202959831,0.1839323467230444,True,False,,,2023_06,disprot_taxon_9606_homo_sapiens.json
P18507,DP03977,Homo sapiens,9606,Human,Gamma-aminobutyric acid receptor subunit gamma-2,GABRG2,475,475,2,147,147,0.3094736842105263,0.3094736842105263,0.3094736842105263,0.25267665952890794,True,False,,,2023_06,disprot_taxon_9606_homo_sapiens.json
Q86WX3,DP03988,Homo sapiens,9606,Human,Active regulator of SIRT1,RPS19BP1,136,136,6,136,136,1.0,1.0,1.0,0.11029411764705882,True,False,,,2024_06,disprot_taxon_9606_homo_sapiens.json
Q92597,DP03990,Homo sapiens,9606,Human,Protein NDRG1,NDRG1,394,394,4,83,83,0.21065989847715735,0.21065989847715735,0.21065989847715735,0.2563451776649746,True,False,,,2024_12,disprot_taxon_9606_homo_sapiens.json
Q9UN86,DP03991,Homo sapiens,9606,Human,Ras GTPase-activating protein-binding protein 2,G3BP2,482,482,1,10,10,0.02074688796680498,0.02074688796680498,0.02074688796680498,0.42323651452282157,True,False,,,2023_12,disprot_taxon_9606_homo_sapiens.json
Q6BDI9,DP04022,Homo sapiens,9606,Human,Rab15 effector protein,REP15,236,236,2,28,28,0.11864406779661017,0.11864406779661017,0.11864406779661017,0.13135593220338984,True,False,,,2024_06,disprot_taxon_9606_homo_sapiens.json
P37837,DP04027,Homo sapiens,9606,Human,Transaldolase,TALDO1,337,337,1,10,10,0.02967359050445104,0.02967359050445104,0.02967359050445104,0.026706231454005934,True,False,,,2024_06,disprot_taxon_9606_homo_sapiens.json
P41743,DP04030,Homo sapiens,9606,Human,Protein kinase C iota type,PRKCI,596,596,2,35,35,0.0587248322147651,0.0587248322147651,0.0587248322147651,0.13590604026845637,True,False,,,2024_06,disprot_taxon_9606_homo_sapiens.json
Q6ZT98,DP04032,Homo sapiens,9606,Human,Tubulin polyglutamylase TTLL7,TTLL7,887,887,3,135,135,0.15219842164599776,0.15219842164599776,0.15219842164599776,0.27959413754227735,True,False,,,2024_06,disprot_taxon_9606_homo_sapiens.json
O15431,DP04033,Homo sapiens,9606,Human,High affinity copper uptake protein 1,SLC31A1,190,190,5,52,52,0.2736842105263158,0.2736842105263158,0.2736842105263158,0.14210526315789473,True,False,,,2024_12,disprot_taxon_9606_homo_sapiens.json
Q96NI6,DP04056,Homo sapiens,9606,Human,Leucine-rich repeat and fibronectin type-III domain-containing protein 5,LRFN5,719,719,3,97,97,0.1349095966620306,0.1349095966620306,0.1349095966620306,0.29346314325452016,True,False,,,2024_06,disprot_taxon_9606_homo_sapiens.json
Q9Y4B6,DP04062,Homo sapiens,9606,Human,DDB1- and CUL4-associated factor 1,DCAF1,1507,1507,1,14,14,0.0092899800928998,0.0092899800928998,0.0092899800928998,0.24419376244193763,True,False,,,2024_06,disprot_taxon_9606_homo_sapiens.json
Q9H078,DP04067,Homo sapiens,9606,Human,Caseinolytic peptidase B protein homolog,CLPB,707,707,1,20,20,0.028288543140028287,0.028288543140028287,0.028288543140028287,0.25035360678925034,True,False,,,2023_06,disprot_taxon_9606_homo_sapiens.json
Q96F81,DP04070,Homo sapiens,9606,Human,Protein dispatched homolog 1,DISP1,1524,1524,14,649,649,0.4258530183727034,0.4258530183727034,0.4258530183727034,0.38910761154855644,True,False,,,2023_06,disprot_taxon_9606_homo_sapiens.json
Q9Y6X9,DP04074,Homo sapiens,9606,Human,ATPase MORC2,MORC2,1032,1032,1,53,53,0.05135658914728682,0.05135658914728682,0.05135658914728682,0.23449612403100775,True,False,,,2023_06,disprot_taxon_9606_homo_sapiens.json
Q9Y2M5,DP04075,Homo sapiens,9606,Human,Kelch-like protein 20,KLHL20,609,609,1,14,14,0.022988505747126436,0.022988505747126436,0.022988505747126436,0.06239737274220033,True,False,,,2023_06,disprot_taxon_9606_homo_sapiens.json
P35790,DP04076,Homo sapiens,9606,Human,Choline kinase alpha,CHKA,457,457,2,23,23,0.05032822757111598,0.05032822757111598,0.05032822757111598,0.19912472647702406,True,False,,,2023_06,disprot_taxon_9606_homo_sapiens.json
Q9UQ13,DP04077,Homo sapiens,9606,Human,Leucine-rich repeat protein SHOC-2,SHOC2,582,582,2,85,85,0.14604810996563575,0.14604810996563575,0.14604810996563575,0.14432989690721648,True,False,,,2023_06,disprot_taxon_9606_homo_sapiens.json
P35790-2,DP04078,Homo sapiens,9606,Human,Isoform 2 of Choline kinase alpha,CHKA,439,439,8,59,59,0.13439635535307518,0.13439635535307518,0.13439635535307518,,False,False,,,2023_06,disprot_taxon_9606_homo_sapiens.json
Q9ULK4,DP04080,Homo sapiens,9606,Human,Mediator of RNA polymerase II transcription subunit 23,MED23,1368,1368,1,34,34,0.024853801169590642,0.024853801169590642,0.024853801169590642,0.031432748538011694,True,False,,,2023_06,disprot_taxon_9606_homo_sapiens.json
Q9UIW2,DP04081,Homo sapiens,9606,Human,Plexin-A1,PLXNA1,1896,1896,2,14,14,0.007383966244725738,0.007383966244725738,0.007383966244725738,0.05959915611814346,True,False,,,2023_06,disprot_taxon_9606_homo_sapiens.json
Q9NXG6,DP04082,Homo sapiens,9606,Human,Transmembrane prolyl 4-hydroxylase,P4HTM,502,502,2,40,40,0.0796812749003984,0.0796812749003984,0.0796812749003984,0.19123505976095617,True,False,,,2023_06,disprot_taxon_9606_homo_sapiens.json
Q9BPU6,DP04083,Homo sapiens,9606,Human,Dihydropyrimidinase-related protein 5,DPYSL5,564,564,1,72,72,0.1276595744680851,0.1276595744680851,0.1276595744680851,0.07801418439716312,True,False,,,2023_06,disprot_taxon_9606_homo_sapiens.json
P54577,DP04086,Homo sapiens,9606,Human,"Tyrosine--tRNA ligase, cytoplasmic",YARS1,528,528,2,22,22,0.041666666666666664,0.041666666666666664,0.041666666666666664,0.030303030303030304,True,False,,,2023_06,disprot_taxon_9606_homo_sapiens.json
P30531,DP04093,Homo sapiens,9606,Human,Sodium- and chloride-dependent GABA transporter 1,SLC6A1,599,599,2,68,68,0.11352253756260434,0.11352253756260434,0.11352253756260434,0.09015025041736227,True,False,,,2023_06,disprot_taxon_9606_homo_sapiens.json
P35219,DP04094,Homo sapiens,9606,Human,Carbonic anhydrase-related protein,CA8,290,290,1,22,22,0.07586206896551724,0.07586206896551724,0.07586206896551724,0.08620689655172414,True,False,,,2023_06,disprot_taxon_9606_homo_sapiens.json
P49758,DP04095,Homo sapiens,9606,Human,Regulator of G-protein signaling 6,RGS6,472,472,1,18,18,0.038135593220338986,0.038135593220338986,0.038135593220338986,0.1038135593220339,True,False,,,2023_06,disprot_taxon_9606_homo_sapiens.json
P49802,DP04098,Homo sapiens,9606,Human,Regulator of G-protein signaling 7,RGS7,495,495,5,99,99,0.2,0.2,0.2,0.14747474747474748,True,False,,,2023_06,disprot_taxon_9606_homo_sapiens.json
O00584,DP04100,Homo sapiens,9606,Human,Ribonuclease T2,RNASET2,256,256,1,20,20,0.078125,0.078125,0.078125,0.0859375,True,False,,,2023_06,disprot_taxon_9606_homo_sapiens.json
Q9H0W8,DP04101,Homo sapiens,9606,Human,Nonsense-mediated mRNA decay factor SMG9,SMG9,520,520,6,180,180,0.34615384615384615,0.34615384615384615,0.34615384615384615,0.35384615384615387,True,False,,,2023_06,disprot_taxon_9606_homo_sapiens.json
Q9NRA2,DP04104,Homo sapiens,9606,Human,Sialin,SLC17A5,495,495,3,64,64,0.1292929292929293,0.1292929292929293,0.1292929292929293,0.08282828282828283,True,False,,,2023_06,disprot_taxon_9606_homo_sapiens.json
O43747,DP04105,Homo sapiens,9606,Human,AP-1 complex subunit gamma-1,AP1G1,822,822,1,23,23,0.027980535279805353,0.027980535279805353,0.027980535279805353,0.1362530413625304,True,False,,,2023_06,disprot_taxon_9606_homo_sapiens.json
O95470,DP04107,Homo sapiens,9606,Human,Sphingosine-1-phosphate lyase 1,SGPL1,568,568,2,63,63,0.11091549295774648,0.11091549295774648,0.11091549295774648,0.02464788732394366,True,False,,,2023_06,disprot_taxon_9606_homo_sapiens.json
P52306-2,DP04108,Homo sapiens,9606,Human,Isoform 2 of Rap1 GTPase-GDP dissociation stimulator 1,RAP1GDS1,558,558,1,18,18,0.03225806451612903,0.03225806451612903,0.03225806451612903,,False,False,,,2023_06,disprot_taxon_9606_homo_sapiens.json
Q15326,DP04109,Homo sapiens,9606,Human,Zinc finger MYND domain-containing protein 11,ZMYND11,602,602,1,24,24,0.03986710963455149,0.03986710963455149,0.03986710963455149,0.15946843853820597,True,False,,,2023_06,disprot_taxon_9606_homo_sapiens.json
Q96C36,DP04111,Homo sapiens,9606,Human,Pyrroline-5-carboxylate reductase 2,PYCR2,320,320,1,27,27,0.084375,0.084375,0.084375,0.115625,True,False,,,2023_06,disprot_taxon_9606_homo_sapiens.json
Q3SYG4,DP04112,Homo sapiens,9606,Human,Protein PTHB1,BBS9,887,887,4,148,148,0.1668545659526494,0.1668545659526494,0.1668545659526494,0.08793686583990981,True,False,,,2023_06,disprot_taxon_9606_homo_sapiens.json
Q8NFJ9,DP04113,Homo sapiens,9606,Human,Bardet-Biedl syndrome 1 protein,BBS1,593,593,1,20,20,0.03372681281618887,0.03372681281618887,0.03372681281618887,0.04047217537942664,True,False,,,2023_06,disprot_taxon_9606_homo_sapiens.json
A0A0C4DGY3,DP04114,Homo sapiens,9606,Human,Tetratricopeptide repeat domain 8,TTC8,505,505,1,103,103,0.20396039603960395,0.20396039603960395,0.20396039603960395,0.0297029702970297,True,False,,,2023_06,disprot_taxon_9606_homo_sapiens.json
Q96RK4,DP04115,Homo sapiens,9606,Human,Bardet-Biedl syndrome 4 protein,BBS4,519,519,2,123,123,0.23699421965317918,0.23699421965317918,0.23699421965317918,0.17341040462427745,True,False,,,2023_06,disprot_taxon_9606_homo_sapiens.json
A8MTZ0,DP04116,Homo sapiens,9606,Human,BBSome-interacting protein 1,BBIP1,92,92,2,37,37,0.40217391304347827,0.40217391304347827,0.40217391304347827,0.021739130434782608,True,False,,,2023_06,disprot_taxon_9606_homo_sapiens.json
Q8N3I7,DP04117,Homo sapiens,9606,Human,Bardet-Biedl syndrome 5 protein,BBS5,341,341,2,102,102,0.2991202346041056,0.2991202346041056,0.2991202346041056,0.026392961876832845,True,False,,,2023_06,disprot_taxon_9606_homo_sapiens.json
O43665,DP04118,Homo sapiens,9606,Human,Regulator of G-protein signaling 10,RGS10,181,181,3,46,46,0.2541436464088398,0.2541436464088398,0.2541436464088398,0.1270718232044199,True,False,,,2024_06,disprot_taxon_9606_homo_sapiens.json
Q01105-2,DP04119,Homo sapiens,9606,Human,Isoform 2 of Protein SET,SET,277,277,3,21,21,0.07581227436823104,0.07581227436823104,0.07581227436823104,,False,False,,,2023_06,disprot_taxon_9606_homo_sapiens.json
O14775,DP04120,Homo sapiens,9606,Human,Guanine nucleotide-binding protein subunit beta-5,GNB5,395,395,1,56,56,0.14177215189873418,0.14177215189873418,0.14177215189873418,0.015189873417721518,True,False,,,2023_06,disprot_taxon_9606_homo_sapiens.json
Q5T848,DP04121,Homo sapiens,9606,Human,Probable G-protein coupled receptor 158,GPR158,1215,1215,11,293,293,0.2411522633744856,0.2411522633744856,0.2411522633744856,0.47983539094650207,True,False,,,2023_06,disprot_taxon_9606_homo_sapiens.json
Q5HYA8,DP04123,Homo sapiens,9606,Human,Meckelin,TMEM67,995,995,4,112,112,0.11256281407035176,0.11256281407035176,0.11256281407035176,0.035175879396984924,True,False,,,2023_06,disprot_taxon_9606_homo_sapiens.json
P06702,DP04125,Homo sapiens,9606,Human,Protein S100-A9,S100A9,114,114,1,28,28,0.24561403508771928,0.24561403508771928,0.24561403508771928,0.008771929824561403,True,False,,,2024_06,disprot_taxon_9606_homo_sapiens.json
P42858,DP04129,Homo sapiens,9606,Human,Huntingtin,HTT,3142,3142,46,755,755,0.24029280712921705,0.24029280712921705,0.24029280712921705,,False,False,,,2023_12,disprot_taxon_9606_homo_sapiens.json
Q5TDH0,DP04131,Homo sapiens,9606,Human,Protein DDI1 homolog 2,DDI2,399,399,4,39,39,0.09774436090225563,0.09774436090225563,0.09774436090225563,0.15538847117794485,True,False,,,2024_06,disprot_taxon_9606_homo_sapiens.json
Q9NZC2,DP04132,Homo sapiens,9606,Human,Triggering receptor expressed on myeloid cells 2,TREM2,230,230,5,62,62,0.26956521739130435,0.26956521739130435,0.26956521739130435,0.22608695652173913,True,False,,,2024_06,disprot_taxon_9606_homo_sapiens.json
P02649,DP04133,Homo sapiens,9606,Human,Apolipoprotein E,APOE,317,317,10,93,93,0.29337539432176657,0.29337539432176657,0.29337539432176657,0.14826498422712933,True,False,,,2024_06,disprot_taxon_9606_homo_sapiens.json
Q92800,DP04135,Homo sapiens,9606,Human,Histone-lysine N-methyltransferase EZH1,EZH1,747,747,10,346,346,0.46318607764390896,0.46318607764390896,0.46318607764390896,0.214190093708166,True,False,,,2023_12,disprot_taxon_9606_homo_sapiens.json
O43561-2,DP04137,Homo sapiens,9606,Human,Isoform 2 of Linker for activation of T-cells family member 1,LAT,233,233,4,204,204,0.8755364806866953,0.8755364806866953,0.8755364806866953,,False,False,,,2023_12,disprot_taxon_9606_homo_sapiens.json
O14497,DP04139,Homo sapiens,9606,Human,AT-rich interactive domain-containing protein 1A,ARID1A,2285,2285,2,1504,1504,0.6582056892778994,0.6582056892778994,0.6582056892778994,0.737417943107221,True,False,,,2024_06,disprot_taxon_9606_homo_sapiens.json
Q96E09,DP04141,Homo sapiens,9606,Human,PPP2R1A-PPP2R2A-interacting phosphatase regulator 1,PABIR1,287,287,15,124,124,0.43205574912891986,0.43205574912891986,0.43205574912891986,0.26480836236933797,True,False,,,2024_06,disprot_taxon_9606_homo_sapiens.json
P21579,DP04145,Homo sapiens,9606,Human,Synaptotagmin-1,SYT1,422,422,12,62,62,0.14691943127962084,0.14691943127962084,0.14691943127962084,0.1895734597156398,True,False,,,2024_06,disprot_taxon_9606_homo_sapiens.json
P51788,DP04149,Homo sapiens,9606,Human,Chloride channel protein 2,CLCN2,898,898,11,272,272,0.3028953229398664,0.3028953229398664,0.3028953229398664,0.24610244988864144,True,False,,,2024_06,disprot_taxon_9606_homo_sapiens.json
P28749,DP04155,Homo sapiens,9606,Human,Retinoblastoma-like protein 1,RBL1,1068,1068,10,76,76,0.07116104868913857,0.07116104868913857,0.07116104868913857,0.2406367041198502,True,False,,,2024_06,disprot_taxon_9606_homo_sapiens.json
Q96B97,DP04156,Homo sapiens,9606,Human,SH3 domain-containing kinase-binding protein 1,SH3KBP1,665,665,6,101,101,0.1518796992481203,0.1518796992481203,0.1518796992481203,0.5278195488721804,True,False,,,2024_06,disprot_taxon_9606_homo_sapiens.json
O00418,DP04157,Homo sapiens,9606,Human,Eukaryotic elongation factor 2 kinase,EEF2K,725,725,1,36,36,0.0496551724137931,0.0496551724137931,0.0496551724137931,0.27448275862068966,True,False,,,2024_06,disprot_taxon_9606_homo_sapiens.json
Q9BX66,DP04158,Homo sapiens,9606,Human,Sorbin and SH3 domain-containing protein 1,SORBS1,1292,1292,2,17,17,0.013157894736842105,0.013157894736842105,0.013157894736842105,0.739938080495356,True,False,,,2024_06,disprot_taxon_9606_homo_sapiens.json
O94885,DP04164,Homo sapiens,9606,Human,SAM and SH3 domain-containing protein 1,SASH1,1247,1247,1,169,169,0.13552526062550121,0.13552526062550121,0.13552526062550121,0.6511627906976745,True,False,,,2024_06,disprot_taxon_9606_homo_sapiens.json
Q8N6T7,DP04167,Homo sapiens,9606,Human,NAD-dependent protein deacylase sirtuin-6,SIRT6,355,355,14,134,134,0.37746478873239436,0.37746478873239436,0.37746478873239436,0.14084507042253522,True,False,,,2024_06,disprot_taxon_9606_homo_sapiens.json
O00499,DP04169,Homo sapiens,9606,Human,Myc box-dependent-interacting protein 1,BIN1,593,593,11,41,41,0.06913996627318718,0.06913996627318718,0.06913996627318718,0.41652613827993257,True,False,,,2024_06,disprot_taxon_9606_homo_sapiens.json
Q92784-1,DP04171,Homo sapiens,9606,Human,Isoform 1 of Zinc finger protein DPF3,DPF3,378,378,2,179,179,0.47354497354497355,0.47354497354497355,0.47354497354497355,,False,False,,,2024_06,disprot_taxon_9606_homo_sapiens.json
Q9BUR4,DP04173,Homo sapiens,9606,Human,Telomerase Cajal body protein 1,WRAP53,548,548,5,228,228,0.41605839416058393,0.41605839416058393,0.41605839416058393,0.3193430656934307,True,False,,,2024_12,disprot_taxon_9606_homo_sapiens.json
P05114,DP04177,Homo sapiens,9606,Human,Non-histone chromosomal protein HMG-14,HMGN1,100,100,5,100,100,1.0,1.0,1.0,0.0,True,False,,,2024_06,disprot_taxon_9606_homo_sapiens.json
O14746,DP04178,Homo sapiens,9606,Human,Telomerase reverse transcriptase,TERT,1132,1132,3,168,168,0.14840989399293286,0.14840989399293286,0.14840989399293286,0.16784452296819788,True,False,,,2024_06,disprot_taxon_9606_homo_sapiens.json
P30519,DP04179,Homo sapiens,9606,Human,Heme oxygenase 2,HMOX2,316,316,3,45,45,0.14240506329113925,0.14240506329113925,0.14240506329113925,0.2310126582278481,True,False,,,2024_12,disprot_taxon_9606_homo_sapiens.json
O60232,DP04180,Homo sapiens,9606,Human,Protein ZNRD2,ZNRD2,199,199,3,46,46,0.23115577889447236,0.23115577889447236,0.23115577889447236,0.16080402010050251,True,False,,,2024_12,disprot_taxon_9606_homo_sapiens.json
Q99453,DP04182,Homo sapiens,9606,Human,Paired mesoderm homeobox protein 2B,PHOX2B,314,314,2,67,67,0.21337579617834396,0.21337579617834396,0.21337579617834396,0.4681528662420382,True,False,,,2024_12,disprot_taxon_9606_homo_sapiens.json
P49748,DP04188,Homo sapiens,9606,Human,"Very long-chain specific acyl-CoA dehydrogenase, mitochondrial",ACADVL,655,655,1,33,33,0.050381679389312976,0.050381679389312976,0.050381679389312976,0.10076335877862595,True,False,,,2024_12,disprot_taxon_9606_homo_sapiens.json
P29372,DP04189,Homo sapiens,9606,Human,DNA-3-methyladenine glycosylase,MPG,298,298,6,22,22,0.0738255033557047,0.0738255033557047,0.0738255033557047,0.19798657718120805,True,False,,,2024_12,disprot_taxon_9606_homo_sapiens.json
Q9BZV1,DP04211,Homo sapiens,9606,Human,UBX domain-containing protein 6,UBXN6,441,441,6,154,154,0.3492063492063492,0.3492063492063492,0.3492063492063492,0.08843537414965986,True,False,,,2024_12,disprot_taxon_9606_homo_sapiens.json
Q2KHT3,DP04217,Homo sapiens,9606,Human,Protein CLEC16A,CLEC16A,1053,1053,3,161,161,0.15289648622981955,0.15289648622981955,0.15289648622981955,0.32193732193732194,True,False,,,2024_06,disprot_taxon_9606_homo_sapiens.json
O95433,DP04219,Homo sapiens,9606,Human,Activator of 90 kDa heat shock protein ATPase homolog 1,AHSA1,338,338,10,70,70,0.20710059171597633,0.20710059171597633,0.20710059171597633,0.11538461538461539,True,False,,,2024_12,disprot_taxon_9606_homo_sapiens.json
Q9H4H8,DP04220,Homo sapiens,9606,Human,Protein FAM83D,FAM83D,585,585,3,69,69,0.11794871794871795,0.11794871794871795,0.11794871794871795,0.4547008547008547,True,False,,,2024_12,disprot_taxon_9606_homo_sapiens.json
Q8N5K1,DP04237,Homo sapiens,9606,Human,CDGSH iron-sulfur domain-containing protein 2,CISD2,135,135,1,16,16,0.11851851851851852,0.11851851851851852,0.11851851851851852,0.0,True,False,,,2024_12,disprot_taxon_9606_homo_sapiens.json
P53355,DP04239,Homo sapiens,9606,Human,Death-associated protein kinase 1,DAPK1,1430,1430,8,32,32,0.022377622377622378,0.022377622377622378,0.022377622377622378,0.1006993006993007,True,False,,,2024_12,disprot_taxon_9606_homo_sapiens.json
P45973,DP04242,Homo sapiens,9606,Human,Chromobox protein homolog 5,CBX5,191,191,6,80,80,0.418848167539267,0.418848167539267,0.418848167539267,0.17801047120418848,True,False,,,2024_12,disprot_taxon_9606_homo_sapiens.json
P40205,DP04244,Homo sapiens,9606,Human,N-cym protein,MYCNOS,109,109,12,109,109,1.0,1.0,1.0,0.6880733944954128,True,False,,,2024_12,disprot_taxon_9606_homo_sapiens.json
O60832,DP04251,Homo sapiens,9606,Human,H/ACA ribonucleoprotein complex subunit DKC1,DKC1,514,514,4,115,115,0.2237354085603113,0.2237354085603113,0.2237354085603113,0.22178988326848248,True,False,,,2025_06,disprot_taxon_9606_homo_sapiens.json
Q9NX24,DP04252,Homo sapiens,9606,Human,H/ACA ribonucleoprotein complex subunit 2,NHP2,153,153,2,22,22,0.1437908496732026,0.1437908496732026,0.1437908496732026,0.1437908496732026,True,False,,,2025_06,disprot_taxon_9606_homo_sapiens.json
Q9NY12,DP04253,Homo sapiens,9606,Human,H/ACA ribonucleoprotein complex subunit 1,GAR1,217,217,4,120,120,0.5529953917050692,0.5529953917050692,0.5529953917050692,0.4423963133640553,True,False,,,2025_06,disprot_taxon_9606_homo_sapiens.json
Q9NZI8,DP04257,Homo sapiens,9606,Human,Insulin-like growth factor 2 mRNA-binding protein 1,IGF2BP1,577,577,11,99,99,0.17157712305025996,0.17157712305025996,0.17157712305025996,0.12998266897746968,True,False,,,2025_06,disprot_taxon_9606_homo_sapiens.json
Q15022,DP04258,Homo sapiens,9606,Human,Polycomb protein SUZ12,SUZ12,739,739,12,270,270,0.36535859269282817,0.36535859269282817,0.36535859269282817,0.3125845737483085,True,False,,,2025_06,disprot_taxon_9606_homo_sapiens.json
Q9H9Q4,DP04259,Homo sapiens,9606,Human,Non-homologous end-joining factor 1,NHEJ1,299,299,3,71,71,0.23745819397993312,0.23745819397993312,0.23745819397993312,0.19732441471571907,True,False,,,2025_06,disprot_taxon_9606_homo_sapiens.json
P07196,DP04260,Homo sapiens,9606,Human,Neurofilament light polypeptide,NEFL,543,543,6,24,24,0.04419889502762431,0.04419889502762431,0.04419889502762431,0.3296500920810313,True,False,,,2024_12,disprot_taxon_9606_homo_sapiens.json
P02489,DP04261,Homo sapiens,9606,Human,Alpha-crystallin A chain,CRYAA,173,173,2,85,85,0.4913294797687861,0.4913294797687861,0.4913294797687861,0.09826589595375723,True,False,,,2025_06,disprot_taxon_9606_homo_sapiens.json
P04792,DP04262,Homo sapiens,9606,Human,Heat shock protein beta-1,HSPB1,205,205,10,134,134,0.6536585365853659,0.6536585365853659,0.6536585365853659,0.28780487804878047,True,False,,,2025_06,disprot_taxon_9606_homo_sapiens.json
P18848,DP04263,Homo sapiens,9606,Human,Cyclic AMP-dependent transcription factor ATF-4,ATF4,351,351,1,275,275,0.7834757834757835,0.7834757834757835,0.7834757834757835,0.3190883190883191,True,False,,,2025_06,disprot_taxon_9606_homo_sapiens.json
Q5SWA1,DP04264,Homo sapiens,9606,Human,Protein phosphatase 1 regulatory subunit 15B,PPP1R15B,713,713,19,713,713,1.0,1.0,1.0,0.6465638148667602,True,False,,,2025_06,disprot_taxon_9606_homo_sapiens.json
Q9NPD8,DP04267,Homo sapiens,9606,Human,Ubiquitin-conjugating enzyme E2 T,UBE2T,197,197,2,41,41,0.20812182741116753,0.20812182741116753,0.20812182741116753,0.1116751269035533,True,False,,,2025_06,disprot_taxon_9606_homo_sapiens.json
Q8WXC6,DP04270,Homo sapiens,9606,Human,COP9 signalosome complex subunit 9,COPS9,57,57,2,57,57,1.0,1.0,1.0,0.03508771929824561,True,False,,,2025_06,disprot_taxon_9606_homo_sapiens.json
P02647,DP04271,Homo sapiens,9606,Human,Apolipoprotein A-I,APOA1,267,267,7,243,243,0.9101123595505618,0.9101123595505618,0.9101123595505618,0.0599250936329588,True,False,,,2024_12,disprot_taxon_9606_homo_sapiens.json
Q9Y2G2,DP04274,Homo sapiens,9606,Human,Caspase recruitment domain-containing protein 8,CARD8,537,537,4,162,162,0.3016759776536313,0.3016759776536313,0.3016759776536313,0.31098696461824954,True,False,,,2025_06,disprot_taxon_9606_homo_sapiens.json
Q13613,DP04276,Homo sapiens,9606,Human,Phosphatidylinositol-3-phosphate phosphatase MTMR1,MTMR1,665,665,3,94,94,0.14135338345864662,0.14135338345864662,0.14135338345864662,0.1593984962406015,True,False,,,2024_12,disprot_taxon_9606_homo_sapiens.json
Q8N465,DP04277,Homo sapiens,9606,Human,"D-2-hydroxyglutarate dehydrogenase, mitochondrial",D2HGDH,521,521,3,51,51,0.09788867562380038,0.09788867562380038,0.09788867562380038,0.08061420345489444,True,False,,,2025_06,disprot_taxon_9606_homo_sapiens.json
Q9UMY1,DP04278,Homo sapiens,9606,Human,U3 small nucleolar RNA-associated protein NOL7,NOL7,257,257,2,94,94,0.3657587548638132,0.3657587548638132,0.3657587548638132,0.22178988326848248,True,False,,,2025_06,disprot_taxon_9606_homo_sapiens.json
P49815-5,DP04279,Homo sapiens,9606,Human,Isoform 5 of Tuberin,TSC2,1740,1740,7,526,526,0.3022988505747126,0.3022988505747126,0.3022988505747126,,False,False,,,2025_06,disprot_taxon_9606_homo_sapiens.json
P68431,DP04281,Homo sapiens,9606,Human,Histone H3.1,H3C1,136,136,2,38,38,0.27941176470588236,0.27941176470588236,0.27941176470588236,0.007352941176470588,True,False,,,2025_06,disprot_taxon_9606_homo_sapiens.json
Q8TDX7,DP04284,Homo sapiens,9606,Human,Serine/threonine-protein kinase Nek7,NEK7,302,302,6,33,33,0.10927152317880795,0.10927152317880795,0.10927152317880795,0.07947019867549669,True,False,,,2025_06,disprot_taxon_9606_homo_sapiens.json
Q9UK59,DP04285,Homo sapiens,9606,Human,Lariat debranching enzyme,DBR1,544,544,3,151,151,0.2775735294117647,0.2775735294117647,0.2775735294117647,0.2665441176470588,True,False,,,2025_06,disprot_taxon_9606_homo_sapiens.json
Q8TAP9,DP04286,Homo sapiens,9606,Human,M-phase-specific PLK1-interacting protein,MPLKIP,179,179,2,155,155,0.8659217877094972,0.8659217877094972,0.8659217877094972,0.46368715083798884,True,False,,,2025_06,disprot_taxon_9606_homo_sapiens.json
O14907,DP04287,Homo sapiens,9606,Human,Tax1-binding protein 3,TAX1BP3,124,124,4,22,22,0.1774193548387097,0.1774193548387097,0.1774193548387097,0.04032258064516129,True,False,,,2025_06,disprot_taxon_9606_homo_sapiens.json
Q9Y572,DP04295,Homo sapiens,9606,Human,Receptor-interacting serine/threonine-protein kinase 3,RIPK3,518,518,20,219,219,0.42277992277992277,0.42277992277992277,0.42277992277992277,0.4015444015444015,True,False,,,2025_06,disprot_taxon_9606_homo_sapiens.json
Q9NPJ4,DP04297,Homo sapiens,9606,Human,Proline-rich nuclear receptor coactivator 2,PNRC2,139,139,1,101,101,0.7266187050359713,0.7266187050359713,0.7266187050359713,0.11510791366906475,True,False,,,2025_06,disprot_taxon_9606_homo_sapiens.json
Q13546,DP04298,Homo sapiens,9606,Human,Receptor-interacting serine/threonine-protein kinase 1,RIPK1,671,671,17,284,284,0.4232488822652757,0.4232488822652757,0.4232488822652757,0.30402384500745155,True,False,,,2025_06,disprot_taxon_9606_homo_sapiens.json
O43353,DP04299,Homo sapiens,9606,Human,Receptor-interacting serine/threonine-protein kinase 2,RIPK2,540,540,3,40,40,0.07407407407407407,0.07407407407407407,0.07407407407407407,0.26666666666666666,True,False,,,2025_06,disprot_taxon_9606_homo_sapiens.json
Q9UBB9,DP04300,Homo sapiens,9606,Human,Tuftelin-interacting protein 11,TFIP11,837,837,6,350,350,0.41816009557945044,0.41816009557945044,0.41816009557945044,0.21027479091995221,True,False,,,2025_06,disprot_taxon_9606_homo_sapiens.json
Q86T24,DP04307,Homo sapiens,9606,Human,Transcriptional regulator Kaiso,ZBTB33,672,672,4,40,40,0.05952380952380952,0.05952380952380952,0.05952380952380952,0.6294642857142857,True,False,,,2026_06,disprot_taxon_9606_homo_sapiens.json
Q9UJY1,DP04309,Homo sapiens,9606,Human,Heat shock protein beta-8,HSPB8,196,196,4,115,115,0.5867346938775511,0.5867346938775511,0.5867346938775511,0.24489795918367346,True,False,,,2024_12,disprot_taxon_9606_homo_sapiens.json
A0AVK6,DP04310,Homo sapiens,9606,Human,Transcription factor E2F8,E2F8,867,867,2,46,46,0.0530565167243368,0.0530565167243368,0.0530565167243368,0.6505190311418685,True,False,,,2026_06,disprot_taxon_9606_homo_sapiens.json
P84101,DP04311,Homo sapiens,9606,Human,Small EDRK-rich factor 2,SERF2,59,59,2,59,59,1.0,1.0,1.0,0.0,True,False,,,2026_06,disprot_taxon_9606_homo_sapiens.json
P39687,DP04315,Homo sapiens,9606,Human,Acidic leucine-rich nuclear phosphoprotein 32 family member A,ANP32A,249,249,3,0,0,0.0,0.0,0.0,0.11646586345381527,True,False,,,2026_06,disprot_taxon_9606_homo_sapiens.json
Q53HL2,DP04318,Homo sapiens,9606,Human,Borealin,CDCA8,280,280,5,100,100,0.35714285714285715,0.35714285714285715,0.35714285714285715,0.2392857142857143,True,False,,,2026_06,disprot_taxon_9606_homo_sapiens.json
Q8WYQ5,DP04320,Homo sapiens,9606,Human,Microprocessor complex subunit DGCR8,DGCR8,773,773,1,22,22,0.028460543337645538,0.028460543337645538,0.028460543337645538,0.425614489003881,True,False,,,2026_06,disprot_taxon_9606_homo_sapiens.json
Q969S2,DP04324,Homo sapiens,9606,Human,Endonuclease 8-like 2,NEIL2,332,332,1,74,74,0.22289156626506024,0.22289156626506024,0.22289156626506024,0.22289156626506024,True,False,,,2025_06,disprot_taxon_9606_homo_sapiens.json
O95714,DP04325,Homo sapiens,9606,Human,E3 ubiquitin-protein ligase HERC2,HERC2,4834,4834,4,42,42,0.008688456764584195,0.008688456764584195,0.008688456764584195,,False,False,,,2025_06,disprot_taxon_9606_homo_sapiens.json
Q86YC2,DP04326,Homo sapiens,9606,Human,Partner and localizer of BRCA2,PALB2,1186,1186,22,195,195,0.16441821247892074,0.16441821247892074,0.16441821247892074,0.6214165261382799,True,False,,,2026_06,disprot_taxon_9606_homo_sapiens.json
P28360,DP04347,Homo sapiens,9606,Human,Homeobox protein MSX-1,MSX1,303,303,11,172,172,0.5676567656765676,0.5676567656765676,0.5676567656765676,0.2739273927392739,True,False,,,2025_06,disprot_taxon_9606_homo_sapiens.json
Q96PD5,DP04348,Homo sapiens,9606,Human,N-acetylmuramoyl-L-alanine amidase,PGLYRP2,576,576,3,45,45,0.078125,0.078125,0.078125,0.21006944444444445,True,False,,,2025_06,disprot_taxon_9606_homo_sapiens.json
Q8N114,DP04349,Homo sapiens,9606,Human,Protein shisa-5,SHISA5,240,240,12,115,115,0.4791666666666667,0.4791666666666667,0.4791666666666667,0.3375,True,False,,,2025_06,disprot_taxon_9606_homo_sapiens.json
P20711,DP04358,Homo sapiens,9606,Human,Aromatic-L-amino-acid decarboxylase,DDC,480,480,7,32,32,0.06666666666666667,0.06666666666666667,0.06666666666666667,0.0,True,False,,,2026_06,disprot_taxon_9606_homo_sapiens.json
P21860,DP04382,Homo sapiens,9606,Human,Receptor tyrosine-protein kinase erbB-3,ERBB3,1342,1342,8,362,362,0.2697466467958271,0.2697466467958271,0.2697466467958271,0.29806259314456035,True,False,,,2026_06,disprot_taxon_9606_homo_sapiens.json
Q86VY4,DP04388,Homo sapiens,9606,Human,Testis-specific Y-encoded-like protein 5,TSPYL5,417,417,10,242,242,0.580335731414868,0.580335731414868,0.580335731414868,0.5011990407673861,True,False,,,2025_06,disprot_taxon_9606_homo_sapiens.json
Q9UQF2,DP04419,Homo sapiens,9606,Human,C-Jun-amino-terminal kinase-interacting protein 1,MAPK8IP1,711,711,12,553,553,0.7777777777777778,0.7777777777777778,0.7777777777777778,0.6638537271448663,True,False,,,2026_06,disprot_taxon_9606_homo_sapiens.json
Q9Y216,DP04420,Homo sapiens,9606,Human,Phosphatidylinositol-3-phosphate phosphatase MTMR7,MTMR7,660,660,7,162,162,0.24545454545454545,0.24545454545454545,0.24545454545454545,0.16363636363636364,True,False,,,2026_06,disprot_taxon_9606_homo_sapiens.json
Q86YT6,DP04438,Homo sapiens,9606,Human,E3 ubiquitin-protein ligase MIB1,MIB1,1006,1006,8,75,75,0.07455268389662027,0.07455268389662027,0.07455268389662027,0.1143141153081511,True,False,,,2026_06,disprot_taxon_9606_homo_sapiens.json
Q8TD57,DP04442,Homo sapiens,9606,Human,Dynein axonemal heavy chain 3,DNAH3,4116,4116,3,124,124,0.03012633624878523,0.03012633624878523,0.03012633624878523,,False,False,,,2026_06,disprot_taxon_9606_homo_sapiens.json
P11142,DP04445,Homo sapiens,9606,Human,Heat shock cognate 71 kDa protein,HSPA8,646,646,7,40,40,0.06191950464396285,0.06191950464396285,0.06191950464396285,,False,False,,,2026_06,disprot_taxon_9606_homo_sapiens.json
P25685,DP04447,Homo sapiens,9606,Human,DnaJ homolog subfamily B member 1,DNAJB1,340,340,3,18,18,0.052941176470588235,0.052941176470588235,0.052941176470588235,,False,False,,,2026_06,disprot_taxon_9606_homo_sapiens.json
Q13217,DP04449,Homo sapiens,9606,Human,DnaJ homolog subfamily C member 3,DNAJC3,504,504,1,50,50,0.0992063492063492,0.0992063492063492,0.0992063492063492,,False,False,,,2026_06,disprot_taxon_9606_homo_sapiens.json
O75165,DP04450,Homo sapiens,9606,Human,DnaJ homolog subfamily C member 13,DNAJC13,2243,2243,2,46,46,0.02050824788230049,0.02050824788230049,0.02050824788230049,,False,False,,,2026_06,disprot_taxon_9606_homo_sapiens.json
Q15759,DP04451,Homo sapiens,9606,Human,Mitogen-activated protein kinase 11,MAPK11,364,364,4,26,26,0.07142857142857142,0.07142857142857142,0.07142857142857142,,False,False,,,2026_06,disprot_taxon_9606_homo_sapiens.json
Q16539,DP04452,Homo sapiens,9606,Human,Mitogen-activated protein kinase 14,MAPK14,360,360,6,15,15,0.041666666666666664,0.041666666666666664,0.041666666666666664,,False,False,,,2026_06,disprot_taxon_9606_homo_sapiens.json
O15264,DP04457,Homo sapiens,9606,Human,Mitogen-activated protein kinase 13,MAPK13,365,365,5,10,10,0.0273972602739726,0.0273972602739726,0.0273972602739726,,False,False,,,2026_06,disprot_taxon_9606_homo_sapiens.json
Q5XUX0,DP04458,Homo sapiens,9606,Human,F-box only protein 31,FBXO31,539,539,3,59,59,0.10946196660482375,0.10946196660482375,0.10946196660482375,,False,False,,,2026_06,disprot_taxon_9606_homo_sapiens.json
Q49AH0,DP04459,Homo sapiens,9606,Human,Cerebral dopamine neurotrophic factor,CDNF,187,187,2,15,15,0.08021390374331551,0.08021390374331551,0.08021390374331551,,False,False,,,2026_06,disprot_taxon_9606_homo_sapiens.json
P00748,DP04461,Homo sapiens,9606,Human,Coagulation factor XII,F12,615,615,6,70,70,0.11382113821138211,0.11382113821138211,0.11382113821138211,,False,False,,,2026_06,disprot_taxon_9606_homo_sapiens.json
O60870,DP04491,Homo sapiens,9606,Human,DNA/RNA-binding protein KIN17,KIN,393,393,6,158,158,0.4020356234096692,0.4020356234096692,0.4020356234096692,,False,False,,,2026_06,disprot_taxon_9606_homo_sapiens.json
O00170,DP04492,Homo sapiens,9606,Human,AH receptor-interacting protein,AIP,330,330,2,25,25,0.07575757575757576,0.07575757575757576,0.07575757575757576,,False,False,,,2026_06,disprot_taxon_9606_homo_sapiens.json
P11229,DP04508,Homo sapiens,9606,Human,Muscarinic acetylcholine receptor M1,CHRM1,460,460,1,128,128,0.2782608695652174,0.2782608695652174,0.2782608695652174,,False,False,,,2026_06,disprot_taxon_9606_homo_sapiens.json
Q99683,DP04510,Homo sapiens,9606,Human,Mitogen-activated protein kinase kinase kinase 5,MAP3K5,1374,1374,4,34,34,0.024745269286754003,0.024745269286754003,0.024745269286754003,,False,False,,,2026_06,disprot_taxon_9606_homo_sapiens.json
P54198,DP04518,Homo sapiens,9606,Human,Protein HIRA,HIRA,1017,1017,1,21,21,0.02064896755162242,0.02064896755162242,0.02064896755162242,,False,False,,,2026_06,disprot_taxon_9606_homo_sapiens.json
Q16643,DP04521,Homo sapiens,9606,Human,Drebrin,DBN1,649,649,1,85,85,0.13097072419106318,0.13097072419106318,0.13097072419106318,,False,False,,,2026_06,disprot_taxon_9606_homo_sapiens.json
O75381,DP04522,Homo sapiens,9606,Human,Peroxisomal membrane protein PEX14,PEX14,377,377,2,39,39,0.10344827586206896,0.10344827586206896,0.10344827586206896,,False,False,,,2026_06,disprot_taxon_9606_homo_sapiens.json
Q96B01,DP04523,Homo sapiens,9606,Human,RAD51-associated protein 1,RAD51AP1,352,352,17,352,352,1.0,1.0,1.0,,False,False,,,2026_06,disprot_taxon_9606_homo_sapiens.json
Q9C0K0,DP04525,Homo sapiens,9606,Human,B-cell lymphoma/leukemia 11B,BCL11B,894,894,3,53,53,0.0592841163310962,0.0592841163310962,0.0592841163310962,,False,False,,,2026_06,disprot_taxon_9606_homo_sapiens.json
Q14865,DP04533,Homo sapiens,9606,Human,AT-rich interactive domain-containing protein 5B,ARID5B,1188,1188,2,11,11,0.009259259259259259,0.009259259259259259,0.009259259259259259,,False,False,,,2026_06,disprot_taxon_9606_homo_sapiens.json
Q92959,DP04542,Homo sapiens,9606,Human,Solute carrier organic anion transporter family member 2A1,SLCO2A1,643,643,11,249,249,0.38724727838258166,0.38724727838258166,0.38724727838258166,,False,False,,,2026_06,disprot_taxon_9606_homo_sapiens.json
O60664,DP04560,Homo sapiens,9606,Human,Perilipin-3,PLIN3,434,434,6,200,200,0.4608294930875576,0.4608294930875576,0.4608294930875576,,False,False,,,2026_06,disprot_taxon_9606_homo_sapiens.json
O60240,DP04561,Homo sapiens,9606,Human,Perilipin-1,PLIN1,522,522,3,100,100,0.19157088122605365,0.19157088122605365,0.19157088122605365,,False,False,,,2026_06,disprot_taxon_9606_homo_sapiens.json
P23246,DP04574,Homo sapiens,9606,Human,"Splicing factor, proline- and glutamine-rich",SFPQ,707,707,4,386,386,0.545968882602546,0.545968882602546,0.545968882602546,,False,False,,,2026_06,disprot_taxon_9606_homo_sapiens.json
Q6VY07,DP04587,Homo sapiens,9606,Human,Phosphofurin acidic cluster sorting protein 1,PACS1,963,963,1,14,14,0.014537902388369679,0.014537902388369679,0.014537902388369679,,False,False,,,2026_06,disprot_taxon_9606_homo_sapiens.json
P09651-2,DP04605,Homo sapiens,9606,Human,Isoform A1-A of Heterogeneous nuclear ribonucleoprotein A1,HNRNPA1,320,320,13,150,150,0.46875,0.46875,0.46875,,True,False,,,2026_06,disprot_taxon_9606_homo_sapiens.json
P32774,DP00009,Saccharomyces cerevisiae (strain ATCC 204508 / S288c),559292,Fungal,Transcription initiation factor IIA subunit 2,TOA2,122,122,3,15,15,0.12295081967213115,0.12295081967213115,0.12295081967213115,0.04918032786885246,True,False,UPI00001370FA,UniRef50_P32774,2016_10,disprot_taxon_559292_saccharomyces_cerevisiae.json
P11938,DP00020,Saccharomyces cerevisiae (strain ATCC 204508 / S288c),559292,Fungal,DNA-binding protein RAP1,RAP1,827,827,17,237,237,0.28657799274486095,0.28657799274486095,0.28657799274486095,0.34099153567110035,True,False,UPI0000169200,UniRef50_P11938,2016_10,disprot_taxon_559292_saccharomyces_cerevisiae.json
P06786,DP00076,Saccharomyces cerevisiae (strain ATCC 204508 / S288c),559292,Fungal,DNA topoisomerase 2,TOP2,1428,1428,26,139,139,0.09733893557422969,0.09733893557422969,0.09733893557422969,0.1890756302521008,True,False,UPI000015F7DC,UniRef50_P06786,2016_10,disprot_taxon_559292_saccharomyces_cerevisiae.json
P07248,DP00077,Saccharomyces cerevisiae (strain ATCC 204508 / S288c),559292,Fungal,Regulatory protein ADR1,ADR1,1323,1323,18,29,29,0.021919879062736205,0.021919879062736205,0.021919879062736205,0.5230536659108088,True,False,UPI0000125604,UniRef50_P07248,2016_10,disprot_taxon_559292_saccharomyces_cerevisiae.json
P39935,DP00082,Saccharomyces cerevisiae (strain ATCC 204508 / S288c),559292,Fungal,Eukaryotic initiation factor 4F subunit p150,TIF4631,952,952,23,347,347,0.3644957983193277,0.3644957983193277,0.3644957983193277,0.4632352941176471,True,False,UPI0000168E90,UniRef50_P39935,2016_10,disprot_taxon_559292_saccharomyces_cerevisiae.json
P03069,DP00083,Saccharomyces cerevisiae (strain ATCC 204508 / S288c),559292,Fungal,General control protein GCN4,GCN4,281,281,16,134,134,0.47686832740213525,0.47686832740213525,0.47686832740213525,0.2313167259786477,True,False,UPI0000047601,UniRef50_P03069,2016_10,disprot_taxon_559292_saccharomyces_cerevisiae.json
P32773,DP00104,Saccharomyces cerevisiae (strain ATCC 204508 / S288c),559292,Fungal,Transcription initiation factor IIA large subunit,TOA1,286,286,4,31,31,0.10839160839160839,0.10839160839160839,0.10839160839160839,0.4090909090909091,True,False,UPI00001370F9,UniRef50_P32773,2016_10,disprot_taxon_559292_saccharomyces_cerevisiae.json
P31109,DP00113,Saccharomyces cerevisiae (strain ATCC 204508 / S288c),559292,Fungal,Synaptobrevin homolog 1,SNC1,117,117,12,93,93,0.7948717948717948,0.7948717948717948,0.7948717948717948,0.03418803418803419,True,False,UPI0000135B22,UniRef50_P31109,2016_10,disprot_taxon_559292_saccharomyces_cerevisiae.json
P40357,DP00128,Saccharomyces cerevisiae (strain ATCC 204508 / S288c),559292,Fungal,Protein transport protein SEC9,SEC9,651,651,2,251,251,0.38556067588325654,0.38556067588325654,0.38556067588325654,0.445468509984639,True,False,UPI000013575B,UniRef50_P40357,2016_10,disprot_taxon_559292_saccharomyces_cerevisiae.json
P10961,DP00135,Saccharomyces cerevisiae (strain ATCC 204508 / S288c),559292,Fungal,Heat shock factor protein,HSF1,833,833,7,240,240,0.28811524609843936,0.28811524609843936,0.28811524609843936,0.6926770708283313,True,False,UPI000012CCF6,UniRef50_P10961,2016_10,disprot_taxon_559292_saccharomyces_cerevisiae.json
Q03768,DP00163,Saccharomyces cerevisiae (strain ATCC 204508 / S288c),559292,Fungal,Protein GIR2,GIR2,265,265,5,265,265,1.0,1.0,1.0,0.14339622641509434,True,False,UPI00000694E0,UniRef50_Q03768,2016_10,disprot_taxon_559292_saccharomyces_cerevisiae.json
P05318,DP00164,Saccharomyces cerevisiae (strain ATCC 204508 / S288c),559292,Fungal,60S acidic ribosomal protein P1-alpha,RPP1A,106,106,5,106,106,1.0,1.0,1.0,0.22641509433962265,True,False,UPI000013424C,UniRef50_P05318,2016_10,disprot_taxon_559292_saccharomyces_cerevisiae.json
P01094,DP00179,Saccharomyces cerevisiae (strain ATCC 204508 / S288c),559292,Fungal,Protease A inhibitor 3,PAI3,68,68,30,68,68,1.0,1.0,1.0,0.07352941176470588,True,False,UPI0000036C85,UniRef50_P01094,2016_10,disprot_taxon_559292_saccharomyces_cerevisiae.json
P32499,DP00222,Saccharomyces cerevisiae (strain ATCC 204508 / S288c),559292,Fungal,Nucleoporin NUP2,NUP2,720,720,17,720,720,1.0,1.0,1.0,0.6,True,False,UPI0000130A2C,UniRef50_P32499,2016_10,disprot_taxon_559292_saccharomyces_cerevisiae.json
P40316,DP00256,Saccharomyces cerevisiae (strain ATCC 204508 / S288c),559292,Fungal,Securin,PDS1,373,373,8,110,110,0.2949061662198391,0.2949061662198391,0.2949061662198391,0.38337801608579086,True,False,UPI00001314DD,UniRef50_P40316,2016_10,disprot_taxon_559292_saccharomyces_cerevisiae.json
Q12287,DP00277,Saccharomyces cerevisiae (strain ATCC 204508 / S288c),559292,Fungal,Cytochrome c oxidase copper chaperone,COX17,69,69,1,27,27,0.391304347826087,0.391304347826087,0.391304347826087,0.11594202898550725,True,False,UPI0000168392,UniRef50_Q12287,2016_10,disprot_taxon_559292_saccharomyces_cerevisiae.json
P23202,DP00353,Saccharomyces cerevisiae (strain ATCC 204508 / S288c),559292,Fungal,Transcriptional regulator URE2,URE2,354,354,6,112,112,0.3163841807909605,0.3163841807909605,0.3163841807909605,0.2033898305084746,True,False,UPI0000003993,UniRef50_P23202,2016_10,disprot_taxon_559292_saccharomyces_cerevisiae.json
P07342,DP00398,Saccharomyces cerevisiae (strain ATCC 204508 / S288c),559292,Fungal,"Acetolactate synthase catalytic subunit, mitochondrial",ILV2,687,687,3,57,57,0.08296943231441048,0.08296943231441048,0.08296943231441048,0.09315866084425037,True,False,UPI000012D53A,UniRef50_P07342,2016_10,disprot_taxon_559292_saccharomyces_cerevisiae.json
P53551,DP00423,Saccharomyces cerevisiae (strain ATCC 204508 / S288c),559292,Fungal,Histone H1,HHO1,258,258,18,93,93,0.36046511627906974,0.36046511627906974,0.36046511627906974,0.26744186046511625,True,False,UPI000012BF45,UniRef50_P53551,2016_10,disprot_taxon_559292_saccharomyces_cerevisiae.json
P11632,DP00432,Saccharomyces cerevisiae (strain ATCC 204508 / S288c),559292,Fungal,Non-histone chromosomal protein 6A,NHP6A,93,93,5,25,25,0.26881720430107525,0.26881720430107525,0.26881720430107525,0.07526881720430108,True,False,UPI0000110C5D,UniRef50_P11632,2016_10,disprot_taxon_559292_saccharomyces_cerevisiae.json
Q6Q547,DP00475,Saccharomyces cerevisiae (strain ATCC 204508 / S288c),559292,Fungal,H/ACA ribonucleoprotein complex subunit NOP10,NOP10,58,58,3,39,39,0.6724137931034483,0.6724137931034483,0.6724137931034483,0.0,True,False,UPI0000168344,UniRef50_Q6Q547,2016_10,disprot_taxon_559292_saccharomyces_cerevisiae.json
Q08826,DP00482,Saccharomyces cerevisiae (strain ATCC 204508 / S288c),559292,Fungal,Sorting nexin-3,SNX3,162,162,1,29,29,0.17901234567901234,0.17901234567901234,0.17901234567901234,0.04938271604938271,True,False,UPI0000135B41,UniRef50_Q08826,2016_10,disprot_taxon_559292_saccharomyces_cerevisiae.json
P09938,DP00487,Saccharomyces cerevisiae (strain ATCC 204508 / S288c),559292,Fungal,Ribonucleoside-diphosphate reductase small chain 1,RNR2,399,399,12,81,81,0.20300751879699247,0.20300751879699247,0.20300751879699247,0.10776942355889724,True,False,UPI0000168DF7,UniRef50_P09938,2016_10,disprot_taxon_559292_saccharomyces_cerevisiae.json
P49723,DP00488,Saccharomyces cerevisiae (strain ATCC 204508 / S288c),559292,Fungal,Ribonucleoside-diphosphate reductase small chain 2,RNR4,345,345,6,71,71,0.20579710144927535,0.20579710144927535,0.20579710144927535,0.11014492753623188,True,False,UPI000005328F,UniRef50_P49723,2016_10,disprot_taxon_559292_saccharomyces_cerevisiae.json
P06701,DP00533,Saccharomyces cerevisiae (strain ATCC 204508 / S288c),559292,Fungal,Regulatory protein SIR3,SIR3,978,978,5,334,334,0.34151329243353784,0.34151329243353784,0.34151329243353784,0.294478527607362,True,False,UPI0000168E34,UniRef50_P06701,2016_10,disprot_taxon_559292_saccharomyces_cerevisiae.json
Q00955,DP00557,Saccharomyces cerevisiae (strain ATCC 204508 / S288c),559292,Fungal,Acetyl-CoA carboxylase,ACC1,2233,2233,1,33,33,0.014778325123152709,0.014778325123152709,0.014778325123152709,0.03090013434841021,True,False,UPI0000145F95,UniRef50_Q00955,2016_10,disprot_taxon_559292_saccharomyces_cerevisiae.json
P53954,DP00618,Saccharomyces cerevisiae (strain ATCC 204508 / S288c),559292,Fungal,"GDP-Man:Man(3)GlcNAc(2)-PP-Dol alpha-1,2-mannosyltransferase",ALG11,548,548,20,14,14,0.025547445255474453,0.025547445255474453,0.025547445255474453,0.023722627737226276,True,False,UPI0000125849,UniRef50_P53954,2016_10,disprot_taxon_559292_saccharomyces_cerevisiae.json
P45976,DP00625,Saccharomyces cerevisiae (strain ATCC 204508 / S288c),559292,Fungal,Pre-mRNA polyadenylation factor FIP1,FIP1,327,327,9,116,116,0.3547400611620795,0.3547400611620795,0.3547400611620795,0.27217125382262997,True,False,UPI0000052DD8,UniRef50_P45976,2016_10,disprot_taxon_559292_saccharomyces_cerevisiae.json
P38634,DP00631,Saccharomyces cerevisiae (strain ATCC 204508 / S288c),559292,Fungal,Protein SIC1,SIC1,284,284,29,284,284,1.0,1.0,1.0,0.352112676056338,True,False,UPI0000052F58,UniRef50_P38634,2016_10,disprot_taxon_559292_saccharomyces_cerevisiae.json
P08067,DP00687,Saccharomyces cerevisiae (strain ATCC 204508 / S288c),559292,Fungal,"Cytochrome b-c1 complex subunit Rieske, mitochondrial",RIP1,215,215,1,12,12,0.05581395348837209,0.05581395348837209,0.05581395348837209,0.09302325581395349,True,False,UPI0000137A75,UniRef50_P08067,2016_10,disprot_taxon_559292_saccharomyces_cerevisiae.json
P22943,DP00705,Saccharomyces cerevisiae (strain ATCC 204508 / S288c),559292,Fungal,12 kDa heat shock protein,HSP12,109,109,39,109,109,1.0,1.0,1.0,0.09174311926605505,True,False,UPI0000036C44,UniRef50_P22943,2016_10,disprot_taxon_559292_saccharomyces_cerevisiae.json
P20435,DP00771,Saccharomyces cerevisiae (strain ATCC 204508 / S288c),559292,Fungal,"DNA-directed RNA polymerases I, II, and III subunit RPABC2",RPO26,155,155,1,71,71,0.45806451612903226,0.45806451612903226,0.45806451612903226,0.10967741935483871,True,False,UPI0000053198,UniRef50_P20435,2016_10,disprot_taxon_559292_saccharomyces_cerevisiae.json
P46670,DP00778,Saccharomyces cerevisiae (strain ATCC 204508 / S288c),559292,Fungal,Tubulin-specific chaperone C,CIN2,268,268,6,56,56,0.208955223880597,0.208955223880597,0.208955223880597,0.10820895522388059,True,False,UPI0000168A3E,UniRef50_P46670,2016_10,disprot_taxon_559292_saccharomyces_cerevisiae.json
P38801,DP00788,Saccharomyces cerevisiae (strain ATCC 204508 / S288c),559292,Fungal,Exosome complex protein LRP1,LRP1,184,184,1,67,67,0.3641304347826087,0.3641304347826087,0.3641304347826087,0.14130434782608695,True,False,UPI000005318B,UniRef50_P38801,2016_10,disprot_taxon_559292_saccharomyces_cerevisiae.json
P40422,DP00818,Saccharomyces cerevisiae (strain ATCC 204508 / S288c),559292,Fungal,"DNA-directed RNA polymerases I, II, and III subunit RPABC4",RPC10,70,70,1,25,25,0.35714285714285715,0.35714285714285715,0.35714285714285715,0.0,True,False,UPI000013460F,UniRef50_P40422,2016_10,disprot_taxon_559292_saccharomyces_cerevisiae.json
Q03337,DP00835,Saccharomyces cerevisiae (strain ATCC 204508 / S288c),559292,Fungal,Trafficking protein particle complex subunit 31,TRS31,283,283,2,115,115,0.40636042402826855,0.40636042402826855,0.40636042402826855,0.2756183745583039,True,False,UPI0000052E1B,UniRef50_Q03337,2016_10,disprot_taxon_559292_saccharomyces_cerevisiae.json
P00127,DP00853,Saccharomyces cerevisiae (strain ATCC 204508 / S288c),559292,Fungal,Cytochrome b-c1 complex subunit 6,QCR6,147,147,2,72,72,0.4897959183673469,0.4897959183673469,0.4897959183673469,0.2925170068027211,True,False,UPI0000168BA2,UniRef50_P00127,2016_10,disprot_taxon_559292_saccharomyces_cerevisiae.json
P80428,DP00872,Saccharomyces cerevisiae (strain ATCC 204508 / S288c),559292,Fungal,Actin-related protein 4,ARP4,489,489,4,78,78,0.15950920245398773,0.15950920245398773,0.15950920245398773,0.14314928425357873,True,False,UPI0000052F17,UniRef50_P80428,2016_10,disprot_taxon_559292_saccharomyces_cerevisiae.json
Q12406,DP00874,Saccharomyces cerevisiae (strain ATCC 204508 / S288c),559292,Fungal,Actin-related protein 7,ARP7,477,477,3,53,53,0.1111111111111111,0.1111111111111111,0.1111111111111111,0.07127882599580712,True,False,UPI0000126063,UniRef50_Q12406,2016_10,disprot_taxon_559292_saccharomyces_cerevisiae.json
P50106,DP00884,Saccharomyces cerevisiae (strain ATCC 204508 / S288c),559292,Fungal,DNA-directed RNA polymerase I subunit RPA14,RPA14,137,137,6,83,83,0.6058394160583942,0.6058394160583942,0.6058394160583942,0.15328467153284672,True,False,UPI00001345BD,UniRef50_P50106,2016_10,disprot_taxon_559292_saccharomyces_cerevisiae.json
Q04660,DP00900,Saccharomyces cerevisiae (strain ATCC 204508 / S288c),559292,Fungal,Ribosome biogenesis protein ERB1,ERB1,807,807,3,36,36,0.04460966542750929,0.04460966542750929,0.04460966542750929,0.18463444857496902,True,False,UPI00000530E3,UniRef50_Q04660,2016_10,disprot_taxon_559292_saccharomyces_cerevisiae.json
P46984,DP00958,Saccharomyces cerevisiae (strain ATCC 204508 / S288c),559292,Fungal,EKC/KEOPS complex subunit GON7,GON7,123,123,9,123,123,1.0,1.0,1.0,0.04065040650406504,True,False,UPI000013B601,UniRef50_P46984,2016_10,disprot_taxon_559292_saccharomyces_cerevisiae.json
P39015,DP00994,Saccharomyces cerevisiae (strain ATCC 204508 / S288c),559292,Fungal,Suppressor protein STM1,STM1,273,273,8,161,161,0.5897435897435898,0.5897435897435898,0.5897435897435898,0.1391941391941392,True,False,UPI00005EE2F1,UniRef50_P39015,2016_10,disprot_taxon_559292_saccharomyces_cerevisiae.json
P01097,DP00995,Saccharomyces cerevisiae (strain ATCC 204508 / S288c),559292,Fungal,"ATPase inhibitor, mitochondrial",INH1,85,85,4,23,23,0.27058823529411763,0.27058823529411763,0.27058823529411763,0.0,True,False,UPI000017329E,UniRef50_P01097,2016_10,disprot_taxon_559292_saccharomyces_cerevisiae.json
O94742,DP01014,Saccharomyces cerevisiae (strain ATCC 204508 / S288c),559292,Fungal,26S proteasome complex subunit SEM1,SEM1,89,89,11,89,89,1.0,1.0,1.0,0.011235955056179775,True,False,UPI0000069DCA,UniRef50_O94742,2016_10,disprot_taxon_559292_saccharomyces_cerevisiae.json
P20676,DP01075,Saccharomyces cerevisiae (strain ATCC 204508 / S288c),559292,Fungal,Nucleoporin NUP1,NUP1,1076,1076,12,777,777,0.7221189591078067,0.7221189591078067,0.7221189591078067,0.8587360594795539,True,False,UPI0000130A2B,UniRef50_P20676,2016_10,disprot_taxon_559292_saccharomyces_cerevisiae.json
Q02629,DP01076,Saccharomyces cerevisiae (strain ATCC 204508 / S288c),559292,Fungal,Nucleoporin NUP100/NSP100,NUP100,959,959,15,640,640,0.6673618352450469,0.6673618352450469,0.6673618352450469,0.7570385818561001,True,False,UPI000012FC09,UniRef50_Q02629,2016_10,disprot_taxon_559292_saccharomyces_cerevisiae.json
P14907,DP01077,Saccharomyces cerevisiae (strain ATCC 204508 / S288c),559292,Fungal,Nucleoporin NSP1,NSP1,823,823,17,607,607,0.7375455650060754,0.7375455650060754,0.7375455650060754,0.7521263669501823,True,False,UPI0000053064,UniRef50_P14907,2016_10,disprot_taxon_559292_saccharomyces_cerevisiae.json
P40477,DP01078,Saccharomyces cerevisiae (strain ATCC 204508 / S288c),559292,Fungal,Nucleoporin NUP159,NUP159,1460,1460,10,441,441,0.30205479452054795,0.30205479452054795,0.30205479452054795,0.5397260273972603,True,False,UPI0000036C5D,UniRef50_P40477,2016_10,disprot_taxon_559292_saccharomyces_cerevisiae.json
P40517,DP01079,Saccharomyces cerevisiae (strain ATCC 204508 / S288c),559292,Fungal,Ran-specific GTPase-activating protein 2,YRB2,327,327,10,203,203,0.6207951070336392,0.6207951070336392,0.6207951070336392,0.42813455657492355,True,False,UPI000013BFA4,UniRef50_P40517,2016_10,disprot_taxon_559292_saccharomyces_cerevisiae.json
P40019,DP01135,Saccharomyces cerevisiae (strain ATCC 204508 / S288c),559292,Fungal,Histone H2A.Z-specific chaperone CHZ1,CHZ1,153,153,2,153,153,1.0,1.0,1.0,0.3006535947712418,True,False,UPI000013AC8E,UniRef50_P40019,2018_11,disprot_taxon_559292_saccharomyces_cerevisiae.json
P22470,DP01136,Saccharomyces cerevisiae (strain ATCC 204508 / S288c),559292,Fungal,Protein SAN1,SAN1,610,610,10,610,610,1.0,1.0,1.0,0.6491803278688525,True,False,UPI0000135539,UniRef50_P22470,2018_11,disprot_taxon_559292_saccharomyces_cerevisiae.json
P38293,DP01140,Saccharomyces cerevisiae (strain ATCC 204508 / S288c),559292,Fungal,Proteasome maturation factor UMP1,UMP1,148,148,5,148,148,1.0,1.0,1.0,0.0,True,False,UPI0000137C2C,UniRef50_P38293,2018_11,disprot_taxon_559292_saccharomyces_cerevisiae.json
P22216,DP01182,Saccharomyces cerevisiae (strain ATCC 204508 / S288c),559292,Fungal,Serine/threonine-protein kinase RAD53,RAD53,821,821,10,85,85,0.10353227771010962,0.10353227771010962,0.10353227771010962,0.24238733252131547,True,False,UPI000005328E,UniRef50_P22216,2018_11,disprot_taxon_559292_saccharomyces_cerevisiae.json
P46669,DP01185,Saccharomyces cerevisiae (strain ATCC 204508 / S288c),559292,Fungal,DNA-directed RNA polymerase I subunit RPA43,RPA43,326,326,3,17,17,0.05214723926380368,0.05214723926380368,0.05214723926380368,0.254601226993865,True,False,UPI00000531DF,UniRef50_P46669,2018_11,disprot_taxon_559292_saccharomyces_cerevisiae.json
P34087,DP01187,Saccharomyces cerevisiae (strain ATCC 204508 / S288c),559292,Fungal,DNA-directed RNA polymerase II subunit RPB7,RPB7,171,171,3,12,12,0.07017543859649122,0.07017543859649122,0.07017543859649122,0.0,True,False,UPI0000053195,UniRef50_P34087,2018_11,disprot_taxon_559292_saccharomyces_cerevisiae.json
P53874,DP01189,Saccharomyces cerevisiae (strain ATCC 204508 / S288c),559292,Fungal,Ubiquitin carboxyl-terminal hydrolase 10,UBP10,792,792,13,422,422,0.5328282828282829,0.5328282828282829,0.5328282828282829,0.48484848484848486,True,False,UPI000005309D,UniRef50_P53874,2018_11,disprot_taxon_559292_saccharomyces_cerevisiae.json
P39007,DP01195,Saccharomyces cerevisiae (strain ATCC 204508 / S288c),559292,Fungal,Dolichyl-diphosphooligosaccharide--protein glycosyltransferase subunit STT3,STT3,718,718,3,53,53,0.07381615598885793,0.07381615598885793,0.07381615598885793,0.025069637883008356,True,False,UPI0000168E6F,UniRef50_P39007,2018_11,disprot_taxon_559292_saccharomyces_cerevisiae.json
P48439,DP01196,Saccharomyces cerevisiae (strain ATCC 204508 / S288c),559292,Fungal,Dolichyl-diphosphooligosaccharide--protein glycosyltransferase subunit 3,OST3,350,350,4,193,193,0.5514285714285714,0.5514285714285714,0.5514285714285714,0.04,True,False,UPI0000130EE9,UniRef50_P48439,2018_11,disprot_taxon_559292_saccharomyces_cerevisiae.json
P36100,DP01237,Saccharomyces cerevisiae (strain ATCC 204508 / S288c),559292,Fungal,Transcription initiation factor IIE subunit alpha,TFA1,482,482,1,288,288,0.5975103734439834,0.5975103734439834,0.5975103734439834,0.2883817427385892,True,False,UPI000005304A,UniRef50_P36100,2018_11,disprot_taxon_559292_saccharomyces_cerevisiae.json
P25638,DP01243,Saccharomyces cerevisiae (strain ATCC 204508 / S288c),559292,Fungal,TPR repeat-containing protein associated with Hsp90,TAH1,111,111,4,20,20,0.18018018018018017,0.18018018018018017,0.18018018018018017,0.04504504504504504,True,False,UPI000013A726,UniRef50_P25638,2018_11,disprot_taxon_559292_saccharomyces_cerevisiae.json
P53905,DP01261,Saccharomyces cerevisiae (strain ATCC 204508 / S288c),559292,Fungal,U6 snRNA-associated Sm-like protein LSm7,LSM7,115,115,2,37,37,0.3217391304347826,0.3217391304347826,0.3217391304347826,0.008695652173913044,True,False,UPI00000530D5,UniRef50_P53905,2018_11,disprot_taxon_559292_saccharomyces_cerevisiae.json
P36152,DP01320,Saccharomyces cerevisiae (strain ATCC 204508 / S288c),559292,Fungal,Fe-S cluster assembly protein DRE2,DRE2,348,348,2,115,115,0.33045977011494254,0.33045977011494254,0.33045977011494254,0.1235632183908046,True,False,UPI0000052EB8,UniRef50_Q6CJS8,2018_11,disprot_taxon_559292_saccharomyces_cerevisiae.json
P32639,DP01330,Saccharomyces cerevisiae (strain ATCC 204508 / S288c),559292,Fungal,Pre-mRNA-splicing helicase BRR2,BRR2,2163,2163,3,203,203,0.09385113268608414,0.09385113268608414,0.09385113268608414,0.09153952843273232,True,False,UPI0000126AE4,UniRef50_P32639,2018_11,disprot_taxon_559292_saccharomyces_cerevisiae.json
P53330,DP01392,Saccharomyces cerevisiae (strain ATCC 204508 / S288c),559292,Fungal,Regulator of Ty1 transposition protein 102,RTT102,157,157,6,86,86,0.5477707006369427,0.5477707006369427,0.5477707006369427,0.2929936305732484,True,False,UPI000013AFCE,UniRef50_P53330,2018_11,disprot_taxon_559292_saccharomyces_cerevisiae.json
P47093,DP01401,Saccharomyces cerevisiae (strain ATCC 204508 / S288c),559292,Fungal,U6 snRNA-associated Sm-like protein LSm8,LSM8,109,109,1,42,42,0.3853211009174312,0.3853211009174312,0.3853211009174312,0.01834862385321101,True,False,UPI000013B61D,UniRef50_P47093,2018_11,disprot_taxon_559292_saccharomyces_cerevisiae.json
Q06406,DP01402,Saccharomyces cerevisiae (strain ATCC 204508 / S288c),559292,Fungal,U6 snRNA-associated Sm-like protein LSm6,LSM6,86,86,1,10,10,0.11627906976744186,0.11627906976744186,0.11627906976744186,0.023255813953488372,True,False,UPI00000530D4,UniRef50_A6ZYX7,2018_11,disprot_taxon_559292_saccharomyces_cerevisiae.json
Q03071,DP01430,Saccharomyces cerevisiae (strain ATCC 204508 / S288c),559292,Fungal,Elongin-C,ELC1,99,99,1,23,23,0.23232323232323232,0.23232323232323232,0.23232323232323232,0.010101010101010102,True,False,UPI0000069742,UniRef50_Q03071,2018_11,disprot_taxon_559292_saccharomyces_cerevisiae.json
P36118,DP01471,Saccharomyces cerevisiae (strain ATCC 204508 / S288c),559292,Fungal,Pre-mRNA-splicing factor NTR2,NTR2,322,322,4,322,322,1.0,1.0,1.0,0.30124223602484473,True,False,UPI000013B62A,UniRef50_P36118,2018_11,disprot_taxon_559292_saccharomyces_cerevisiae.json
P40161,DP01485,Saccharomyces cerevisiae (strain ATCC 204508 / S288c),559292,Fungal,Histone chaperone RTT106,RTT106,455,455,2,25,25,0.054945054945054944,0.054945054945054944,0.054945054945054944,0.2835164835164835,True,False,UPI000013BBBB,UniRef50_P40161,2018_11,disprot_taxon_559292_saccharomyces_cerevisiae.json
P33328,DP01502,Saccharomyces cerevisiae (strain ATCC 204508 / S288c),559292,Fungal,Synaptobrevin homolog 2,SNC2,115,115,4,91,91,0.7913043478260869,0.7913043478260869,0.7913043478260869,0.017391304347826087,True,False,UPI0000168E3B,UniRef50_P33328,2018_11,disprot_taxon_559292_saccharomyces_cerevisiae.json
P32867,DP01503,Saccharomyces cerevisiae (strain ATCC 204508 / S288c),559292,Fungal,Protein SSO1,SSO1,290,290,3,74,74,0.25517241379310346,0.25517241379310346,0.25517241379310346,0.07241379310344828,True,False,UPI0000135FE3,UniRef50_P32867,2018_11,disprot_taxon_559292_saccharomyces_cerevisiae.json
P39926,DP01504,Saccharomyces cerevisiae (strain ATCC 204508 / S288c),559292,Fungal,Protein SSO2,SSO2,295,295,1,74,74,0.25084745762711863,0.25084745762711863,0.25084745762711863,0.10508474576271186,True,False,UPI0000148B51,UniRef50_P39926,2018_11,disprot_taxon_559292_saccharomyces_cerevisiae.json
P32917,DP01511,Saccharomyces cerevisiae (strain ATCC 204508 / S288c),559292,Fungal,Protein STE5,STE5,917,917,4,90,90,0.09814612868047982,0.09814612868047982,0.09814612868047982,0.47110141766630315,True,False,UPI0000168E65,UniRef50_P32917,2018_11,disprot_taxon_559292_saccharomyces_cerevisiae.json
P53378,DP01513,Saccharomyces cerevisiae (strain ATCC 204508 / S288c),559292,Fungal,Tubulin gamma chain,TUB4,473,473,2,35,35,0.07399577167019028,0.07399577167019028,0.07399577167019028,0.07188160676532769,True,False,UPI000005307C,UniRef50_P53378,2018_11,disprot_taxon_559292_saccharomyces_cerevisiae.json
P25344,DP01515,Saccharomyces cerevisiae (strain ATCC 204508 / S288c),559292,Fungal,Protein STE50,STE50,346,346,1,63,63,0.18208092485549132,0.18208092485549132,0.18208092485549132,0.3786127167630058,True,False,UPI0000136073,UniRef50_P25344,2018_11,disprot_taxon_559292_saccharomyces_cerevisiae.json
Q06810,DP01516,Saccharomyces cerevisiae (strain ATCC 204508 / S288c),559292,Fungal,Protein OPY2,OPY2,360,360,6,152,152,0.4222222222222222,0.4222222222222222,0.4222222222222222,0.25555555555555554,True,False,UPI000006A585,UniRef50_Q06810,2018_11,disprot_taxon_559292_saccharomyces_cerevisiae.json
P04147,DP01538,Saccharomyces cerevisiae (strain ATCC 204508 / S288c),559292,Fungal,"Polyadenylate-binding protein, cytoplasmic and nuclear",PAB1,577,577,5,84,84,0.14558058925476602,0.14558058925476602,0.14558058925476602,0.17677642980935876,True,False,UPI0000168D4D,UniRef50_P04147,2018_11,disprot_taxon_559292_saccharomyces_cerevisiae.json
Q04964,DP01559,Saccharomyces cerevisiae (strain ATCC 204508 / S288c),559292,Fungal,Ribonucleotide reductase inhibitor protein SML1,SML1,104,104,6,104,104,1.0,1.0,1.0,0.17307692307692307,True,False,UPI000013B9AE,UniRef50_Q04964,2018_11,disprot_taxon_559292_saccharomyces_cerevisiae.json
P34233,DP01579,Saccharomyces cerevisiae (strain ATCC 204508 / S288c),559292,Fungal,Transcriptional regulatory protein ASH1,ASH1,588,588,7,81,81,0.1377551020408163,0.1377551020408163,0.1377551020408163,0.30612244897959184,True,False,UPI0000126104,UniRef50_P34233,2018_11,disprot_taxon_559292_saccharomyces_cerevisiae.json
P19880,DP01584,Saccharomyces cerevisiae (strain ATCC 204508 / S288c),559292,Fungal,AP-1-like transcription factor YAP1,YAP1,650,650,5,109,109,0.1676923076923077,0.1676923076923077,0.1676923076923077,0.6430769230769231,True,False,UPI0000168EFE,UniRef50_P19880,2018_11,disprot_taxon_559292_saccharomyces_cerevisiae.json
P21374,DP01593,Saccharomyces cerevisiae (strain ATCC 204508 / S288c),559292,Fungal,Pre-mRNA-splicing factor ISY1,ISY1,235,235,2,140,140,0.5957446808510638,0.5957446808510638,0.5957446808510638,0.00425531914893617,True,False,UPI0000168B93,UniRef50_P21374,2018_11,disprot_taxon_559292_saccharomyces_cerevisiae.json
P47142,DP01599,Saccharomyces cerevisiae (strain ATCC 204508 / S288c),559292,Fungal,Vacuolar protein-sorting-associated protein 25,VPS25,202,202,3,18,18,0.0891089108910891,0.0891089108910891,0.0891089108910891,0.06930693069306931,True,False,UPI000013B4D1,UniRef50_P47142,2018_11,disprot_taxon_559292_saccharomyces_cerevisiae.json
Q12483,DP01604,Saccharomyces cerevisiae (strain ATCC 204508 / S288c),559292,Fungal,Vacuolar-sorting protein SNF8,SNF8,233,233,3,22,22,0.0944206008583691,0.0944206008583691,0.0944206008583691,0.02145922746781116,True,False,UPI00000697FE,UniRef50_Q12483,2018_11,disprot_taxon_559292_saccharomyces_cerevisiae.json
Q06208,DP01606,Saccharomyces cerevisiae (strain ATCC 204508 / S288c),559292,Fungal,Protein RIF2,RIF2,395,395,2,47,47,0.1189873417721519,0.1189873417721519,0.1189873417721519,0.20506329113924052,True,False,UPI00001338EF,UniRef50_Q06208,2018_11,disprot_taxon_559292_saccharomyces_cerevisiae.json
P29539,DP01607,Saccharomyces cerevisiae (strain ATCC 204508 / S288c),559292,Fungal,Telomere length regulator protein RIF1,RIF1,1916,1916,1,84,84,0.04384133611691023,0.04384133611691023,0.04384133611691023,0.4102296450939457,True,False,UPI0000168DE8,UniRef50_P29539,2018_11,disprot_taxon_559292_saccharomyces_cerevisiae.json
Q06696,DP01611,Saccharomyces cerevisiae (strain ATCC 204508 / S288c),559292,Fungal,Vacuolar protein-sorting-associated protein 36,VPS36,566,566,6,395,395,0.6978798586572438,0.6978798586572438,0.6978798586572438,0.16431095406360424,True,False,UPI000006BA9D,UniRef50_Q06696,2018_11,disprot_taxon_559292_saccharomyces_cerevisiae.json
Q03834,DP01623,Saccharomyces cerevisiae (strain ATCC 204508 / S288c),559292,Fungal,DNA mismatch repair protein MSH6,MSH6,1242,1242,2,304,304,0.24476650563607086,0.24476650563607086,0.24476650563607086,0.22544283413848631,True,False,UPI0000053042,UniRef50_Q03834,2018_11,disprot_taxon_559292_saccharomyces_cerevisiae.json
P14736,DP01628,Saccharomyces cerevisiae (strain ATCC 204508 / S288c),559292,Fungal,DNA repair protein RAD4,RAD4,754,754,2,222,222,0.29442970822281167,0.29442970822281167,0.29442970822281167,0.22679045092838196,True,False,UPI000013307D,UniRef50_P14736,2018_11,disprot_taxon_559292_saccharomyces_cerevisiae.json
P32628,DP01629,Saccharomyces cerevisiae (strain ATCC 204508 / S288c),559292,Fungal,UV excision repair protein RAD23,RAD23,398,398,14,241,241,0.6055276381909548,0.6055276381909548,0.6055276381909548,0.34673366834170855,True,False,UPI0000053043,UniRef50_P32628,2018_11,disprot_taxon_559292_saccharomyces_cerevisiae.json
P07276,DP01631,Saccharomyces cerevisiae (strain ATCC 204508 / S288c),559292,Fungal,DNA repair protein RAD2,RAD2,1031,1031,6,119,119,0.11542192046556742,0.11542192046556742,0.11542192046556742,0.38700290979631424,True,False,UPI000017B328,UniRef50_P07276,2018_11,disprot_taxon_559292_saccharomyces_cerevisiae.json
P32776,DP01638,Saccharomyces cerevisiae (strain ATCC 204508 / S288c),559292,Fungal,General transcription and DNA repair factor IIH subunit TFB1,TFB1,642,642,12,119,119,0.1853582554517134,0.1853582554517134,0.1853582554517134,0.11526479750778816,True,False,UPI000005304B,UniRef50_P32776,2018_11,disprot_taxon_559292_saccharomyces_cerevisiae.json
Q3E840,DP01653,Saccharomyces cerevisiae (strain ATCC 204508 / S288c),559292,Fungal,Diphthamide biosynthesis protein 3,KTI11,82,82,1,13,13,0.15853658536585366,0.15853658536585366,0.15853658536585366,0.024390243902439025,True,False,UPI000015489E,UniRef50_P31386,2018_11,disprot_taxon_559292_saccharomyces_cerevisiae.json
Q06628,DP01732,Saccharomyces cerevisiae (strain ATCC 204508 / S288c),559292,Fungal,Autophagy-related protein 13,ATG13,738,738,34,471,471,0.6382113821138211,0.6382113821138211,0.6382113821138211,0.5623306233062331,True,False,UPI000006B8CF,UniRef50_Q06628,2018_11,disprot_taxon_559292_saccharomyces_cerevisiae.json
Q07528,DP01744,Saccharomyces cerevisiae (strain ATCC 204508 / S288c),559292,Fungal,Autophagy-related protein 20,ATG20,640,640,5,160,160,0.25,0.25,0.25,0.315625,True,False,UPI000006BC72,UniRef50_Q07528,2018_11,disprot_taxon_559292_saccharomyces_cerevisiae.json
P53632,DP01775,Saccharomyces cerevisiae (strain ATCC 204508 / S288c),559292,Fungal,Poly(A) RNA polymerase protein 2,PAP2,584,584,6,263,263,0.4503424657534247,0.4503424657534247,0.4503424657534247,0.3236301369863014,True,False,UPI000005309C,UniRef50_P53632,2018_11,disprot_taxon_559292_saccharomyces_cerevisiae.json
P25644,DP01825,Saccharomyces cerevisiae (strain ATCC 204508 / S288c),559292,Fungal,DNA topoisomerase 2-associated protein PAT1,PAT1,796,796,3,93,93,0.11683417085427136,0.11683417085427136,0.11683417085427136,0.3806532663316583,True,False,UPI00000530D6,UniRef50_P25644,2018_11,disprot_taxon_559292_saccharomyces_cerevisiae.json
P38968,DP01840,Saccharomyces cerevisiae (strain ATCC 204508 / S288c),559292,Fungal,Protein transport protein SEC31,SEC31,1273,1273,1,331,331,0.26001571091908876,0.26001571091908876,0.26001571091908876,0.3401413982717989,True,False,UPI00001689F0,UniRef50_P38968,2018_11,disprot_taxon_559292_saccharomyces_cerevisiae.json
P47047,DP01867,Saccharomyces cerevisiae (strain ATCC 204508 / S288c),559292,Fungal,ATP-dependent RNA helicase DOB1,MTR4,1073,1073,17,150,150,0.13979496738117428,0.13979496738117428,0.13979496738117428,0.10344827586206896,True,False,UPI0000052EB1,UniRef50_P47047,2018_11,disprot_taxon_559292_saccharomyces_cerevisiae.json
Q07930,DP01890,Saccharomyces cerevisiae (strain ATCC 204508 / S288c),559292,Fungal,Pre-mRNA leakage protein 1,PML1,204,204,5,71,71,0.3480392156862745,0.3480392156862745,0.3480392156862745,0.049019607843137254,True,False,UPI000013B7A1,UniRef50_Q07930,2018_11,disprot_taxon_559292_saccharomyces_cerevisiae.json
Q02554,DP01978,Saccharomyces cerevisiae (strain ATCC 204508 / S288c),559292,Fungal,Cold sensitive U2 snRNA suppressor 1,CUS1,436,436,1,18,18,0.04128440366972477,0.04128440366972477,0.04128440366972477,0.2981651376146789,True,False,UPI0000053202,UniRef50_Q02554,2018_11,disprot_taxon_559292_saccharomyces_cerevisiae.json
P32504,DP02033,Saccharomyces cerevisiae (strain ATCC 204508 / S288c),559292,Fungal,Centromere DNA-binding protein complex CBF3 subunit A,CBF2,956,956,8,499,499,0.5219665271966527,0.5219665271966527,0.5219665271966527,0.22071129707112971,True,False,UPI0000127151,UniRef50_P32504,2018_11,disprot_taxon_559292_saccharomyces_cerevisiae.json
P41814,DP02050,Saccharomyces cerevisiae (strain ATCC 204508 / S288c),559292,Fungal,tRNA (adenine(58)-N(1))-methyltransferase non-catalytic subunit TRM6,GCD10,478,478,3,145,145,0.303347280334728,0.303347280334728,0.303347280334728,0.1087866108786611,True,False,UPI000012D323,UniRef50_P41814,2018_11,disprot_taxon_559292_saccharomyces_cerevisiae.json
P33322,DP02055,Saccharomyces cerevisiae (strain ATCC 204508 / S288c),559292,Fungal,H/ACA ribonucleoprotein complex subunit CBF5,CBF5,483,483,1,44,44,0.09109730848861283,0.09109730848861283,0.09109730848861283,0.14492753623188406,True,False,UPI0000052ECF,UniRef50_P33322,2018_11,disprot_taxon_559292_saccharomyces_cerevisiae.json
P33411,DP02073,Saccharomyces cerevisiae (strain ATCC 204508 / S288c),559292,Fungal,Pre-mRNA-splicing factor 18,PRP18,251,251,1,20,20,0.0796812749003984,0.0796812749003984,0.0796812749003984,0.199203187250996,True,False,UPI0000053214,UniRef50_P33411,2018_11,disprot_taxon_559292_saccharomyces_cerevisiae.json
P27472,DP02097,Saccharomyces cerevisiae (strain ATCC 204508 / S288c),559292,Fungal,Glycogen [starch] synthase isoform 2,GSY2,705,705,9,78,78,0.11063829787234042,0.11063829787234042,0.11063829787234042,0.08085106382978724,True,False,UPI00001683A4,UniRef50_P27472,2018_11,disprot_taxon_559292_saccharomyces_cerevisiae.json
Q02199,DP02122,Saccharomyces cerevisiae (strain ATCC 204508 / S288c),559292,Fungal,Nucleoporin NUP49/NSP49,NUP49,472,472,7,290,290,0.614406779661017,0.614406779661017,0.614406779661017,0.559322033898305,True,False,UPI000013071E,UniRef50_Q02199,2018_11,disprot_taxon_559292_saccharomyces_cerevisiae.json
Q03281,DP02124,Saccharomyces cerevisiae (strain ATCC 204508 / S288c),559292,Fungal,Inner nuclear membrane protein HEH2,HEH2,663,663,2,42,42,0.06334841628959276,0.06334841628959276,0.06334841628959276,0.3740573152337858,True,False,UPI000013A86E,UniRef50_Q03281,2018_11,disprot_taxon_559292_saccharomyces_cerevisiae.json
P04386,DP02132,Saccharomyces cerevisiae (strain ATCC 204508 / S288c),559292,Fungal,Regulatory protein GAL4,GAL4,881,881,1,38,38,0.043132803632236094,0.043132803632236094,0.043132803632236094,0.3598183881952327,True,False,UPI0000000980,UniRef50_P04386,2018_11,disprot_taxon_559292_saccharomyces_cerevisiae.json
P32337,DP02144,Saccharomyces cerevisiae (strain ATCC 204508 / S288c),559292,Fungal,Importin subunit beta-3,PSE1,1089,1089,2,11,11,0.010101010101010102,0.010101010101010102,0.010101010101010102,0.005509641873278237,True,False,UPI000016898A,UniRef50_P32337,2018_11,disprot_taxon_559292_saccharomyces_cerevisiae.json
P47054,DP02145,Saccharomyces cerevisiae (strain ATCC 204508 / S288c),559292,Fungal,Nucleoporin NUP192,NUP192,1683,1683,3,138,138,0.08199643493761141,0.08199643493761141,0.08199643493761141,0.050505050505050504,True,False,UPI000013B540,UniRef50_P47054,2018_11,disprot_taxon_559292_saccharomyces_cerevisiae.json
P49687,DP02155,Saccharomyces cerevisiae (strain ATCC 204508 / S288c),559292,Fungal,Nucleoporin NUP145,NUP145,1317,1317,3,129,129,0.0979498861047836,0.0979498861047836,0.0979498861047836,0.3895216400911162,True,False,UPI0000052F85,UniRef50_P49687,2018_11,disprot_taxon_559292_saccharomyces_cerevisiae.json
P46673,DP02156,Saccharomyces cerevisiae (strain ATCC 204508 / S288c),559292,Fungal,Nucleoporin NUP85,NUP85,744,744,3,65,65,0.08736559139784947,0.08736559139784947,0.08736559139784947,0.0739247311827957,True,False,UPI0000052F87,UniRef50_P46673,2018_11,disprot_taxon_559292_saccharomyces_cerevisiae.json
P35729,DP02157,Saccharomyces cerevisiae (strain ATCC 204508 / S288c),559292,Fungal,Nucleoporin NUP120,NUP120,1037,1037,1,23,23,0.022179363548698167,0.022179363548698167,0.022179363548698167,0.03182256509161042,True,False,UPI0000052F84,UniRef50_P35729,2018_11,disprot_taxon_559292_saccharomyces_cerevisiae.json
P36161,DP02158,Saccharomyces cerevisiae (strain ATCC 204508 / S288c),559292,Fungal,Nucleoporin NUP133,NUP133,1157,1157,2,55,55,0.04753673292999136,0.04753673292999136,0.04753673292999136,0.07087294727744166,True,False,UPI000012FC14,UniRef50_P36161,2018_11,disprot_taxon_559292_saccharomyces_cerevisiae.json
P32566,DP02159,Saccharomyces cerevisiae (strain ATCC 204508 / S288c),559292,Fungal,Cell wall assembly regulator SMI1,SMI1,505,505,1,166,166,0.3287128712871287,0.3287128712871287,0.3287128712871287,0.3702970297029703,True,False,UPI0000135AAD,UniRef50_P32566,2018_11,disprot_taxon_559292_saccharomyces_cerevisiae.json
P21734,DP02193,Saccharomyces cerevisiae (strain ATCC 204508 / S288c),559292,Fungal,Ubiquitin-conjugating enzyme E2 1,UBC1,215,215,2,23,23,0.10697674418604651,0.10697674418604651,0.10697674418604651,0.037209302325581395,True,False,UPI0000137952,UniRef50_P21734,2018_11,disprot_taxon_559292_saccharomyces_cerevisiae.json
P53136,DP02195,Saccharomyces cerevisiae (strain ATCC 204508 / S288c),559292,Fungal,Ribosome biogenesis protein NSA1,NSA1,463,463,1,30,30,0.06479481641468683,0.06479481641468683,0.06479481641468683,0.047516198704103674,True,False,UPI0000053232,UniRef50_P53136,2018_11,disprot_taxon_559292_saccharomyces_cerevisiae.json
P32521,DP02220,Saccharomyces cerevisiae (strain ATCC 204508 / S288c),559292,Fungal,Actin cytoskeleton-regulatory complex protein PAN1,PAN1,1480,1480,2,290,290,0.19594594594594594,0.19594594594594594,0.19594594594594594,0.6452702702702703,True,False,UPI0000168D51,UniRef50_P32521,2018_11,disprot_taxon_559292_saccharomyces_cerevisiae.json
Q02821,DP02227,Saccharomyces cerevisiae (strain ATCC 204508 / S288c),559292,Fungal,Importin subunit alpha,SRP1,542,542,1,21,21,0.03874538745387454,0.03874538745387454,0.03874538745387454,0.12177121771217712,True,False,UPI000003311C,UniRef50_Q02821,2018_11,disprot_taxon_559292_saccharomyces_cerevisiae.json
P38862,DP02249,Saccharomyces cerevisiae (strain ATCC 204508 / S288c),559292,Fungal,Ubiquitin-like modifier-activating enzyme ATG7,ATG7,630,630,2,13,13,0.020634920634920634,0.020634920634920634,0.020634920634920634,0.015873015873015872,True,False,UPI0000125C64,UniRef50_P38862,2018_11,disprot_taxon_559292_saccharomyces_cerevisiae.json
P02309,DP02260,Saccharomyces cerevisiae (strain ATCC 204508 / S288c),559292,Fungal,Histone H4,HHF1,103,103,6,18,18,0.17475728155339806,0.17475728155339806,0.17475728155339806,0.009708737864077669,True,False,UPI0000111D40,UniRef50_P02309,2018_11,disprot_taxon_559292_saccharomyces_cerevisiae.json
Q12306,DP02264,Saccharomyces cerevisiae (strain ATCC 204508 / S288c),559292,Fungal,Ubiquitin-like protein SMT3,SMT3,101,101,1,23,23,0.22772277227722773,0.22772277227722773,0.22772277227722773,0.16831683168316833,True,False,UPI00001122F6,UniRef50_Q12306,2018_11,disprot_taxon_559292_saccharomyces_cerevisiae.json
Q05471,DP02295,Saccharomyces cerevisiae (strain ATCC 204508 / S288c),559292,Fungal,Helicase SWR1,SWR1,1514,1514,5,29,29,0.01915455746367239,0.01915455746367239,0.01915455746367239,0.3368560105680317,True,False,UPI000013A81C,UniRef50_Q05471,2018_11,disprot_taxon_559292_saccharomyces_cerevisiae.json
P53865,DP02324,Saccharomyces cerevisiae (strain ATCC 204508 / S288c),559292,Fungal,Chaotic nuclear migration protein 67,CNM67,581,581,2,10,10,0.01721170395869191,0.01721170395869191,0.01721170395869191,0.26506024096385544,True,False,UPI000013BBCA,UniRef50_P53865,2018_11,disprot_taxon_559292_saccharomyces_cerevisiae.json
O60200,DP02325,Saccharomyces cerevisiae (strain ATCC 204508 / S288c),559292,Fungal,Mitochondrial distribution and morphology protein 35,MDM35,86,86,1,15,15,0.1744186046511628,0.1744186046511628,0.1744186046511628,0.023255813953488372,True,False,UPI000013B6D1,UniRef50_Q05776,2018_11,disprot_taxon_559292_saccharomyces_cerevisiae.json
Q05776,DP02326,Saccharomyces cerevisiae (strain ATCC 204508 / S288c),559292,Fungal,"Protein UPS1, mitochondrial",UPS1,175,175,3,10,10,0.05714285714285714,0.05714285714285714,0.05714285714285714,0.0,True,False,UPI000006984C,UniRef50_Q05776,2018_11,disprot_taxon_559292_saccharomyces_cerevisiae.json
P36080,DP02355,Saccharomyces cerevisiae (strain ATCC 204508 / S288c),559292,Fungal,Ribosomal RNA-processing protein 14,RRP14,434,434,4,336,336,0.7741935483870968,0.7741935483870968,0.7741935483870968,0.16820276497695852,True,False,UPI000013B6FF,UniRef50_P36080,2021_06,disprot_taxon_559292_saccharomyces_cerevisiae.json
P35201,DP02395,Saccharomyces cerevisiae (strain ATCC 204508 / S288c),559292,Fungal,Inner kinetochore subunit MIF2,MIF2,549,549,2,72,72,0.13114754098360656,0.13114754098360656,0.13114754098360656,0.366120218579235,True,False,UPI000012F0EC,UniRef50_P35201,2021_06,disprot_taxon_559292_saccharomyces_cerevisiae.json
P11746,DP02397,Saccharomyces cerevisiae (strain ATCC 204508 / S288c),559292,Fungal,Pheromone receptor transcription factor,MCM1,286,286,4,16,16,0.055944055944055944,0.055944055944055944,0.055944055944055944,0.4230769230769231,True,False,UPI0000168C1C,UniRef50_P11746,2021_06,disprot_taxon_559292_saccharomyces_cerevisiae.json
Q03707,DP02448,Saccharomyces cerevisiae (strain ATCC 204508 / S288c),559292,Fungal,Inner nuclear membrane protein SRC1,SRC1,834,834,7,259,259,0.3105515587529976,0.3105515587529976,0.3105515587529976,0.43285371702637887,True,False,UPI0000168A8A,UniRef50_Q03707,2023_12,disprot_taxon_559292_saccharomyces_cerevisiae.json
Q12476,DP02464,Saccharomyces cerevisiae (strain ATCC 204508 / S288c),559292,Fungal,Protein AIR2,AIR2,344,344,3,13,13,0.0377906976744186,0.0377906976744186,0.0377906976744186,0.38953488372093026,True,False,UPI00000530F6,UniRef50_Q12476,2020_12,disprot_taxon_559292_saccharomyces_cerevisiae.json
Q12432,DP02466,Saccharomyces cerevisiae (strain ATCC 204508 / S288c),559292,Fungal,Chromatin modification-related protein EAF3,EAF3,401,401,1,10,10,0.02493765586034913,0.02493765586034913,0.02493765586034913,0.24189526184538654,True,False,UPI0000052F18,UniRef50_Q12432,2021_06,disprot_taxon_559292_saccharomyces_cerevisiae.json
Q12495,DP02470,Saccharomyces cerevisiae (strain ATCC 204508 / S288c),559292,Fungal,Chromatin assembly factor 1 subunit p90,RLF2,606,606,1,63,63,0.10396039603960396,0.10396039603960396,0.10396039603960396,0.30528052805280526,True,False,UPI0000126D75,UniRef50_Q12495,2023_12,disprot_taxon_559292_saccharomyces_cerevisiae.json
Q12000,DP02474,Saccharomyces cerevisiae (strain ATCC 204508 / S288c),559292,Fungal,Translation machinery-associated protein 46,TMA46,345,345,1,37,37,0.1072463768115942,0.1072463768115942,0.1072463768115942,0.04927536231884058,True,False,UPI000006C497,UniRef50_Q12000,2020_12,disprot_taxon_559292_saccharomyces_cerevisiae.json
P36106,DP02476,Saccharomyces cerevisiae (strain ATCC 204508 / S288c),559292,Fungal,Transcription factor BYE1,BYE1,594,594,7,460,460,0.7744107744107744,0.7744107744107744,0.7744107744107744,0.3501683501683502,True,False,UPI000013B6A7,UniRef50_P36106,2020_06,disprot_taxon_559292_saccharomyces_cerevisiae.json
Q12102,DP02480,Saccharomyces cerevisiae (strain ATCC 204508 / S288c),559292,Fungal,Cleavage factor two protein 2,CFT2,859,859,1,203,203,0.23632130384167638,0.23632130384167638,0.23632130384167638,0.15250291036088476,True,False,UPI0000052DD6,UniRef50_Q12102,2020_06,disprot_taxon_559292_saccharomyces_cerevisiae.json
P46674,DP02481,Saccharomyces cerevisiae (strain ATCC 204508 / S288c),559292,Fungal,Nuclear mRNA export protein SAC3,SAC3,1301,1301,12,893,893,0.6863950807071484,0.6863950807071484,0.6863950807071484,0.3051498847040738,True,False,UPI0000168A3F,UniRef50_P46674,2020_06,disprot_taxon_559292_saccharomyces_cerevisiae.json
Q05022,DP02513,Saccharomyces cerevisiae (strain ATCC 204508 / S288c),559292,Fungal,rRNA biogenesis protein RRP5,RRP5,1729,1729,1,1408,1408,0.8143435511856565,0.8143435511856565,0.8143435511856565,0.13880855986119145,True,False,UPI0000134AD6,UniRef50_Q05022,2020_06,disprot_taxon_559292_saccharomyces_cerevisiae.json
Q01080,DP02519,Saccharomyces cerevisiae (strain ATCC 204508 / S288c),559292,Fungal,DNA-directed RNA polymerase I subunit RPA49,RPA49,415,415,7,301,301,0.7253012048192771,0.7253012048192771,0.7253012048192771,0.02650602409638554,True,False,UPI0000168AD5,UniRef50_Q01080,2020_06,disprot_taxon_559292_saccharomyces_cerevisiae.json
P04050,DP02527,Saccharomyces cerevisiae (strain ATCC 204508 / S288c),559292,Fungal,DNA-directed RNA polymerase II subunit RPB1,RPO21,1733,1733,7,288,288,0.1661858049624928,0.1661858049624928,0.1661858049624928,0.16272360069244085,True,False,UPI0000168E01,UniRef50_P04050,2020_06,disprot_taxon_559292_saccharomyces_cerevisiae.json
Q04410,DP02544,Saccharomyces cerevisiae (strain ATCC 204508 / S288c),559292,Fungal,GRASP65 homolog protein 1,GRH1,372,372,5,372,372,1.0,1.0,1.0,0.24731182795698925,True,False,UPI000006A1E4,UniRef50_Q04410,2023_12,disprot_taxon_559292_saccharomyces_cerevisiae.json
P10081,DP02562,Saccharomyces cerevisiae (strain ATCC 204508 / S288c),559292,Fungal,ATP-dependent RNA helicase eIF4A,TIF1,395,395,2,11,11,0.027848101265822784,0.027848101265822784,0.027848101265822784,0.015189873417721518,True,False,UPI000012D36B,UniRef50_Q10055,2020_12,disprot_taxon_559292_saccharomyces_cerevisiae.json
Q05080,DP02589,Saccharomyces cerevisiae (strain ATCC 204508 / S288c),559292,Fungal,Cytokinesis protein 2,HOF1,669,669,1,25,25,0.03736920777279522,0.03736920777279522,0.03736920777279522,0.3796711509715994,True,False,UPI0000128C32,UniRef50_Q05080,2021_06,disprot_taxon_559292_saccharomyces_cerevisiae.json
P38111,DP02671,Saccharomyces cerevisiae (strain ATCC 204508 / S288c),559292,Fungal,Serine/threonine-protein kinase MEC1,MEC1,2368,2368,5,248,248,0.10472972972972973,0.10472972972972973,0.10472972972972973,0.008868243243243243,True,False,UPI000012A1D6,UniRef50_P38111,2023_12,disprot_taxon_559292_saccharomyces_cerevisiae.json
P32357,DP02721,Saccharomyces cerevisiae (strain ATCC 204508 / S288c),559292,Fungal,A1 cistron-splicing factor AAR2,AAR2,355,355,2,19,19,0.05352112676056338,0.05352112676056338,0.05352112676056338,0.08450704225352113,True,False,UPI0000053112,UniRef50_P32357,2021_06,disprot_taxon_559292_saccharomyces_cerevisiae.json
P33334,DP02722,Saccharomyces cerevisiae (strain ATCC 204508 / S288c),559292,Fungal,Pre-mRNA-splicing factor 8,PRP8,2413,2413,2,61,61,0.025279734769995857,0.025279734769995857,0.025279734769995857,0.0820555325321177,True,False,UPI000013213D,UniRef50_P33334,2021_06,disprot_taxon_559292_saccharomyces_cerevisiae.json
Q04049,DP02736,Saccharomyces cerevisiae (strain ATCC 204508 / S288c),559292,Fungal,DNA polymerase eta,RAD30,632,632,3,123,123,0.19462025316455697,0.19462025316455697,0.19462025316455697,0.1060126582278481,True,False,UPI000006B8F4,UniRef50_Q04049,2021_06,disprot_taxon_559292_saccharomyces_cerevisiae.json
Q03653,DP02751,Saccharomyces cerevisiae (strain ATCC 204508 / S288c),559292,Fungal,Protein EFR3,EFR3,782,782,1,16,16,0.020460358056265986,0.020460358056265986,0.020460358056265986,0.2851662404092072,True,False,UPI000013B910,UniRef50_Q03653,2021_06,disprot_taxon_559292_saccharomyces_cerevisiae.json
P46951,DP02752,Saccharomyces cerevisiae (strain ATCC 204508 / S288c),559292,Fungal,Cargo-transport protein YPP1,YPP1,817,817,4,42,42,0.051407588739290085,0.051407588739290085,0.051407588739290085,0.056303549571603426,True,False,UPI000013AF9E,UniRef50_P46951,2023_12,disprot_taxon_559292_saccharomyces_cerevisiae.json
P25299,DP02761,Saccharomyces cerevisiae (strain ATCC 204508 / S288c),559292,Fungal,mRNA 3'-end-processing protein RNA15,RNA15,296,296,5,106,106,0.3581081081081081,0.3581081081081081,0.3581081081081081,0.20608108108108109,True,False,UPI0000052DDF,UniRef50_P25299,2021_06,disprot_taxon_559292_saccharomyces_cerevisiae.json
P15442,DP02767,Saccharomyces cerevisiae (strain ATCC 204508 / S288c),559292,Fungal,eIF-2-alpha kinase GCN2,GCN2,1659,1659,8,175,175,0.10548523206751055,0.10548523206751055,0.10548523206751055,0.1723930078360458,True,False,UPI000012B2E6,UniRef50_P15442,2023_12,disprot_taxon_559292_saccharomyces_cerevisiae.json
P09950,DP02768,Saccharomyces cerevisiae (strain ATCC 204508 / S288c),559292,Fungal,"5-aminolevulinate synthase, mitochondrial",HEM1,548,548,7,66,66,0.12043795620437957,0.12043795620437957,0.12043795620437957,0.10948905109489052,True,False,UPI000012C441,UniRef50_P09950,2021_06,disprot_taxon_559292_saccharomyces_cerevisiae.json
P06782,DP02769,Saccharomyces cerevisiae (strain ATCC 204508 / S288c),559292,Fungal,Carbon catabolite-derepressing protein kinase,SNF1,633,633,3,18,18,0.02843601895734597,0.02843601895734597,0.02843601895734597,0.2527646129541864,True,False,UPI0000052F22,UniRef50_P06782,2021_06,disprot_taxon_559292_saccharomyces_cerevisiae.json
P16892,DP02784,Saccharomyces cerevisiae (strain ATCC 204508 / S288c),559292,Fungal,Mitogen-activated protein kinase FUS3,FUS3,353,353,1,16,16,0.0453257790368272,0.0453257790368272,0.0453257790368272,0.04815864022662889,True,False,UPI000012AD91,UniRef50_P16892,2021_06,disprot_taxon_559292_saccharomyces_cerevisiae.json
P0CY08,DP02806,Saccharomyces cerevisiae (strain ATCC 204508 / S288c),559292,Fungal,Mating-type protein ALPHA2,MATALPHA2,210,210,11,51,51,0.24285714285714285,0.24285714285714285,0.24285714285714285,0.0380952380952381,True,False,UPI000012EBF8,UniRef50_P0CY09,2021_06,disprot_taxon_559292_saccharomyces_cerevisiae.json
P53927,DP02808,Saccharomyces cerevisiae (strain ATCC 204508 / S288c),559292,Fungal,Ribosome biogenesis protein 15,NOP15,220,220,9,129,129,0.5863636363636363,0.5863636363636363,0.5863636363636363,0.22727272727272727,True,False,UPI0000053239,UniRef50_P53927,2021_06,disprot_taxon_559292_saccharomyces_cerevisiae.json
P53193,DP02809,Saccharomyces cerevisiae (strain ATCC 204508 / S288c),559292,Fungal,"J-type co-chaperone JAC1, mitochondrial",JAC1,184,184,3,24,24,0.13043478260869565,0.13043478260869565,0.13043478260869565,0.05434782608695652,True,False,UPI000013B023,UniRef50_P53193,2021_06,disprot_taxon_559292_saccharomyces_cerevisiae.json
P40344,DP02826,Saccharomyces cerevisiae (strain ATCC 204508 / S288c),559292,Fungal,Autophagy-related protein 3,ATG3,310,310,17,138,138,0.44516129032258067,0.44516129032258067,0.44516129032258067,0.25806451612903225,True,False,UPI0000052F5F,UniRef50_W0TEF9,2021_06,disprot_taxon_559292_saccharomyces_cerevisiae.json
P47110,DP02847,Saccharomyces cerevisiae (strain ATCC 204508 / S288c),559292,Fungal,DNA polymerase delta subunit 3,POL32,350,350,4,234,234,0.6685714285714286,0.6685714285714286,0.6685714285714286,0.26,True,False,UPI0000129740,UniRef50_P47110,2021_06,disprot_taxon_559292_saccharomyces_cerevisiae.json
P15436,DP02848,Saccharomyces cerevisiae (strain ATCC 204508 / S288c),559292,Fungal,DNA polymerase delta catalytic subunit,POL3,1097,1097,2,45,45,0.04102096627164995,0.04102096627164995,0.04102096627164995,0.07474931631722881,True,False,UPI0000168B4F,UniRef50_P15436,2021_06,disprot_taxon_559292_saccharomyces_cerevisiae.json
P53853,DP02908,Saccharomyces cerevisiae (strain ATCC 204508 / S288c),559292,Fungal,Vacuolar protein sorting-associated protein 75,VPS75,264,264,3,39,39,0.14772727272727273,0.14772727272727273,0.14772727272727273,0.08333333333333333,True,False,UPI000013BBD6,UniRef50_P53853,2021_06,disprot_taxon_559292_saccharomyces_cerevisiae.json
Q02521,DP02917,Saccharomyces cerevisiae (strain ATCC 204508 / S288c),559292,Fungal,Pre-mRNA-splicing factor SPP2,SPP2,185,185,6,176,176,0.9513513513513514,0.9513513513513514,0.9513513513513514,0.10810810810810811,True,False,UPI0000135E65,UniRef50_Q02521,2021_06,disprot_taxon_559292_saccharomyces_cerevisiae.json
P53104,DP03008,Saccharomyces cerevisiae (strain ATCC 204508 / S288c),559292,Fungal,Serine/threonine-protein kinase ATG1,ATG1,897,897,1,255,255,0.2842809364548495,0.2842809364548495,0.2842809364548495,0.3857302118171683,True,False,UPI0000125C5E,UniRef50_Q75CH3,2023_12,disprot_taxon_559292_saccharomyces_cerevisiae.json
P35207,DP03154,Saccharomyces cerevisiae (strain ATCC 204508 / S288c),559292,Fungal,Antiviral helicase SKI2,SKI2,1287,1287,1,65,65,0.050505050505050504,0.050505050505050504,0.050505050505050504,0.09634809634809635,True,False,UPI0000168E36,UniRef50_P35207,2021_12,disprot_taxon_559292_saccharomyces_cerevisiae.json
P30771,DP03226,Saccharomyces cerevisiae (strain ATCC 204508 / S288c),559292,Fungal,ATP-dependent helicase NAM7,NAM7,971,971,2,12,12,0.012358393408856848,0.012358393408856848,0.012358393408856848,0.18640576725025745,True,False,UPI000004EEDA,UniRef50_P30771,2021_06,disprot_taxon_559292_saccharomyces_cerevisiae.json
P02400,DP03374,Saccharomyces cerevisiae (strain ATCC 204508 / S288c),559292,Fungal,60S acidic ribosomal protein P2-beta,RPP2B,110,110,5,110,110,1.0,1.0,1.0,0.23636363636363636,True,False,UPI0000173AB5,UniRef50_P02400,2021_12,disprot_taxon_559292_saccharomyces_cerevisiae.json
Q04195,DP03464,Saccharomyces cerevisiae (strain ATCC 204508 / S288c),559292,Fungal,E3 SUMO-protein ligase SIZ1,SIZ1,904,904,2,21,21,0.023230088495575223,0.023230088495575223,0.023230088495575223,0.5453539823008849,True,False,,UniRef50_Q04195,2023_12,disprot_taxon_559292_saccharomyces_cerevisiae.json
Q04087,DP03494,Saccharomyces cerevisiae (strain ATCC 204508 / S288c),559292,Fungal,Monopolin complex subunit LRS4,LRS4,347,347,2,58,58,0.16714697406340057,0.16714697406340057,0.16714697406340057,0.40057636887608067,True,False,,UniRef50_Q04087,2023_12,disprot_taxon_559292_saccharomyces_cerevisiae.json
P22515,DP03496,Saccharomyces cerevisiae (strain ATCC 204508 / S288c),559292,Fungal,Ubiquitin-activating enzyme E1 1,UBA1,1024,1024,1,23,23,0.0224609375,0.0224609375,0.0224609375,0.0107421875,True,False,,UniRef50_P22515,2021_12,disprot_taxon_559292_saccharomyces_cerevisiae.json
P33309,DP03506,Saccharomyces cerevisiae (strain ATCC 204508 / S288c),559292,Fungal,Protein DOM34,DOM34,386,386,1,12,12,0.031088082901554404,0.031088082901554404,0.031088082901554404,0.018134715025906734,True,False,,UniRef50_P33309,2021_12,disprot_taxon_559292_saccharomyces_cerevisiae.json
P05453,DP03548,Saccharomyces cerevisiae (strain ATCC 204508 / S288c),559292,Fungal,Eukaryotic peptide chain release factor GTP-binding subunit,SUP35,685,685,1,250,250,0.36496350364963503,0.36496350364963503,0.36496350364963503,0.32262773722627736,True,False,,UniRef50_P05453,2021_12,disprot_taxon_559292_saccharomyces_cerevisiae.json
P38238,DP03591,Saccharomyces cerevisiae (strain ATCC 204508 / S288c),559292,Fungal,tRNA (cytidine(32)/guanosine(34)-2'-O)-methyltransferase,TRM7,310,310,3,71,71,0.22903225806451613,0.22903225806451613,0.22903225806451613,0.02258064516129032,True,False,,,2023_12,disprot_taxon_559292_saccharomyces_cerevisiae.json
P53254,DP03595,Saccharomyces cerevisiae (strain ATCC 204508 / S288c),559292,Fungal,U3 small nucleolar RNA-associated protein 22,UTP22,1237,1237,3,117,117,0.09458367016976556,0.09458367016976556,0.09458367016976556,0.0889248181083266,True,False,,,2023_12,disprot_taxon_559292_saccharomyces_cerevisiae.json
P25368,DP03596,Saccharomyces cerevisiae (strain ATCC 204508 / S288c),559292,Fungal,Ribosomal RNA-processing protein 7,RRP7,297,297,1,14,14,0.04713804713804714,0.04713804713804714,0.04713804713804714,0.013468013468013467,True,False,,,2023_12,disprot_taxon_559292_saccharomyces_cerevisiae.json
P02994,DP03597,Saccharomyces cerevisiae (strain ATCC 204508 / S288c),559292,Fungal,Elongation factor 1-alpha,TEF1,458,458,2,17,17,0.03711790393013101,0.03711790393013101,0.03711790393013101,0.004366812227074236,True,False,,,2023_12,disprot_taxon_559292_saccharomyces_cerevisiae.json
Q12051,DP03620,Saccharomyces cerevisiae (strain ATCC 204508 / S288c),559292,Fungal,Geranylgeranyl pyrophosphate synthase BTS1,BTS1,335,335,1,13,13,0.03880597014925373,0.03880597014925373,0.03880597014925373,0.005970149253731343,True,False,,,2023_12,disprot_taxon_559292_saccharomyces_cerevisiae.json
P04807,DP03621,Saccharomyces cerevisiae (strain ATCC 204508 / S288c),559292,Fungal,Hexokinase-2,HXK2,486,486,3,17,17,0.03497942386831276,0.03497942386831276,0.03497942386831276,0.00205761316872428,True,False,,,2023_12,disprot_taxon_559292_saccharomyces_cerevisiae.json
P49954,DP03632,Saccharomyces cerevisiae (strain ATCC 204508 / S288c),559292,Fungal,Omega-amidase NIT3,NIT3,291,291,1,10,10,0.03436426116838488,0.03436426116838488,0.03436426116838488,0.010309278350515464,True,False,,,2023_12,disprot_taxon_559292_saccharomyces_cerevisiae.json
P36421,DP03633,Saccharomyces cerevisiae (strain ATCC 204508 / S288c),559292,Fungal,"Tyrosine--tRNA ligase, cytoplasmic",TYS1,394,394,2,10,10,0.025380710659898477,0.025380710659898477,0.025380710659898477,0.08375634517766498,True,False,,,2023_12,disprot_taxon_559292_saccharomyces_cerevisiae.json
P33734,DP03665,Saccharomyces cerevisiae (strain ATCC 204508 / S288c),559292,Fungal,Imidazole glycerol phosphate synthase hisHF,HIS7,552,552,1,15,15,0.02717391304347826,0.02717391304347826,0.02717391304347826,0.02717391304347826,True,False,,,2023_12,disprot_taxon_559292_saccharomyces_cerevisiae.json
P35193,DP03677,Saccharomyces cerevisiae (strain ATCC 204508 / S288c),559292,Fungal,Autophagy-related protein 19,ATG19,415,415,8,164,164,0.39518072289156625,0.39518072289156625,0.39518072289156625,0.655421686746988,True,False,,,2022_06,disprot_taxon_559292_saccharomyces_cerevisiae.json
P40458,DP03684,Saccharomyces cerevisiae (strain ATCC 204508 / S288c),559292,Fungal,Autophagy-related protein 32,ATG32,529,529,2,16,16,0.030245746691871456,0.030245746691871456,0.030245746691871456,0.5311909262759924,True,False,,,2022_06,disprot_taxon_559292_saccharomyces_cerevisiae.json
P38428,DP03685,Saccharomyces cerevisiae (strain ATCC 204508 / S288c),559292,Fungal,Coupling of ubiquitin conjugation to ER degradation protein 1,CUE1,203,203,2,21,21,0.10344827586206896,0.10344827586206896,0.10344827586206896,0.1724137931034483,True,False,,,2023_12,disprot_taxon_559292_saccharomyces_cerevisiae.json
P07250,DP03689,Saccharomyces cerevisiae (strain ATCC 204508 / S288c),559292,Fungal,Inositol polyphosphate multikinase,ARG82,355,355,5,101,101,0.28450704225352114,0.28450704225352114,0.28450704225352114,0.17746478873239438,True,False,,,2023_12,disprot_taxon_559292_saccharomyces_cerevisiae.json
Q12142,DP03714,Saccharomyces cerevisiae (strain ATCC 204508 / S288c),559292,Fungal,Autophagy-related protein 9,ATG9,997,997,7,285,285,0.2858575727181545,0.2858575727181545,0.2858575727181545,0.4493480441323972,True,False,,,2022_06,disprot_taxon_559292_saccharomyces_cerevisiae.json
Q02948,DP03715,Saccharomyces cerevisiae (strain ATCC 204508 / S288c),559292,Fungal,Vacuolar protein sorting-associated protein 30,VPS30,557,557,4,209,209,0.3752244165170557,0.3752244165170557,0.3752244165170557,0.26570915619389585,True,False,,,2022_06,disprot_taxon_559292_saccharomyces_cerevisiae.json
P22219,DP03716,Saccharomyces cerevisiae (strain ATCC 204508 / S288c),559292,Fungal,Serine/threonine-protein kinase VPS15,VPS15,1454,1454,5,173,173,0.11898211829436038,0.11898211829436038,0.11898211829436038,0.1375515818431912,True,False,,,2022_06,disprot_taxon_559292_saccharomyces_cerevisiae.json
P22543,DP03717,Saccharomyces cerevisiae (strain ATCC 204508 / S288c),559292,Fungal,Phosphatidylinositol 3-kinase VPS34,VPS34,875,875,3,88,88,0.10057142857142858,0.10057142857142858,0.10057142857142858,0.12685714285714286,True,False,,,2022_06,disprot_taxon_559292_saccharomyces_cerevisiae.json
Q05919,DP03718,Saccharomyces cerevisiae (strain ATCC 204508 / S288c),559292,Fungal,Vacuolar protein sorting-associated protein 38,VPS38,439,439,5,94,94,0.214123006833713,0.214123006833713,0.214123006833713,0.09567198177676538,True,False,,,2022_06,disprot_taxon_559292_saccharomyces_cerevisiae.json
P25454,DP03759,Saccharomyces cerevisiae (strain ATCC 204508 / S288c),559292,Fungal,DNA repair protein RAD51,RAD51,400,400,3,97,97,0.2425,0.2425,0.2425,0.19,True,False,,,2024_06,disprot_taxon_559292_saccharomyces_cerevisiae.json
P32449,DP03815,Saccharomyces cerevisiae (strain ATCC 204508 / S288c),559292,Fungal,"Phospho-2-dehydro-3-deoxyheptonate aldolase, tyrosine-inhibited",ARO4,370,370,2,22,22,0.05945945945945946,0.05945945945945946,0.05945945945945946,0.013513513513513514,True,False,,,2024_06,disprot_taxon_559292_saccharomyces_cerevisiae.json
P36156,DP03909,Saccharomyces cerevisiae (strain ATCC 204508 / S288c),559292,Fungal,Glutathione S-transferase omega-like 2,ECM4,370,370,2,20,20,0.05405405405405406,0.05405405405405406,0.05405405405405406,0.013513513513513514,True,False,,,2024_06,disprot_taxon_559292_saccharomyces_cerevisiae.json
P22108,DP03915,Saccharomyces cerevisiae (strain ATCC 204508 / S288c),559292,Fungal,"Diadenosine 5',5'''-P1,P4-tetraphosphate phosphorylase 2",APA2,325,325,2,11,11,0.033846153846153845,0.033846153846153845,0.033846153846153845,0.024615384615384615,True,False,,,2024_06,disprot_taxon_559292_saccharomyces_cerevisiae.json
Q3E7B7,DP03916,Saccharomyces cerevisiae (strain ATCC 204508 / S288c),559292,Fungal,SERF-like protein YDL085C-A,,68,68,1,35,35,0.5147058823529411,0.5147058823529411,0.5147058823529411,0.0,True,False,,,2024_06,disprot_taxon_559292_saccharomyces_cerevisiae.json
P33891,DP03973,Saccharomyces cerevisiae (strain ATCC 204508 / S288c),559292,Fungal,Protein transport protein TIP20,TIP20,701,701,1,18,18,0.025677603423680456,0.025677603423680456,0.025677603423680456,0.04136947218259629,True,False,,,2024_06,disprot_taxon_559292_saccharomyces_cerevisiae.json
P53847,DP03974,Saccharomyces cerevisiae (strain ATCC 204508 / S288c),559292,Fungal,Protein transport protein DSL1,DSL1,754,754,3,116,116,0.15384615384615385,0.15384615384615385,0.15384615384615385,0.17108753315649866,True,False,,,2024_06,disprot_taxon_559292_saccharomyces_cerevisiae.json
P19658,DP03978,Saccharomyces cerevisiae (strain ATCC 204508 / S288c),559292,Fungal,Exocyst complex component EXO70,EXO70,623,623,1,12,12,0.019261637239165328,0.019261637239165328,0.019261637239165328,0.014446227929373997,True,False,,,2024_06,disprot_taxon_559292_saccharomyces_cerevisiae.json
Q12395,DP03993,Saccharomyces cerevisiae (strain ATCC 204508 / S288c),559292,Fungal,Defective in cullin neddylation protein 1,DCN1,269,269,2,21,21,0.07806691449814127,0.07806691449814127,0.07806691449814127,0.07434944237918216,True,False,,,2024_06,disprot_taxon_559292_saccharomyces_cerevisiae.json
P40484,DP03995,Saccharomyces cerevisiae (strain ATCC 204508 / S288c),559292,Fungal,DBF2 kinase activator protein MOB1,MOB1,314,314,4,24,24,0.07643312101910828,0.07643312101910828,0.07643312101910828,0.3821656050955414,True,False,,,2024_06,disprot_taxon_559292_saccharomyces_cerevisiae.json
P53228,DP04026,Saccharomyces cerevisiae (strain ATCC 204508 / S288c),559292,Fungal,Transaldolase NQM1,NQM1,333,333,1,11,11,0.03303303303303303,0.03303303303303303,0.03303303303303303,0.02702702702702703,True,False,,,2024_06,disprot_taxon_559292_saccharomyces_cerevisiae.json
P07275,DP04063,Saccharomyces cerevisiae (strain ATCC 204508 / S288c),559292,Fungal,"Delta-1-pyrroline-5-carboxylate dehydrogenase, mitochondrial",PUT2,575,575,5,70,70,0.12173913043478261,0.12173913043478261,0.12173913043478261,0.02608695652173913,True,False,,,2024_06,disprot_taxon_559292_saccharomyces_cerevisiae.json
P38319,DP04065,Saccharomyces cerevisiae (strain ATCC 204508 / S288c),559292,Fungal,Tyrosyl-DNA phosphodiesterase 1,TDP1,544,544,3,89,89,0.1636029411764706,0.1636029411764706,0.1636029411764706,0.14338235294117646,True,False,,,2024_06,disprot_taxon_559292_saccharomyces_cerevisiae.json
Q12402,DP04072,Saccharomyces cerevisiae (strain ATCC 204508 / S288c),559292,Fungal,Protein YOP1,YOP1,180,180,2,10,10,0.05555555555555555,0.05555555555555555,0.05555555555555555,0.0,True,False,,,2024_06,disprot_taxon_559292_saccharomyces_cerevisiae.json
P32911,DP04130,Saccharomyces cerevisiae (strain ATCC 204508 / S288c),559292,Fungal,Eukaryotic translation initiation factor eIF-1,SUI1,108,108,1,25,25,0.23148148148148148,0.23148148148148148,0.23148148148148148,0.07407407407407407,True,False,,,2024_06,disprot_taxon_559292_saccharomyces_cerevisiae.json
Q12211,DP04174,Saccharomyces cerevisiae (strain ATCC 204508 / S288c),559292,Fungal,tRNA pseudouridine synthase 1,PUS1,544,544,6,155,155,0.2849264705882353,0.2849264705882353,0.2849264705882353,0.15073529411764705,True,False,,,2024_06,disprot_taxon_559292_saccharomyces_cerevisiae.json
Q08647,DP04175,Saccharomyces cerevisiae (strain ATCC 204508 / S288c),559292,Fungal,Multisubstrate pseudouridine synthase 7,PUS7,676,676,4,188,188,0.2781065088757396,0.2781065088757396,0.2781065088757396,0.09615384615384616,True,False,,,2024_06,disprot_taxon_559292_saccharomyces_cerevisiae.json
Q12285,DP04196,Saccharomyces cerevisiae (strain ATCC 204508 / S288c),559292,Fungal,Ubiquitin-like protein MDY2,MDY2,212,212,2,26,26,0.12264150943396226,0.12264150943396226,0.12264150943396226,0.1320754716981132,True,False,,,2024_06,disprot_taxon_559292_saccharomyces_cerevisiae.json
P35187,DP04197,Saccharomyces cerevisiae (strain ATCC 204508 / S288c),559292,Fungal,ATP-dependent helicase SGS1,SGS1,1447,1447,8,499,499,0.34485141672425706,0.34485141672425706,0.34485141672425706,0.47062888735314445,True,False,,,2024_12,disprot_taxon_559292_saccharomyces_cerevisiae.json
Q03390,DP04235,Saccharomyces cerevisiae (strain ATCC 204508 / S288c),559292,Fungal,Vacuolar protein-sorting-associated protein 60,VPS60,229,229,6,59,59,0.2576419213973799,0.2576419213973799,0.2576419213973799,0.1965065502183406,True,False,,,2024_12,disprot_taxon_559292_saccharomyces_cerevisiae.json
Q06263,DP04236,Saccharomyces cerevisiae (strain ATCC 204508 / S288c),559292,Fungal,Vacuolar protein sorting-associated protein VTA1,VTA1,330,330,5,11,11,0.03333333333333333,0.03333333333333333,0.03333333333333333,0.3181818181818182,True,False,,,2024_12,disprot_taxon_559292_saccharomyces_cerevisiae.json
Q12517,DP04296,Saccharomyces cerevisiae (strain ATCC 204508 / S288c),559292,Fungal,mRNA-decapping enzyme subunit 1,DCP1,231,231,2,70,70,0.30303030303030304,0.30303030303030304,0.30303030303030304,0.17316017316017315,True,False,,,2025_06,disprot_taxon_559292_saccharomyces_cerevisiae.json
P43586,DP04308,Saccharomyces cerevisiae (strain ATCC 204508 / S288c),559292,Fungal,60S ribosomal subunit assembly/export protein LOC1,LOC1,204,204,16,204,204,1.0,1.0,1.0,0.004901960784313725,True,False,,,2025_06,disprot_taxon_559292_saccharomyces_cerevisiae.json
P32833,DP04328,Saccharomyces cerevisiae (strain ATCC 204508 / S288c),559292,Fungal,Origin recognition complex subunit 2,ORC2,620,620,9,366,366,0.5903225806451613,0.5903225806451613,0.5903225806451613,0.3774193548387097,True,False,,,2025_06,disprot_taxon_559292_saccharomyces_cerevisiae.json
Q99181,DP04411,Saccharomyces cerevisiae (strain ATCC 204508 / S288c),559292,Fungal,Protein HSH49,HSH49,213,213,2,19,19,0.0892018779342723,0.0892018779342723,0.0892018779342723,0.107981220657277,True,False,,,2026_06,disprot_taxon_559292_saccharomyces_cerevisiae.json
P61830,DP04413,Saccharomyces cerevisiae (strain ATCC 204508 / S288c),559292,Fungal,Histone H3,HHT1,136,136,2,38,38,0.27941176470588236,0.27941176470588236,0.27941176470588236,0.014705882352941176,True,False,,,2026_06,disprot_taxon_559292_saccharomyces_cerevisiae.json
P04911,DP04414,Saccharomyces cerevisiae (strain ATCC 204508 / S288c),559292,Fungal,Histone H2A.1,HTA1,132,132,4,22,22,0.16666666666666666,0.16666666666666666,0.16666666666666666,0.015151515151515152,True,False,,,2026_06,disprot_taxon_559292_saccharomyces_cerevisiae.json
P02294,DP04415,Saccharomyces cerevisiae (strain ATCC 204508 / S288c),559292,Fungal,Histone H2B.2,HTB2,131,131,2,35,35,0.26717557251908397,0.26717557251908397,0.26717557251908397,0.17557251908396945,True,False,,,2026_06,disprot_taxon_559292_saccharomyces_cerevisiae.json
P38829,DP04430,Saccharomyces cerevisiae (strain ATCC 204508 / S288c),559292,Fungal,MIP18 family protein YHR122W,,231,231,3,102,102,0.44155844155844154,0.44155844155844154,0.44155844155844154,,False,False,,,2025_06,disprot_taxon_559292_saccharomyces_cerevisiae.json
P21827,DP04437,Saccharomyces cerevisiae (strain ATCC 204508 / S288c),559292,Fungal,Guanine nucleotide exchange factor SRM1,SRM1,482,482,3,31,31,0.06431535269709543,0.06431535269709543,0.06431535269709543,0.056016597510373446,True,False,,,2026_06,disprot_taxon_559292_saccharomyces_cerevisiae.json
P02829,DP04448,Saccharomyces cerevisiae (strain ATCC 204508 / S288c),559292,Fungal,ATP-dependent molecular chaperone HSP82,HSP82,709,709,6,32,32,0.045133991537376586,0.045133991537376586,0.045133991537376586,,False,False,,,2026_06,disprot_taxon_559292_saccharomyces_cerevisiae.json
P25294,DP04455,Saccharomyces cerevisiae (strain ATCC 204508 / S288c),559292,Fungal,Protein SIS1,SIS1,352,352,2,105,105,0.29829545454545453,0.29829545454545453,0.29829545454545453,,False,False,,,2026_06,disprot_taxon_559292_saccharomyces_cerevisiae.json
P07270,DP04535,Saccharomyces cerevisiae (strain ATCC 204508 / S288c),559292,Fungal,Phosphate system positive regulatory protein PHO4,PHO4,312,312,10,18,18,0.057692307692307696,0.057692307692307696,0.057692307692307696,,False,False,,,2026_06,disprot_taxon_559292_saccharomyces_cerevisiae.json
P02929,DP00043,Escherichia coli (strain K12),83333,Bacterial,Protein TonB,tonB,239,239,1,49,49,0.20502092050209206,0.20502092050209206,0.20502092050209206,0.03765690376569038,True,False,UPI000016EC8B,UniRef50_P02929,2016_10,disprot_taxon_83333_escherichia_coli_k12.json
P0ABI8,DP00088,Escherichia coli (strain K12),83333,Bacterial,Cytochrome bo(3) ubiquinol oxidase subunit 1,cyoB,663,663,3,162,162,0.24434389140271492,0.24434389140271492,0.24434389140271492,0.0030165912518853697,True,False,UPI0000111624,UniRef50_P0ABJ0,2016_10,disprot_taxon_83333_escherichia_coli_k12.json
P0ABJ1,DP00089,Escherichia coli (strain K12),83333,Bacterial,Cytochrome bo(3) ubiquinol oxidase subunit 2,cyoA,315,315,8,58,58,0.18412698412698414,0.18412698412698414,0.18412698412698414,0.09206349206349207,True,False,UPI0000111625,UniRef50_P0ABJ2,2016_10,disprot_taxon_83333_escherichia_coli_k12.json
P0A6H5,DP00100,Escherichia coli (strain K12),83333,Bacterial,ATP-dependent protease ATPase subunit HslU,hslU,443,443,5,35,35,0.07900677200902935,0.07900677200902935,0.07900677200902935,0.0090293453724604,True,False,UPI0000112FF5,UniRef50_P0A6H6,2016_10,disprot_taxon_83333_escherichia_coli_k12.json
P09372,DP00103,Escherichia coli (strain K12),83333,Bacterial,Protein GrpE,grpE,197,197,4,32,32,0.16243654822335024,0.16243654822335024,0.16243654822335024,0.17766497461928935,True,False,UPI000012BB1F,UniRef50_C4ZYN1,2016_10,disprot_taxon_83333_escherichia_coli_k12.json
P69924,DP00107,Escherichia coli (strain K12),83333,Bacterial,Ribonucleoside-diphosphate reductase 1 subunit beta,nrdB,376,376,2,35,35,0.09308510638297872,0.09308510638297872,0.09308510638297872,0.0398936170212766,True,False,UPI0000111FF8,UniRef50_P69925,2016_10,disprot_taxon_83333_escherichia_coli_k12.json
P0A7L8,DP00140,Escherichia coli (strain K12),83333,Bacterial,50S ribosomal protein L27,rpmA,85,85,8,85,85,1.0,1.0,1.0,0.0117647058823529,True,False,UPI0000133E00,UniRef50_C5BFA2,2016_10,disprot_taxon_83333_escherichia_coli_k12.json
P0A7U3,DP00147,Escherichia coli (strain K12),83333,Bacterial,30S ribosomal protein S19,rpsS,92,92,1,11,11,0.11956521739130435,0.11956521739130435,0.11956521739130435,0.010869565217391304,True,False,UPI0000134DD7,UniRef50_A0T0X6,2016_10,disprot_taxon_83333_escherichia_coli_k12.json
P77173,DP00161,Escherichia coli (strain K12),83333,Bacterial,Cell division protein ZipA,zipA,328,328,2,157,157,0.47865853658536583,0.47865853658536583,0.47865853658536583,0.16158536585365854,True,False,UPI000013C3E4,UniRef50_Q8FFC0,2016_10,disprot_taxon_83333_escherichia_coli_k12.json
P38038,DP00190,Escherichia coli (strain K12),83333,Bacterial,Sulfite reductase [NADPH] flavoprotein alpha-component,cysJ,599,599,4,21,21,0.035058430717863104,0.035058430717863104,0.035058430717863104,0.0651085141903172,True,False,UPI000016815B,UniRef50_P38038,2016_10,disprot_taxon_83333_escherichia_coli_k12.json
P0AFZ3,DP00194,Escherichia coli (strain K12),83333,Bacterial,Stringent starvation protein B,sspB,165,165,14,55,55,0.3333333333333333,0.3333333333333333,0.3333333333333333,0.10303030303030303,True,False,UPI000003EB00,UniRef50_Q83Q08,2016_10,disprot_taxon_83333_escherichia_coli_k12.json
P0A707,DP00197,Escherichia coli (strain K12),83333,Bacterial,Translation initiation factor IF-3,infC,180,180,3,12,12,0.06666666666666667,0.06666666666666667,0.06666666666666667,0.044444444444444446,True,False,UPI0000047CBD,UniRef50_P33321,2016_10,disprot_taxon_83333_escherichia_coli_k12.json
P21513,DP00207,Escherichia coli (strain K12),83333,Bacterial,Ribonuclease E,rne,1061,1061,26,564,564,0.5315739868049011,0.5315739868049011,0.5315739868049011,0.40339302544769085,True,False,UPI000016F18C,UniRef50_P21513,2016_10,disprot_taxon_83333_escherichia_coli_k12.json
P0A877,DP00252,Escherichia coli (strain K12),83333,Bacterial,Tryptophan synthase alpha chain,trpA,268,268,24,21,21,0.07835820895522388,0.07835820895522388,0.07835820895522388,0.0,True,False,UPI000011F0D1,UniRef50_Q8ECU9,2016_10,disprot_taxon_83333_escherichia_coli_k12.json
P0AE70,DP00299,Escherichia coli (strain K12),83333,Bacterial,Endoribonuclease toxin MazF,mazF,111,111,10,14,14,0.12612612612612611,0.12612612612612611,0.12612612612612611,0.018018018018018018,True,False,UPI00001278B1,UniRef50_P0AE71,2016_10,disprot_taxon_83333_escherichia_coli_k12.json
P0ABQ4,DP00301,Escherichia coli (strain K12),83333,Bacterial,Dihydrofolate reductase,folA,159,159,32,43,43,0.27044025157232704,0.27044025157232704,0.27044025157232704,0.0,True,False,UPI0000110F69,UniRef50_Q8ZRW2,2016_10,disprot_taxon_83333_escherichia_coli_k12.json
P06968,DP00337,Escherichia coli (strain K12),83333,Bacterial,Deoxyuridine 5'-triphosphate nucleotidohydrolase,dut,152,152,4,16,16,0.10526315789473684,0.10526315789473684,0.10526315789473684,0.0,True,False,UPI0000129979,UniRef50_P06968,2016_10,disprot_taxon_83333_escherichia_coli_k12.json
P06709,DP00349,Escherichia coli (strain K12),83333,Bacterial,Bifunctional ligase/repressor BirA,birA,321,321,12,23,23,0.07165109034267912,0.07165109034267912,0.07165109034267912,0.0,True,False,UPI00001108FE,UniRef50_P06709,2016_10,disprot_taxon_83333_escherichia_coli_k12.json
P45577,DP00377,Escherichia coli (strain K12),83333,Bacterial,RNA chaperone ProQ,proQ,232,232,4,44,44,0.1896551724137931,0.1896551724137931,0.1896551724137931,0.1853448275862069,True,False,UPI000016E149,UniRef50_Q8XCM4,2016_10,disprot_taxon_83333_escherichia_coli_k12.json
P07363,DP00407,Escherichia coli (strain K12),83333,Bacterial,Chemotaxis protein CheA,cheA,654,654,4,65,65,0.09938837920489296,0.09938837920489296,0.09938837920489296,0.10703363914373089,True,False,UPI000016EE50,UniRef50_P07363,2016_10,disprot_taxon_83333_escherichia_coli_k12.json
P0ABS1,DP00414,Escherichia coli (strain K12),83333,Bacterial,RNA polymerase-binding transcription factor DksA,dksA,151,151,4,17,17,0.11258278145695365,0.11258278145695365,0.11258278145695365,0.0728476821192053,True,False,UPI0000000B51,UniRef50_P0ABS3,2016_10,disprot_taxon_83333_escherichia_coli_k12.json
P0A6R3,DP00422,Escherichia coli (strain K12),83333,Bacterial,DNA-binding protein Fis,fis,98,98,3,23,23,0.23469387755102042,0.23469387755102042,0.23469387755102042,0.030612244897959183,True,False,UPI0000006216,UniRef50_A4WF77,2016_10,disprot_taxon_83333_escherichia_coli_k12.json
P0AFG8,DP00427,Escherichia coli (strain K12),83333,Bacterial,Pyruvate dehydrogenase E1 component,aceE,887,887,18,85,85,0.09582863585118377,0.09582863585118377,0.09582863585118377,0.005636978579481398,True,False,UPI000011237F,UniRef50_P0AFG9,2016_10,disprot_taxon_83333_escherichia_coli_k12.json
P32170,DP00429,Escherichia coli (strain K12),83333,Bacterial,L-rhamnose isomerase,rhaA,419,419,4,15,15,0.03579952267303103,0.03579952267303103,0.03579952267303103,0.002386634844868735,True,False,UPI0000133849,UniRef50_Q8FBE0,2016_10,disprot_taxon_83333_escherichia_coli_k12.json
P60472,DP00516,Escherichia coli (strain K12),83333,Bacterial,"Ditrans,polycis-undecaprenyl-diphosphate synthase ((2E,6E)-farnesyl-diphosphate specific)",ispU,253,253,6,27,27,0.1067193675889328,0.1067193675889328,0.1067193675889328,0.043478260869565216,True,False,UPI0000137D08,UniRef50_Q9KPV6,2016_10,disprot_taxon_83333_escherichia_coli_k12.json
P0AFX7,DP00552,Escherichia coli (strain K12),83333,Bacterial,Anti-sigma-E factor RseA,rseA,216,216,8,96,96,0.4444444444444444,0.4444444444444444,0.4444444444444444,0.21296296296296297,True,False,UPI00001351EC,UniRef50_D0ZSY8,2016_10,disprot_taxon_83333_escherichia_coli_k12.json
P0AG16,DP00578,Escherichia coli (strain K12),83333,Bacterial,Amidophosphoribosyltransferase,purF,505,505,1,22,22,0.04356435643564356,0.04356435643564356,0.04356435643564356,0.027722772277227723,True,False,UPI0000111279,UniRef50_P0AG16,2016_10,disprot_taxon_83333_escherichia_coli_k12.json
P60723,DP00600,Escherichia coli (strain K12),83333,Bacterial,50S ribosomal protein L4,rplD,201,201,6,63,63,0.31343283582089554,0.31343283582089554,0.31343283582089554,0.0,True,False,UPI000003EAE6,UniRef50_P49226,2016_10,disprot_taxon_83333_escherichia_coli_k12.json
P0AG11,DP00626,Escherichia coli (strain K12),83333,Bacterial,Protein UmuD,umuD,139,139,4,139,139,1.0,1.0,1.0,0.0,True,False,UPI0000137C35,UniRef50_P0AG12,2016_10,disprot_taxon_83333_escherichia_coli_k12.json
P0A9K9,DP00766,Escherichia coli (strain K12),83333,Bacterial,FKBP-type peptidyl-prolyl cis-trans isomerase SlyD,slyD,196,196,1,44,44,0.22448979591836735,0.22448979591836735,0.22448979591836735,0.20918367346938777,True,False,UPI0000135A43,UniRef50_Q7CFU4,2016_10,disprot_taxon_83333_escherichia_coli_k12.json
P40719,DP00774,Escherichia coli (strain K12),83333,Bacterial,Sensor protein QseC,qseC,449,449,4,156,156,0.34743875278396436,0.34743875278396436,0.34743875278396436,0.026726057906458798,True,False,UPI0000132E74,UniRef50_P40719,2016_10,disprot_taxon_83333_escherichia_coli_k12.json
P08245,DP00790,Escherichia coli (strain K12),83333,Bacterial,Uncharacterized protein YciH,yciH,108,108,1,31,31,0.28703703703703703,0.28703703703703703,0.28703703703703703,0.07407407407407407,True,False,UPI000013A6BE,UniRef50_P08245,2016_10,disprot_taxon_83333_escherichia_coli_k12.json
P69428,DP00834,Escherichia coli (strain K12),83333,Bacterial,Sec-independent protein translocase protein TatA,tatA,89,89,15,69,69,0.7752808988764045,0.7752808988764045,0.7752808988764045,0.0,True,False,UPI00000540BA,UniRef50_P69430,2016_10,disprot_taxon_83333_escherichia_coli_k12.json
P10121,DP00896,Escherichia coli (strain K12),83333,Bacterial,Signal recognition particle receptor FtsY,ftsY,497,497,4,187,187,0.3762575452716298,0.3762575452716298,0.3762575452716298,0.2635814889336016,True,False,UPI000012AD05,UniRef50_P10121,2016_10,disprot_taxon_83333_escherichia_coli_k12.json
P62552,DP00928,Escherichia coli (strain K12),83333,Bacterial,Antitoxin CcdA,ccdA,72,72,40,41,41,0.5694444444444444,0.5694444444444444,0.5694444444444444,0.013888888888888888,True,False,UPI00001272A3,UniRef50_P62553,2016_10,disprot_taxon_83333_escherichia_coli_k12.json
P0ABD8,DP00970,Escherichia coli (strain K12),83333,Bacterial,Biotin carboxyl carrier protein of acetyl-CoA carboxylase,accB,156,156,3,77,77,0.4935897435897436,0.4935897435897436,0.4935897435897436,0.14743589743589744,True,False,UPI00000480B6,UniRef50_P37799,2016_10,disprot_taxon_83333_escherichia_coli_k12.json
P0ACX9,DP00989,Escherichia coli (strain K12),83333,Bacterial,Uncharacterized protein YdiE,ydiE,63,63,1,20,20,0.31746031746031744,0.31746031746031744,0.31746031746031744,0.015873015873015872,True,False,UPI000013A9D0,UniRef50_P0ACY0,2016_10,disprot_taxon_83333_escherichia_coli_k12.json
P0AAC0,DP00991,Escherichia coli (strain K12),83333,Bacterial,Universal stress protein E,uspE,316,316,3,14,14,0.04430379746835443,0.04430379746835443,0.04430379746835443,0.022151898734177215,True,False,UPI0000165443,UniRef50_Q8ZP84,2016_10,disprot_taxon_83333_escherichia_coli_k12.json
P0A6X3,DP01050,Escherichia coli (strain K12),83333,Bacterial,RNA-binding protein Hfq,hfq,102,102,5,28,28,0.27450980392156865,0.27450980392156865,0.27450980392156865,0.13725490196078433,True,False,UPI00001562A2,UniRef50_Q9ZI76,2016_10,disprot_taxon_83333_escherichia_coli_k12.json
P24255,DP01169,Escherichia coli (strain K12),83333,Bacterial,RNA polymerase sigma-54 factor,rpoN,477,477,3,105,105,0.22012578616352202,0.22012578616352202,0.22012578616352202,0.09224318658280922,True,False,UPI000016F4B6,UniRef50_P24255,2018_11,disprot_taxon_83333_escherichia_coli_k12.json
P0AE98,DP01177,Escherichia coli (strain K12),83333,Bacterial,Curli production assembly/transport component CsgF,csgF,138,138,1,31,31,0.2246376811594203,0.2246376811594203,0.2246376811594203,0.057971014492753624,True,False,UPI0000128532,UniRef50_P0AEA4,2018_11,disprot_taxon_83333_escherichia_coli_k12.json
P0AE72,DP01291,Escherichia coli (strain K12),83333,Bacterial,Antitoxin MazE,mazE,82,82,16,35,35,0.4268292682926829,0.4268292682926829,0.4268292682926829,0.0,True,False,UPI00001278B4,UniRef50_P0AE73,2018_11,disprot_taxon_83333_escherichia_coli_k12.json
P0A903,DP01339,Escherichia coli (strain K12),83333,Bacterial,Outer membrane protein assembly factor BamC,bamC,344,344,8,114,114,0.3313953488372093,0.3313953488372093,0.3313953488372093,0.00872093023255814,True,False,UPI000013021C,UniRef50_P0A903,2018_11,disprot_taxon_83333_escherichia_coli_k12.json
P69346,DP01488,Escherichia coli (strain K12),83333,Bacterial,Antitoxin YefM,yefM,83,83,12,83,83,1.0,1.0,1.0,0.0,True,False,UPI000013AC2A,UniRef50_P69347,2018_11,disprot_taxon_83333_escherichia_coli_k12.json
P0AFG0,DP01496,Escherichia coli (strain K12),83333,Bacterial,Transcription termination/antitermination protein NusG,nusG,181,181,3,36,36,0.19889502762430938,0.19889502762430938,0.19889502762430938,0.11049723756906077,True,False,UPI0000061478,UniRef50_Q8ZAP0,2018_11,disprot_taxon_83333_escherichia_coli_k12.json
P0A7K2,DP01650,Escherichia coli (strain K12),83333,Bacterial,50S ribosomal protein L7/L12,rplL,121,121,2,11,11,0.09090909090909091,0.09090909090909091,0.09090909090909091,0.09917355371900827,True,False,UPI00001341A6,UniRef50_Q8UE07,2018_11,disprot_taxon_83333_escherichia_coli_k12.json
P0A8H8,DP01714,Escherichia coli (strain K12),83333,Bacterial,DNA gyrase inhibitor YacG,yacG,65,65,2,26,26,0.4,0.4,0.4,0.0,True,False,UPI000013A025,UniRef50_P44921,2018_11,disprot_taxon_83333_escherichia_coli_k12.json
P0AD49,DP01716,Escherichia coli (strain K12),83333,Bacterial,Ribosome-associated inhibitor A,raiA,113,113,2,23,23,0.20353982300884957,0.20353982300884957,0.20353982300884957,0.05309734513274336,True,False,UPI000011232B,UniRef50_P0AD51,2018_11,disprot_taxon_83333_escherichia_coli_k12.json
P69490,DP01729,Escherichia coli (strain K12),83333,Bacterial,Cytochrome c-type biogenesis protein CcmE,ccmE,159,159,1,16,16,0.10062893081761007,0.10062893081761007,0.10062893081761007,0.006289308176100629,True,False,UPI00001272E1,UniRef50_B2VJ02,2018_11,disprot_taxon_83333_escherichia_coli_k12.json
P80644,DP01735,Escherichia coli (strain K12),83333,Bacterial,FMN reductase (NADPH),ssuE,191,191,1,19,19,0.09947643979057591,0.09947643979057591,0.09947643979057591,0.005235602094240838,True,False,UPI0000136050,UniRef50_P80644,2018_11,disprot_taxon_83333_escherichia_coli_k12.json
P68688,DP01740,Escherichia coli (strain K12),83333,Bacterial,Glutaredoxin 1,grxA,85,85,1,16,16,0.18823529411764706,0.18823529411764706,0.18823529411764706,0.011764705882352941,True,False,UPI00001112E0,UniRef50_P68688,2018_11,disprot_taxon_83333_escherichia_coli_k12.json
P37330,DP01837,Escherichia coli (strain K12),83333,Bacterial,Malate synthase G,glcB,723,723,1,11,11,0.015214384508990318,0.015214384508990318,0.015214384508990318,0.0,True,False,UPI000012EBE6,UniRef50_P37330,2018_11,disprot_taxon_83333_escherichia_coli_k12.json
P0C077,DP01881,Escherichia coli (strain K12),83333,Bacterial,mRNA interferase toxin RelE,relE,95,95,3,11,11,0.11578947368421053,0.11578947368421053,0.11578947368421053,0.0,True,False,UPI0000133667,UniRef50_P0C077,2018_11,disprot_taxon_83333_escherichia_coli_k12.json
P77522,DP01920,Escherichia coli (strain K12),83333,Bacterial,FeS cluster assembly protein SufB,sufB,495,495,2,110,110,0.2222222222222222,0.2222222222222222,0.2222222222222222,0.07676767676767676,True,False,UPI00001680C6,UniRef50_P77522,2018_11,disprot_taxon_83333_escherichia_coli_k12.json
P0CE48,DP01965,Escherichia coli (strain K12),83333,Bacterial,Elongation factor Tu 2,tufB,394,394,5,23,23,0.0583756345177665,0.0583756345177665,0.0583756345177665,0.0025380710659898475,True,False,UPI0000110FB2,UniRef50_P14647,2018_11,disprot_taxon_83333_escherichia_coli_k12.json
P76407,DP01981,Escherichia coli (strain K12),83333,Bacterial,Lipid kinase YegS,yegS,299,299,1,12,12,0.04013377926421405,0.04013377926421405,0.04013377926421405,0.043478260869565216,True,False,UPI000013AC3C,UniRef50_P76407,2018_11,disprot_taxon_83333_escherichia_coli_k12.json
P32684,DP02011,Escherichia coli (strain K12),83333,Bacterial,Dual-specificity RNA pseudouridine synthase RluF,rluF,290,290,1,38,38,0.1310344827586207,0.1310344827586207,0.1310344827586207,0.13793103448275862,True,False,UPI000013B51F,UniRef50_P32684,2018_11,disprot_taxon_83333_escherichia_coli_k12.json
P09546,DP02030,Escherichia coli (strain K12),83333,Bacterial,Bifunctional protein PutA,putA,1320,1320,2,118,118,0.0893939393939394,0.0893939393939394,0.0893939393939394,0.051515151515151514,True,False,UPI000016EC4A,UniRef50_P09546,2018_11,disprot_taxon_83333_escherichia_coli_k12.json
P0AG30,DP02127,Escherichia coli (strain K12),83333,Bacterial,Transcription termination factor Rho,rho,419,419,3,87,87,0.20763723150357996,0.20763723150357996,0.20763723150357996,0.0,True,False,UPI000013389B,UniRef50_Q89A22,2018_11,disprot_taxon_83333_escherichia_coli_k12.json
P0ABS5,DP02134,Escherichia coli (strain K12),83333,Bacterial,DNA primase,dnaG,581,581,1,12,12,0.020654044750430294,0.020654044750430294,0.020654044750430294,0.025817555938037865,True,False,UPI00001321D4,UniRef50_P07362,2018_11,disprot_taxon_83333_escherichia_coli_k12.json
P0AGE0,DP02137,Escherichia coli (strain K12),83333,Bacterial,Single-stranded DNA-binding protein,ssb,178,178,1,65,65,0.3651685393258427,0.3651685393258427,0.3651685393258427,0.10674157303370786,True,False,UPI0000135FA7,UniRef50_P0AGE2,2018_11,disprot_taxon_83333_escherichia_coli_k12.json
P37028,DP02169,Escherichia coli (strain K12),83333,Bacterial,Vitamin B12-binding protein,btuF,266,266,1,16,16,0.06015037593984962,0.06015037593984962,0.06015037593984962,0.0,True,False,UPI0000126B26,UniRef50_P37028,2018_11,disprot_taxon_83333_escherichia_coli_k12.json
P0ADV9,DP02197,Escherichia coli (strain K12),83333,Bacterial,Lipopolysaccharide export system protein LptC,lptC,191,191,1,35,35,0.18324607329842932,0.18324607329842932,0.18324607329842932,0.0,True,False,UPI000013BFB4,UniRef50_P0ADW1,2018_11,disprot_taxon_83333_escherichia_coli_k12.json
P0A9A6,DP02201,Escherichia coli (strain K12),83333,Bacterial,Cell division protein FtsZ,ftsZ,383,383,2,67,67,0.17493472584856398,0.17493472584856398,0.17493472584856398,0.15926892950391644,True,False,UPI0000047C69,UniRef50_Q9ALA4,2018_11,disprot_taxon_83333_escherichia_coli_k12.json
P29131,DP02271,Escherichia coli (strain K12),83333,Bacterial,Cell division protein FtsN,ftsN,319,319,3,127,127,0.3981191222570533,0.3981191222570533,0.3981191222570533,0.2664576802507837,True,False,UPI000016F1E0,UniRef50_P29131,2018_11,disprot_taxon_83333_escherichia_coli_k12.json
P0AD27,DP02484,Escherichia coli (strain K12),83333,Bacterial,Inner membrane protein YejM,yejM,586,586,1,244,244,0.41638225255972694,0.41638225255972694,0.41638225255972694,0.0034129692832764505,True,False,UPI000013AC7E,UniRef50_P40709,2020_06,disprot_taxon_83333_escherichia_coli_k12.json
P30130,DP02537,Escherichia coli (strain K12),83333,Bacterial,Outer membrane usher protein FimD,fimD,878,878,6,66,66,0.07517084282460136,0.07517084282460136,0.07517084282460136,0.05011389521640091,True,False,UPI000016F14E,UniRef50_P30130,2023_12,disprot_taxon_83333_escherichia_coli_k12.json
P0ACN7,DP02541,Escherichia coli (strain K12),83333,Bacterial,HTH-type transcriptional repressor CytR,cytR,341,341,18,67,67,0.19648093841642228,0.19648093841642228,0.19648093841642228,0.04105571847507331,True,False,UPI0000128D72,UniRef50_P0ACN9,2021_06,disprot_taxon_83333_escherichia_coli_k12.json
P0AES9,DP02548,Escherichia coli (strain K12),83333,Bacterial,Acid stress chaperone HdeA,hdeA,110,110,24,89,89,0.8090909090909091,0.8090909090909091,0.8090909090909091,0.10909090909090909,True,False,UPI000012C3B8,UniRef50_P0AET0,2021_06,disprot_taxon_83333_escherichia_coli_k12.json
P0A9Q9,DP02663,Escherichia coli (strain K12),83333,Bacterial,Aspartate-semialdehyde dehydrogenase,asd,367,367,1,11,11,0.02997275204359673,0.02997275204359673,0.02997275204359673,0.0,True,False,UPI0000000EAE,UniRef50_Q51344,2021_06,disprot_taxon_83333_escherichia_coli_k12.json
P0A8S9,DP02700,Escherichia coli (strain K12),83333,Bacterial,Flagellar transcriptional regulator FlhD,flhD,116,116,2,34,34,0.29310344827586204,0.29310344827586204,0.29310344827586204,0.02586206896551724,True,False,UPI0000113055,UniRef50_O85806,2021_06,disprot_taxon_83333_escherichia_coli_k12.json
P00452,DP02715,Escherichia coli (strain K12),83333,Bacterial,Ribonucleoside-diphosphate reductase 1 subunit alpha,nrdA,761,761,2,25,25,0.0328515111695138,0.0328515111695138,0.0328515111695138,0.0328515111695138,True,False,UPI0000112BE0,UniRef50_P00452,2021_06,disprot_taxon_83333_escherichia_coli_k12.json
P0A873,DP02716,Escherichia coli (strain K12),83333,Bacterial,tRNA (guanine-N(1)-)-methyltransferase,trmD,255,255,2,11,11,0.043137254901960784,0.043137254901960784,0.043137254901960784,0.00392156862745098,True,False,UPI0000137412,UniRef50_Q7MBD6,2021_06,disprot_taxon_83333_escherichia_coli_k12.json
P21517,DP02734,Escherichia coli (strain K12),83333,Bacterial,Maltodextrin glucosidase,malZ,604,604,5,143,143,0.2367549668874172,0.2367549668874172,0.2367549668874172,0.0,True,False,UPI000016F2CF,UniRef50_P21517,2023_12,disprot_taxon_83333_escherichia_coli_k12.json
P08179,DP02740,Escherichia coli (strain K12),83333,Bacterial,Phosphoribosylglycinamide formyltransferase,purN,212,212,2,23,23,0.10849056603773585,0.10849056603773585,0.10849056603773585,0.0047169811320754715,True,False,UPI0000110B1A,UniRef50_P08179,2021_06,disprot_taxon_83333_escherichia_coli_k12.json
P17109,DP02750,Escherichia coli (strain K12),83333,Bacterial,2-succinyl-5-enolpyruvyl-6-hydroxy-3-cyclohexene-1-carboxylate synthase,menD,556,556,3,17,17,0.030575539568345324,0.030575539568345324,0.030575539568345324,0.0,True,False,UPI000016F2E6,UniRef50_Q8XDX8,2021_06,disprot_taxon_83333_escherichia_coli_k12.json
P76216,DP02760,Escherichia coli (strain K12),83333,Bacterial,N-succinylarginine dihydrolase,astB,447,447,4,16,16,0.035794183445190156,0.035794183445190156,0.035794183445190156,0.008948545861297539,True,False,UPI000003EB36,UniRef50_Q32G87,2021_06,disprot_taxon_83333_escherichia_coli_k12.json
P45523,DP02787,Escherichia coli (strain K12),83333,Bacterial,FKBP-type peptidyl-prolyl cis-trans isomerase FkpA,fkpA,270,270,4,32,32,0.11851851851851852,0.11851851851851852,0.11851851851851852,0.14814814814814814,True,False,UPI000012A826,UniRef50_P45523,2021_06,disprot_taxon_83333_escherichia_coli_k12.json
P22523,DP02827,Escherichia coli (strain K12),83333,Bacterial,Chromosome partition protein MukB,mukB,1486,1486,2,18,18,0.012113055181695828,0.012113055181695828,0.012113055181695828,0.0262449528936742,True,False,UPI000016F30F,UniRef50_Q935S7,2023_12,disprot_taxon_83333_escherichia_coli_k12.json
P62558,DP02863,Escherichia coli (strain K12),83333,Bacterial,Protein SopB,sopB,323,323,4,52,52,0.1609907120743034,0.1609907120743034,0.1609907120743034,0.08668730650154799,True,False,UPI0000001013,UniRef50_P62559,2020_12,disprot_taxon_83333_escherichia_coli_k12.json
P23873,DP02899,Escherichia coli (strain K12),83333,Bacterial,Antitoxin HipB,hipB,88,88,2,16,16,0.18181818181818182,0.18181818181818182,0.18181818181818182,0.07954545454545454,True,False,UPI000012C72A,UniRef50_P23873,2020_12,disprot_taxon_83333_escherichia_coli_k12.json
P0A968,DP02900,Escherichia coli (strain K12),83333,Bacterial,Cold shock-like protein CspD,cspD,74,74,2,74,74,1.0,1.0,1.0,0.05405405405405406,True,False,UPI0000128582,UniRef50_P0A970,2020_12,disprot_taxon_83333_escherichia_coli_k12.json
P33128,DP02923,Escherichia coli (strain K12),83333,Bacterial,Probable fimbrial chaperone YadV,yadV,246,246,2,11,11,0.044715447154471545,0.044715447154471545,0.044715447154471545,0.0040650406504065045,True,False,UPI000016F0FB,UniRef50_P33128,2021_06,disprot_taxon_83333_escherichia_coli_k12.json
P0C079,DP02950,Escherichia coli (strain K12),83333,Bacterial,Antitoxin RelB,relB,79,79,11,37,37,0.46835443037974683,0.46835443037974683,0.46835443037974683,0.0,True,False,UPI0000133664,UniRef50_P0C079,2020_12,disprot_taxon_83333_escherichia_coli_k12.json
P0A6Y8,DP02985,Escherichia coli (strain K12),83333,Bacterial,Chaperone protein DnaK,dnaK,638,638,1,33,33,0.05172413793103448,0.05172413793103448,0.05172413793103448,0.03134796238244514,True,False,UPI00001295C4,UniRef50_Q5ZTY3,2020_12,disprot_taxon_83333_escherichia_coli_k12.json
P76063,DP03032,Escherichia coli (strain K12),83333,Bacterial,Uncharacterized protein YdaS,ydaS,98,98,1,19,19,0.19387755102040816,0.19387755102040816,0.19387755102040816,0.030612244897959183,True,False,UPI000013A8F7,UniRef50_P76063,2020_12,disprot_taxon_83333_escherichia_coli_k12.json
P60340,DP03060,Escherichia coli (strain K12),83333,Bacterial,tRNA pseudouridine synthase B,truB,314,314,2,29,29,0.09235668789808917,0.09235668789808917,0.09235668789808917,0.009554140127388535,True,False,UPI000013769B,UniRef50_P60342,2021_12,disprot_taxon_83333_escherichia_coli_k12.json
P0A910,DP03076,Escherichia coli (strain K12),83333,Bacterial,Outer membrane protein A,ompA,346,346,2,27,27,0.07803468208092486,0.07803468208092486,0.07803468208092486,0.08959537572254335,True,False,UPI0000130CF0,UniRef50_A0A2S4N3N0,2021_12,disprot_taxon_83333_escherichia_coli_k12.json
P76045,DP03078,Escherichia coli (strain K12),83333,Bacterial,Outer membrane porin G,ompG,301,301,1,12,12,0.03986710963455149,0.03986710963455149,0.03986710963455149,0.07973421926910298,True,False,UPI0000130D0A,UniRef50_P76045,2021_12,disprot_taxon_83333_escherichia_coli_k12.json
P0AG86,DP03091,Escherichia coli (strain K12),83333,Bacterial,Protein-export protein SecB,secB,155,155,4,13,13,0.08387096774193549,0.08387096774193549,0.08387096774193549,0.07741935483870968,True,False,UPI000013577D,UniRef50_Q8KRM2,2021_12,disprot_taxon_83333_escherichia_coli_k12.json
P16869,DP03193,Escherichia coli (strain K12),83333,Bacterial,FhuE receptor,fhuE,729,729,1,21,21,0.02880658436213992,0.02880658436213992,0.02880658436213992,0.06035665294924554,True,False,UPI000016F146,UniRef50_P16869,2021_12,disprot_taxon_83333_escherichia_coli_k12.json
P69411,DP03213,Escherichia coli (strain K12),83333,Bacterial,Outer membrane lipoprotein RcsF,rcsF,134,134,1,30,30,0.22388059701492538,0.22388059701492538,0.22388059701492538,0.007462686567164179,True,False,UPI0000133484,UniRef50_P69412,2021_12,disprot_taxon_83333_escherichia_coli_k12.json
P0A8Q6,DP03240,Escherichia coli (strain K12),83333,Bacterial,ATP-dependent Clp protease adapter protein ClpS,clpS,106,106,4,22,22,0.20754716981132076,0.20754716981132076,0.20754716981132076,0.018867924528301886,True,False,UPI00000350BA,UniRef50_Q6D3T7,2021_06,disprot_taxon_83333_escherichia_coli_k12.json
P0ABH9,DP03241,Escherichia coli (strain K12),83333,Bacterial,ATP-dependent Clp protease ATP-binding subunit ClpA,clpA,758,758,4,40,40,0.052770448548812667,0.052770448548812667,0.052770448548812667,0.047493403693931395,True,False,UPI0000127B09,UniRef50_P0ABI1,2021_12,disprot_taxon_83333_escherichia_coli_k12.json
P75966,DP03261,Escherichia coli (strain K12),83333,Bacterial,Ribosomal large subunit pseudouridine synthase E,rluE,217,217,2,36,36,0.16589861751152074,0.16589861751152074,0.16589861751152074,0.07834101382488479,True,False,UPI000016807E,UniRef50_P75966,2021_12,disprot_taxon_83333_escherichia_coli_k12.json
P0ACG8,DP03289,Escherichia coli (strain K12),83333,Bacterial,Heat shock protein 15,hslR,133,133,1,23,23,0.17293233082706766,0.17293233082706766,0.17293233082706766,0.03007518796992481,True,False,UPI000011103C,UniRef50_P0ACH0,2021_12,disprot_taxon_83333_escherichia_coli_k12.json
P0ADC1,DP03315,Escherichia coli (strain K12),83333,Bacterial,LPS-assembly lipoprotein LptE,lptE,193,193,2,26,26,0.13471502590673576,0.13471502590673576,0.13471502590673576,0.05181347150259067,True,False,UPI0000134285,UniRef50_Q8ZQZ7,2021_12,disprot_taxon_83333_escherichia_coli_k12.json
P06149,DP03316,Escherichia coli (strain K12),83333,Bacterial,Quinone-dependent D-lactate dehydrogenase,dld,571,571,1,57,57,0.09982486865148861,0.09982486865148861,0.09982486865148861,0.0070052539404553416,True,False,UPI00001114B6,UniRef50_P06149,2021_12,disprot_taxon_83333_escherichia_coli_k12.json
P39286,DP03326,Escherichia coli (strain K12),83333,Bacterial,Small ribosomal subunit biogenesis GTPase RsgA,rsgA,350,350,2,34,34,0.09714285714285714,0.09714285714285714,0.09714285714285714,0.10571428571428572,True,False,UPI00000322AA,UniRef50_Q8EJ79,2021_12,disprot_taxon_83333_escherichia_coli_k12.json
P05055,DP03327,Escherichia coli (strain K12),83333,Bacterial,Polyribonucleotide nucleotidyltransferase,pnp,711,711,10,222,222,0.31223628691983124,0.31223628691983124,0.31223628691983124,0.02250351617440225,True,False,UPI000016F4B7,UniRef50_P41121,2021_12,disprot_taxon_83333_escherichia_coli_k12.json
P0AG67,DP03329,Escherichia coli (strain K12),83333,Bacterial,30S ribosomal protein S1,rpsA,557,557,6,395,395,0.7091561938958707,0.7091561938958707,0.7091561938958707,0.02333931777378815,True,False,UPI0000134E23,UniRef50_P0AG69,2021_12,disprot_taxon_83333_escherichia_coli_k12.json
P0A705,DP03330,Escherichia coli (strain K12),83333,Bacterial,Translation initiation factor IF-2,infB,890,890,9,381,381,0.4280898876404494,0.4280898876404494,0.4280898876404494,0.11910112359550562,True,False,UPI000012D2D5,UniRef50_Q9ZF31-3,2021_12,disprot_taxon_83333_escherichia_coli_k12.json
P0A8N3,DP03331,Escherichia coli (strain K12),83333,Bacterial,Lysine--tRNA ligase,lysS,505,505,2,12,12,0.023762376237623763,0.023762376237623763,0.023762376237623763,0.011881188118811881,True,False,UPI000011083E,UniRef50_P28354,2021_12,disprot_taxon_83333_escherichia_coli_k12.json
P0AFF6,DP03333,Escherichia coli (strain K12),83333,Bacterial,Transcription termination/antitermination protein NusA,nusA,495,495,3,295,295,0.5959595959595959,0.5959595959595959,0.5959595959595959,0.006060606060606061,True,False,UPI0000130A38,UniRef50_P37430,2021_12,disprot_taxon_83333_escherichia_coli_k12.json
P12996,DP03336,Escherichia coli (strain K12),83333,Bacterial,Biotin synthase,bioB,346,346,1,31,31,0.08959537572254335,0.08959537572254335,0.08959537572254335,0.031791907514450865,True,False,UPI0000149190,UniRef50_A9C2R2,2021_12,disprot_taxon_83333_escherichia_coli_k12.json
P0A9H7,DP03337,Escherichia coli (strain K12),83333,Bacterial,Cyclopropane-fatty-acyl-phospholipid synthase,cfa,382,382,4,33,33,0.08638743455497382,0.08638743455497382,0.08638743455497382,0.01832460732984293,True,False,UPI0000167DB0,UniRef50_P0A9H8,2021_12,disprot_taxon_83333_escherichia_coli_k12.json
P0A9D4,DP03341,Escherichia coli (strain K12),83333,Bacterial,Serine acetyltransferase,cysE,273,273,1,11,11,0.040293040293040296,0.040293040293040296,0.040293040293040296,0.02564102564102564,True,False,UPI000002DB2D,UniRef50_P29847,2021_12,disprot_taxon_83333_escherichia_coli_k12.json
P0ABJ3,DP03355,Escherichia coli (strain K12),83333,Bacterial,Cytochrome bo(3) ubiquinol oxidase subunit 3,cyoC,204,204,1,18,18,0.08823529411764706,0.08823529411764706,0.08823529411764706,0.1568627450980392,True,False,UPI0000111626,UniRef50_P0ABJ4,2021_12,disprot_taxon_83333_escherichia_coli_k12.json
P0AB38,DP03388,Escherichia coli (strain K12),83333,Bacterial,Penicillin-binding protein activator LpoB,lpoB,213,213,1,60,60,0.28169014084507044,0.28169014084507044,0.28169014084507044,0.16901408450704225,True,False,UPI000013A67F,UniRef50_P0AB39,2021_12,disprot_taxon_83333_escherichia_coli_k12.json
P0A7G2,DP03406,Escherichia coli (strain K12),83333,Bacterial,30S ribosome-binding factor,rbfA,133,133,4,33,33,0.24812030075187969,0.24812030075187969,0.24812030075187969,0.05263157894736842,True,False,UPI00001654F8,UniRef50_A0KNE2,2021_12,disprot_taxon_83333_escherichia_coli_k12.json
P0AC88,DP03430,Escherichia coli (strain K12),83333,Bacterial,"GDP-mannose 4,6-dehydratase",gmd,373,373,2,35,35,0.0938337801608579,0.0938337801608579,0.0938337801608579,0.0,True,False,,UniRef50_P0AC90,2021_12,disprot_taxon_83333_escherichia_coli_k12.json
P32131,DP03438,Escherichia coli (strain K12),83333,Bacterial,Oxygen-independent coproporphyrinogen III oxidase,hemN,457,457,1,13,13,0.028446389496717725,0.028446389496717725,0.028446389496717725,0.010940919037199124,True,False,,UniRef50_P32131,2023_12,disprot_taxon_83333_escherichia_coli_k12.json
P04968,DP03440,Escherichia coli (strain K12),83333,Bacterial,L-threonine dehydratase biosynthetic IlvA,ilvA,514,514,1,16,16,0.0311284046692607,0.0311284046692607,0.0311284046692607,0.005836575875486381,True,False,,UniRef50_P04968,2021_12,disprot_taxon_83333_escherichia_coli_k12.json
P0C066,DP03445,Escherichia coli (strain K12),83333,Bacterial,Membrane-bound lytic murein transglycosylase C,mltC,359,359,1,10,10,0.027855153203342618,0.027855153203342618,0.027855153203342618,0.08635097493036212,True,False,,UniRef50_Q8XCS6,2021_12,disprot_taxon_83333_escherichia_coli_k12.json
P10902,DP03449,Escherichia coli (strain K12),83333,Bacterial,L-aspartate oxidase,nadB,540,540,2,51,51,0.09444444444444444,0.09444444444444444,0.09444444444444444,0.011111111111111112,True,False,,UniRef50_P10902,2023_12,disprot_taxon_83333_escherichia_coli_k12.json
P0DMC7,DP03458,Escherichia coli (strain K12),83333,Bacterial,Transcriptional regulatory protein RcsB,rcsB,216,216,1,15,15,0.06944444444444445,0.06944444444444445,0.06944444444444445,0.027777777777777776,True,False,,UniRef50_P0DMC8,2021_12,disprot_taxon_83333_escherichia_coli_k12.json
P63883,DP03495,Escherichia coli (strain K12),83333,Bacterial,N-acetylmuramoyl-L-alanine amidase AmiC,amiC,417,417,2,24,24,0.05755395683453238,0.05755395683453238,0.05755395683453238,0.045563549160671464,True,False,,UniRef50_P63884,2023_12,disprot_taxon_83333_escherichia_coli_k12.json
P0AFC7,DP03500,Escherichia coli (strain K12),83333,Bacterial,NADH-quinone oxidoreductase subunit B,nuoB,220,220,2,52,52,0.23636363636363636,0.23636363636363636,0.23636363636363636,0.0,True,False,,UniRef50_Q8EI30,2021_12,disprot_taxon_83333_escherichia_coli_k12.json
P0AFD1,DP03501,Escherichia coli (strain K12),83333,Bacterial,NADH-quinone oxidoreductase subunit E,nuoE,166,166,1,10,10,0.060240963855421686,0.060240963855421686,0.060240963855421686,0.04819277108433735,True,False,,UniRef50_Q9I0J8,2021_12,disprot_taxon_83333_escherichia_coli_k12.json
P0AFD6,DP03502,Escherichia coli (strain K12),83333,Bacterial,NADH-quinone oxidoreductase subunit I,nuoI,180,180,1,22,22,0.12222222222222222,0.12222222222222222,0.12222222222222222,0.0,True,False,,UniRef50_Q8RQ74,2021_12,disprot_taxon_83333_escherichia_coli_k12.json
P0AFE0,DP03503,Escherichia coli (strain K12),83333,Bacterial,NADH-quinone oxidoreductase subunit J,nuoJ,184,184,1,20,20,0.10869565217391304,0.10869565217391304,0.10869565217391304,0.0,True,False,,UniRef50_P0AFE2,2021_12,disprot_taxon_83333_escherichia_coli_k12.json
P0AFC3,DP03504,Escherichia coli (strain K12),83333,Bacterial,NADH-quinone oxidoreductase subunit A,nuoA,147,147,3,55,55,0.3741496598639456,0.3741496598639456,0.3741496598639456,0.0,True,False,,UniRef50_A6TBX4,2021_12,disprot_taxon_83333_escherichia_coli_k12.json
P0A9J4,DP03631,Escherichia coli (strain K12),83333,Bacterial,2-dehydropantoate 2-reductase,panE,303,303,1,10,10,0.033003300330033,0.033003300330033,0.033003300330033,0.026402640264026403,True,False,,,2023_12,disprot_taxon_83333_escherichia_coli_k12.json
P0AB71,DP03662,Escherichia coli (strain K12),83333,Bacterial,Fructose-bisphosphate aldolase class 2,fbaA,359,359,1,17,17,0.04735376044568245,0.04735376044568245,0.04735376044568245,0.005571030640668524,True,False,,,2023_12,disprot_taxon_83333_escherichia_coli_k12.json
P0A9I5,DP03663,Escherichia coli (strain K12),83333,Bacterial,Chaperone NapD,napD,87,87,1,12,12,0.13793103448275862,0.13793103448275862,0.13793103448275862,0.09195402298850575,True,False,,,2023_12,disprot_taxon_83333_escherichia_coli_k12.json
P75862,DP03748,Escherichia coli (strain K12),83333,Bacterial,Cell division protein ZapC,zapC,180,180,1,12,12,0.06666666666666667,0.06666666666666667,0.06666666666666667,0.05,True,False,,,2024_06,disprot_taxon_83333_escherichia_coli_k12.json
P0ABT5,DP03750,Escherichia coli (strain K12),83333,Bacterial,tRNA-dihydrouridine synthase B,dusB,321,321,1,19,19,0.059190031152647975,0.059190031152647975,0.059190031152647975,0.0,True,False,,,2026_06,disprot_taxon_83333_escherichia_coli_k12.json
P0AFI0,DP03810,Escherichia coli (strain K12),83333,Bacterial,Oxalyl-CoA decarboxylase,oxc,564,564,1,13,13,0.02304964539007092,0.02304964539007092,0.02304964539007092,0.005319148936170213,True,False,,,2024_06,disprot_taxon_83333_escherichia_coli_k12.json
P33371,DP03812,Escherichia coli (strain K12),83333,Bacterial,tRNA-dihydrouridine(16) synthase,dusC,315,315,1,13,13,0.04126984126984127,0.04126984126984127,0.04126984126984127,0.0,True,False,,,2024_06,disprot_taxon_83333_escherichia_coli_k12.json
P0A6B7,DP03813,Escherichia coli (strain K12),83333,Bacterial,Cysteine desulfurase IscS,iscS,404,404,1,12,12,0.0297029702970297,0.0297029702970297,0.0297029702970297,0.019801980198019802,True,False,,,2024_06,disprot_taxon_83333_escherichia_coli_k12.json
P0ABK7,DP03852,Escherichia coli (strain K12),83333,Bacterial,Minor curlin subunit,csgB,151,151,6,151,151,1.0,1.0,1.0,0.26490066225165565,True,False,,,2022_12,disprot_taxon_83333_escherichia_coli_k12.json
P28307,DP03853,Escherichia coli (strain K12),83333,Bacterial,Major curlin subunit,csgA,151,151,20,151,151,1.0,1.0,1.0,0.2052980132450331,True,False,,,2022_12,disprot_taxon_83333_escherichia_coli_k12.json
P77526,DP03912,Escherichia coli (strain K12),83333,Bacterial,Disulfide-bond oxidoreductase YfcG,yfcG,215,215,1,11,11,0.05116279069767442,0.05116279069767442,0.05116279069767442,0.027906976744186046,True,False,,,2024_06,disprot_taxon_83333_escherichia_coli_k12.json
P0AFW0,DP03913,Escherichia coli (strain K12),83333,Bacterial,Transcription antitermination protein RfaH,rfaH,162,162,2,14,14,0.08641975308641975,0.08641975308641975,0.08641975308641975,0.14814814814814814,True,False,,,2024_06,disprot_taxon_83333_escherichia_coli_k12.json
P0A8J8,DP03947,Escherichia coli (strain K12),83333,Bacterial,ATP-dependent RNA helicase RhlB,rhlB,421,421,1,18,18,0.04275534441805225,0.04275534441805225,0.04275534441805225,0.04513064133016627,True,False,,,2024_06,disprot_taxon_83333_escherichia_coli_k12.json
P0A7I7,DP03992,Escherichia coli (strain K12),83333,Bacterial,GTP cyclohydrolase-2,ribA,196,196,1,22,22,0.11224489795918367,0.11224489795918367,0.11224489795918367,0.0,True,False,,,2024_06,disprot_taxon_83333_escherichia_coli_k12.json
P42641,DP03994,Escherichia coli (strain K12),83333,Bacterial,GTPase ObgE/CgtA,obgE,390,390,3,53,53,0.1358974358974359,0.1358974358974359,0.1358974358974359,0.12307692307692308,True,False,,,2024_06,disprot_taxon_83333_escherichia_coli_k12.json
P0A8P8,DP04066,Escherichia coli (strain K12),83333,Bacterial,Tyrosine recombinase XerD,xerD,298,298,2,10,10,0.03355704697986577,0.03355704697986577,0.03355704697986577,0.04697986577181208,True,False,,,2024_06,disprot_taxon_83333_escherichia_coli_k12.json
P0AGD7,DP04089,Escherichia coli (strain K12),83333,Bacterial,Signal recognition particle protein,ffh,453,453,1,28,28,0.06181015452538632,0.06181015452538632,0.06181015452538632,0.017660044150110375,True,False,,,2024_06,disprot_taxon_83333_escherichia_coli_k12.json
P17993,DP04102,Escherichia coli (strain K12),83333,Bacterial,Ubiquinone biosynthesis O-methyltransferase,ubiG,240,240,1,15,15,0.0625,0.0625,0.0625,0.03333333333333333,True,False,,,2024_06,disprot_taxon_83333_escherichia_coli_k12.json
P0AC51,DP04103,Escherichia coli (strain K12),83333,Bacterial,Zinc uptake regulation protein,zur,171,171,1,19,19,0.1111111111111111,0.1111111111111111,0.1111111111111111,0.029239766081871343,True,False,,,2024_06,disprot_taxon_83333_escherichia_coli_k12.json
P0A8W0,DP04110,Escherichia coli (strain K12),83333,Bacterial,HTH-type transcriptional repressor NanR,nanR,263,263,5,46,46,0.17490494296577946,0.17490494296577946,0.17490494296577946,0.057034220532319393,True,False,,,2024_06,disprot_taxon_83333_escherichia_coli_k12.json
P0AEK4,DP04364,Escherichia coli (strain K12),83333,Bacterial,Enoyl-[acyl-carrier-protein] reductase [NADH] FabI,fabI,262,262,3,10,10,0.03816793893129771,0.03816793893129771,0.03816793893129771,0.0,True,False,,,2026_06,disprot_taxon_83333_escherichia_coli_k12.json
P77488,DP04462,Escherichia coli (strain K12),83333,Bacterial,1-deoxy-D-xylulose-5-phosphate synthase,dxs,620,620,5,56,56,0.09032258064516129,0.09032258064516129,0.09032258064516129,,False,False,,,2026_06,disprot_taxon_83333_escherichia_coli_k12.json
P0A9P6,DP04493,Escherichia coli (strain K12),83333,Bacterial,ATP-dependent RNA helicase DeaD,deaD,629,629,2,65,65,0.10333863275039745,0.10333863275039745,0.10333863275039745,,False,False,,,2026_06,disprot_taxon_83333_escherichia_coli_k12.json
P0A8P3,DP04494,Escherichia coli (strain K12),83333,Bacterial,Probable Fe(2+)-trafficking protein,yggX,91,91,2,16,16,0.17582417582417584,0.17582417582417584,0.17582417582417584,,False,False,,,2026_06,disprot_taxon_83333_escherichia_coli_k12.json
Q22472,DP00613,Caenorhabditis elegans,6239,Nematode,Resistance to inhibitors of cholinesterase protein 3,ric-3,378,378,4,378,378,1.0,1.0,1.0,0.31746031746031744,True,False,UPI000007A37B,UniRef50_Q22472,2016_10,disprot_taxon_6239_caenorhabditis_elegans.json
Q9NHC3,DP00868,Caenorhabditis elegans,6239,Nematode,Cell death abnormality protein 2,ced-2,279,279,2,16,16,0.05734767025089606,0.05734767025089606,0.05734767025089606,0.14336917562724014,True,False,UPI000007F7BE,UniRef50_Q9NHC3,2016_10,disprot_taxon_6239_caenorhabditis_elegans.json
D0PV95,DP01113,Caenorhabditis elegans,6239,Nematode,ATP-dependent RNA helicase laf-1,laf-1,708,708,4,168,168,0.23728813559322035,0.23728813559322035,0.23728813559322035,0.3474576271186441,True,False,UPI0001BB3642,UniRef50_D0PV95,2018_11,disprot_taxon_6239_caenorhabditis_elegans.json
Q9N4U5,DP01313,Caenorhabditis elegans,6239,Nematode,Smu-2 suppressor of mec-8 and unc-52 protein,smu-2,547,547,3,61,61,0.11151736745886655,0.11151736745886655,0.11151736745886655,0.23948811700182815,True,False,UPI000007AF8F,UniRef50_Q9N4U5,2018_11,disprot_taxon_6239_caenorhabditis_elegans.json
O61667,DP01407,Caenorhabditis elegans,6239,Nematode,Programmed cell death activator egl-1,egl-1,106,106,1,14,14,0.1320754716981132,0.1320754716981132,0.1320754716981132,0.32075471698113206,True,False,UPI000007AC22,UniRef50_O61667,2018_11,disprot_taxon_6239_caenorhabditis_elegans.json
P54936,DP01436,Caenorhabditis elegans,6239,Nematode,Protein lin-2,lin-2,961,961,3,65,65,0.06763787721123829,0.06763787721123829,0.06763787721123829,0.15816857440166493,True,False,UPI000012E69E,UniRef50_P54936,2018_11,disprot_taxon_6239_caenorhabditis_elegans.json
P90976,DP01437,Caenorhabditis elegans,6239,Nematode,LIN-7,,297,297,3,66,66,0.2222222222222222,0.2222222222222222,0.2222222222222222,0.07744107744107744,True,False,UPI000007C31E,UniRef50_A8XCE8,2018_11,disprot_taxon_6239_caenorhabditis_elegans.json
Q9XTY3,DP01558,Caenorhabditis elegans,6239,Nematode,Seven B Two (Mammalian 7BT prohormone convertase chaperone) homolog,sbt-1,211,211,2,195,195,0.9241706161137441,0.9241706161137441,0.9241706161137441,0.15165876777251186,True,False,UPI000007873E,UniRef50_Q9XTY3,2018_11,disprot_taxon_6239_caenorhabditis_elegans.json
Q09514,DP01973,Caenorhabditis elegans,6239,Nematode,GLoBin related,glb-12,266,266,3,84,84,0.3157894736842105,0.3157894736842105,0.3157894736842105,0.14285714285714285,True,False,UPI0000076BDD,UniRef50_Q09514,2018_11,disprot_taxon_6239_caenorhabditis_elegans.json
P30429-1,DP02025,Caenorhabditis elegans,6239,Nematode,Cell death protein 4,ced-4,571,571,3,108,108,0.18914185639229422,0.18914185639229422,0.18914185639229422,0.06830122591943957,True,False,UPI00001274C8,UniRef50_P30429,2018_11,disprot_taxon_6239_caenorhabditis_elegans.json
Q9U3S5,DP02216,Caenorhabditis elegans,6239,Nematode,MUTator,mut-16,1050,1050,11,681,681,0.6485714285714286,0.6485714285714286,0.6485714285714286,0.6752380952380952,True,False,UPI0000DD084F,UniRef50_O62011,2018_11,disprot_taxon_6239_caenorhabditis_elegans.json
Q8IG33,DP02313,Caenorhabditis elegans,6239,Nematode,Boca/MESD chaperone for YWTD beta-propeller-EGF,bmy-1,186,186,1,71,71,0.3817204301075269,0.3817204301075269,0.3817204301075269,0.03225806451612903,True,False,UPI00000851E4,UniRef50_Q8IG33,2018_11,disprot_taxon_6239_caenorhabditis_elegans.json
Q9GRZ3,DP02377,Caenorhabditis elegans,6239,Nematode,Lysine-specific demethylase 9,dpy-21,1641,1641,2,59,59,0.03595368677635588,0.03595368677635588,0.03595368677635588,0.6447288238878732,True,False,UPI00000612E3,UniRef50_Q9GRZ3,2023_12,disprot_taxon_6239_caenorhabditis_elegans.json
Q09260,DP02378,Caenorhabditis elegans,6239,Nematode,Protein lag-3,sel-8,490,490,1,18,18,0.036734693877551024,0.036734693877551024,0.036734693877551024,0.45102040816326533,True,False,UPI000002AD0D,UniRef50_Q09260,2020_12,disprot_taxon_6239_caenorhabditis_elegans.json
P34257,DP02799,Caenorhabditis elegans,6239,Nematode,Transposable element Tc3 transposase,tc3a,329,329,2,32,32,0.0972644376899696,0.0972644376899696,0.0972644376899696,0.0060790273556231,True,False,UPI0000136AB1,UniRef50_P34257,2021_06,disprot_taxon_6239_caenorhabditis_elegans.json
O01479,DP02982,Caenorhabditis elegans,6239,Nematode,Tropomodulin,unc-94,392,392,1,26,26,0.0663265306122449,0.0663265306122449,0.0663265306122449,0.1096938775510204,True,False,UPI00000749DC,UniRef50_O01479,2020_12,disprot_taxon_6239_caenorhabditis_elegans.json
P09446,DP02984,Caenorhabditis elegans,6239,Nematode,Heat shock protein hsp-1,hsp-1,640,640,1,26,26,0.040625,0.040625,0.040625,0.05,True,False,UPI000012CC87,UniRef50_P09446,2020_12,disprot_taxon_6239_caenorhabditis_elegans.json
Q22942,DP02987,Caenorhabditis elegans,6239,Nematode,Choline kinase A2,cka-2,429,429,2,63,63,0.14685314685314685,0.14685314685314685,0.14685314685314685,0.10256410256410256,True,False,UPI000017B85E,UniRef50_Q22942,2020_12,disprot_taxon_6239_caenorhabditis_elegans.json
P34704,DP02988,Caenorhabditis elegans,6239,Nematode,Protein her-1,her-1,175,175,1,11,11,0.06285714285714286,0.06285714285714286,0.06285714285714286,0.08571428571428572,True,False,UPI000012C613,UniRef50_P34704,2020_12,disprot_taxon_6239_caenorhabditis_elegans.json
Q03611,DP02989,Caenorhabditis elegans,6239,Nematode,Cyclic nucleotide-gated cation channel,tax-4,733,733,4,219,219,0.2987721691678035,0.2987721691678035,0.2987721691678035,0.1869031377899045,True,False,UPI0000127C24,UniRef50_Q03611,2020_12,disprot_taxon_6239_caenorhabditis_elegans.json
Q9U489,DP02990,Caenorhabditis elegans,6239,Nematode,Protein lin-41,lin-41,1147,1147,1,28,28,0.024411508282476024,0.024411508282476024,0.024411508282476024,0.4350479511769834,True,False,UPI0000075D8E,UniRef50_Q9U489,2020_12,disprot_taxon_6239_caenorhabditis_elegans.json
Q9XTW2,DP02991,Caenorhabditis elegans,6239,Nematode,Extracellular serine/threonine protein kinase CeFam20,famk-1,512,512,2,35,35,0.068359375,0.068359375,0.068359375,0.107421875,True,False,UPI000004E688,UniRef50_Q9XTW2,2020_12,disprot_taxon_6239_caenorhabditis_elegans.json
P34808,DP02999,Caenorhabditis elegans,6239,Nematode,Meiotic spindle formation protein mei-1,mei-1,472,472,7,182,182,0.3855932203389831,0.3855932203389831,0.3855932203389831,0.1440677966101695,True,False,UPI000012EEBA,UniRef50_P34808,2021_12,disprot_taxon_6239_caenorhabditis_elegans.json
P30429-2,DP03045,Caenorhabditis elegans,6239,Nematode,Isoform a of Cell death protein 4,ced-4,549,549,1,105,105,0.1912568306010929,0.1912568306010929,0.1912568306010929,,False,False,UPI00001274C8,,2021_12,disprot_taxon_6239_caenorhabditis_elegans.json
O62301,DP03047,Caenorhabditis elegans,6239,Nematode,Protein smg-8,smg-8,873,873,2,51,51,0.058419243986254296,0.058419243986254296,0.058419243986254296,0.10652920962199312,True,False,UPI000007A7E8,UniRef50_O62301,2021_12,disprot_taxon_6239_caenorhabditis_elegans.json
Q9XWJ1,DP03048,Caenorhabditis elegans,6239,Nematode,Protein smg-9,smg-9,385,385,8,83,83,0.21558441558441557,0.21558441558441557,0.21558441558441557,0.21298701298701297,True,False,UPI0000075C7C,UniRef50_Q9XWJ1,2021_12,disprot_taxon_6239_caenorhabditis_elegans.json
Q18235,DP03049,Caenorhabditis elegans,6239,Nematode,Securin-like protein,ify-1,244,244,6,169,169,0.6926229508196722,0.6926229508196722,0.6926229508196722,0.3442622950819672,True,False,UPI000007E1A1,UniRef50_Q18235,2021_12,disprot_taxon_6239_caenorhabditis_elegans.json
G5ED39,DP03050,Caenorhabditis elegans,6239,Nematode,Separin homolog sep-1,sep-1,1262,1262,4,227,227,0.17987321711568938,0.17987321711568938,0.17987321711568938,0.16957210776545167,True,False,UPI0000055FF8,UniRef50_G5ED39,2021_12,disprot_taxon_6239_caenorhabditis_elegans.json
P91870,DP03054,Caenorhabditis elegans,6239,Nematode,Spindle-defective protein 2,spd-2,824,824,6,46,46,0.055825242718446605,0.055825242718446605,0.055825242718446605,0.5461165048543689,True,False,UPI0000080414,UniRef50_P91870,2023_12,disprot_taxon_6239_caenorhabditis_elegans.json
Q20728,DP03057,Caenorhabditis elegans,6239,Nematode,Tubulin-specific chaperone B,tbcb-1,229,229,3,30,30,0.13100436681222707,0.13100436681222707,0.13100436681222707,0.026200873362445413,True,False,UPI000013C244,UniRef50_Q20728,2021_12,disprot_taxon_6239_caenorhabditis_elegans.json
P24348,DP03068,Caenorhabditis elegans,6239,Nematode,Receptor tyrosine-protein kinase let-23,let-23,1323,1323,3,12,12,0.009070294784580499,0.009070294784580499,0.009070294784580499,0.14285714285714285,True,False,UPI0000164043,UniRef50_P24348,2023_12,disprot_taxon_6239_caenorhabditis_elegans.json
P34712,DP03069,Caenorhabditis elegans,6239,Nematode,Multidrug resistance protein pgp-1,pgp-1,1321,1321,4,65,65,0.04920514761544285,0.04920514761544285,0.04920514761544285,0.07418622255866768,True,False,UPI000012EE81,UniRef50_P34712,2021_12,disprot_taxon_6239_caenorhabditis_elegans.json
Q20363,DP03090,Caenorhabditis elegans,6239,Nematode,Stress-induced protein 1,sip-1,159,159,1,17,17,0.1069182389937107,0.1069182389937107,0.1069182389937107,0.09433962264150944,True,False,UPI0000082588,UniRef50_Q20363,2021_12,disprot_taxon_6239_caenorhabditis_elegans.json
O44326,DP03102,Caenorhabditis elegans,6239,Nematode,Beta-catenin-like protein hmp-2,hmp-2,678,678,3,66,66,0.09734513274336283,0.09734513274336283,0.09734513274336283,0.11356932153392331,True,False,UPI0000082583,UniRef50_O44326,2021_12,disprot_taxon_6239_caenorhabditis_elegans.json
Q967F4,DP03105,Caenorhabditis elegans,6239,Nematode,Cadherin-related hmr-1,hmr-1,2920,2920,5,80,80,0.0273972602739726,0.0273972602739726,0.0273972602739726,,False,False,UPI000007DA26,UniRef50_Q967F4,2023_12,disprot_taxon_6239_caenorhabditis_elegans.json
P34369,DP03106,Caenorhabditis elegans,6239,Nematode,Pre-mRNA-splicing factor 8 homolog,prp-8,2329,2329,1,22,22,0.009446114212108201,0.009446114212108201,0.009446114212108201,0.03349076857020181,True,False,UPI000013B834,UniRef50_P34369,2021_12,disprot_taxon_6239_caenorhabditis_elegans.json
Q23229,DP03107,Caenorhabditis elegans,6239,Nematode,XO lethal protein 1,xol-1,417,417,1,10,10,0.023980815347721823,0.023980815347721823,0.023980815347721823,0.11510791366906475,True,False,UPI000007901D,UniRef50_Q23229,2021_12,disprot_taxon_6239_caenorhabditis_elegans.json
Q9XWG3,DP03217,Caenorhabditis elegans,6239,Nematode,5'-tyrosyl-DNA phosphodiesterase,,362,362,3,34,34,0.09392265193370165,0.09392265193370165,0.09392265193370165,0.09392265193370165,True,False,UPI000008191F,UniRef50_Q9XWG3,2021_12,disprot_taxon_6239_caenorhabditis_elegans.json
O76463,DP03218,Caenorhabditis elegans,6239,Nematode,Nitrilase and fragile histidine triad fusion protein NitFhit,nft-1,440,440,1,19,19,0.04318181818181818,0.04318181818181818,0.04318181818181818,0.025,True,False,UPI00000612CD,UniRef50_O76463,2021_12,disprot_taxon_6239_caenorhabditis_elegans.json
Q9U3N4,DP03219,Caenorhabditis elegans,6239,Nematode,Innexin-6,inx-6,389,389,3,44,44,0.11311053984575835,0.11311053984575835,0.11311053984575835,0.015424164524421594,True,False,UPI000012D736,UniRef50_Q9U3N4,2021_12,disprot_taxon_6239_caenorhabditis_elegans.json
P52874,DP03239,Caenorhabditis elegans,6239,Nematode,Protein clpf-1,clpf-1,428,428,1,17,17,0.0397196261682243,0.0397196261682243,0.0397196261682243,0.007009345794392523,True,False,UPI000006109C,UniRef50_P52874,2021_12,disprot_taxon_6239_caenorhabditis_elegans.json
G5EFZ1,DP03302,Caenorhabditis elegans,6239,Nematode,"2,3-bisphosphoglycerate-independent phosphoglycerate mutase",ipgm-1,539,539,2,39,39,0.07235621521335807,0.07235621521335807,0.07235621521335807,0.03710575139146568,True,False,UPI000008014B,UniRef50_G5EFZ1,2021_12,disprot_taxon_6239_caenorhabditis_elegans.json
O16299,DP03317,Caenorhabditis elegans,6239,Nematode,Fidgetin-like protein 1,figl-1,594,594,1,25,25,0.04208754208754209,0.04208754208754209,0.04208754208754209,0.3787878787878788,True,False,UPI0000074E0E,UniRef50_O16299,2021_06,disprot_taxon_6239_caenorhabditis_elegans.json
Q95ZK7,DP03318,Caenorhabditis elegans,6239,Nematode,Defective in germ line development protein 3,gld-3,969,969,2,10,10,0.010319917440660475,0.010319917440660475,0.010319917440660475,0.5118679050567595,True,False,UPI000007C575,UniRef50_Q95ZK7,2021_12,disprot_taxon_6239_caenorhabditis_elegans.json
O17087,DP03319,Caenorhabditis elegans,6239,Nematode,Poly(A) RNA polymerase gld-2,gld-2,1113,1113,2,48,48,0.0431266846361186,0.0431266846361186,0.0431266846361186,0.6594788858939802,True,False,UPI0000083E0B,UniRef50_O17087,2021_12,disprot_taxon_6239_caenorhabditis_elegans.json
P46580,DP03320,Caenorhabditis elegans,6239,Nematode,Protein arginine N-methyltransferase 5,prmt-5,734,734,8,94,94,0.12806539509536785,0.12806539509536785,0.12806539509536785,0.07356948228882834,True,False,UPI000007854E,UniRef50_P46580,2023_12,disprot_taxon_6239_caenorhabditis_elegans.json
Q94218-2,DP03322,Caenorhabditis elegans,6239,Nematode,Isoform b of Ufm1-specific protease,odr-8,575,575,2,32,32,0.05565217391304348,0.05565217391304348,0.05565217391304348,,False,False,UPI0000185C15,,2021_12,disprot_taxon_6239_caenorhabditis_elegans.json
P90947,DP03334,Caenorhabditis elegans,6239,Nematode,Alpha-catenin-like protein hmp-1,hmp-1,927,927,1,11,11,0.011866235167206042,0.011866235167206042,0.011866235167206042,0.09600862998921252,True,False,UPI0000077DB1,UniRef50_P90947,2023_12,disprot_taxon_6239_caenorhabditis_elegans.json
P42573,DP03335,Caenorhabditis elegans,6239,Nematode,Cell death protein 3,ced-3,503,503,1,37,37,0.073558648111332,0.073558648111332,0.073558648111332,0.2982107355864811,True,False,UPI000014D795,UniRef50_P42573,2021_06,disprot_taxon_6239_caenorhabditis_elegans.json
O62479,DP03340,Caenorhabditis elegans,6239,Nematode,Spindle assembly abnormal protein 6,sas-6,492,492,2,22,22,0.044715447154471545,0.044715447154471545,0.044715447154471545,0.22764227642276422,True,False,UPI000007B7D7,UniRef50_O62479,2021_12,disprot_taxon_6239_caenorhabditis_elegans.json
Q09535,DP03472,Caenorhabditis elegans,6239,Nematode,Putative pachytene checkpoint protein 2,pch-2,424,424,3,33,33,0.07783018867924528,0.07783018867924528,0.07783018867924528,0.007075471698113208,True,False,,UniRef50_Q09535,2021_12,disprot_taxon_6239_caenorhabditis_elegans.json
Q9U1W1,DP03929,Caenorhabditis elegans,6239,Nematode,Protein tfg-1,tfg-1,486,486,1,292,292,0.6008230452674898,0.6008230452674898,0.6008230452674898,0.3683127572016461,True,False,,,2024_06,disprot_taxon_6239_caenorhabditis_elegans.json
Q20010,DP03941,Caenorhabditis elegans,6239,Nematode,Spindle assembly abnormal protein 5,sas-5,404,404,2,257,257,0.6361386138613861,0.6361386138613861,0.6361386138613861,0.49257425742574257,True,False,,,2024_06,disprot_taxon_6239_caenorhabditis_elegans.json
P34413,DP03942,Caenorhabditis elegans,6239,Nematode,C-mannosyltransferase dpy-19,dpy-19,683,683,1,22,22,0.032210834553440704,0.032210834553440704,0.032210834553440704,0.02635431918008785,True,False,,,2024_06,disprot_taxon_6239_caenorhabditis_elegans.json
G5EFU3,DP04007,Caenorhabditis elegans,6239,Nematode,Ce-LEA,lea-1,733,733,3,477,477,0.6507503410641201,0.6507503410641201,0.6507503410641201,0.9781718963165075,True,False,,,2024_06,disprot_taxon_6239_caenorhabditis_elegans.json
Q09312,DP04142,Caenorhabditis elegans,6239,Nematode,Fem-3 mRNA-binding factor 2,fbf-2,632,632,9,63,63,0.09968354430379747,0.09968354430379747,0.09968354430379747,0.34177215189873417,True,False,,,2024_06,disprot_taxon_6239_caenorhabditis_elegans.json
G5EET6,DP04327,Caenorhabditis elegans,6239,Nematode,Exchange factor for Arf-6,efa-6,818,818,13,289,289,0.3533007334963325,0.3533007334963325,0.3533007334963325,0.49877750611246946,True,False,,,2026_06,disprot_taxon_6239_caenorhabditis_elegans.json
P34707,DP04531,Caenorhabditis elegans,6239,Nematode,Protein skinhead-1,skn-1,623,623,16,85,85,0.13643659711075443,0.13643659711075443,0.13643659711075443,,False,False,,,2026_06,disprot_taxon_6239_caenorhabditis_elegans.json
